mode: set
subsnotifpro-go/cmd/api/main.go:22.13,31.16 4 0
subsnotifpro-go/cmd/api/main.go:31.16,33.3 1 0
subsnotifpro-go/cmd/api/main.go:34.2,34.15 1 0
subsnotifpro-go/cmd/api/main.go:34.15,35.43 1 0
subsnotifpro-go/cmd/api/main.go:35.43,37.4 1 0
subsnotifpro-go/cmd/api/main.go:41.2,48.55 2 0
subsnotifpro-go/cmd/api/main.go:48.55,49.33 1 0
subsnotifpro-go/cmd/api/main.go:49.33,51.35 2 0
subsnotifpro-go/cmd/api/main.go:51.35,53.6 1 0
subsnotifpro-go/cmd/api/main.go:55.4,55.14 1 0
subsnotifpro-go/cmd/api/main.go:57.37,59.4 1 0
subsnotifpro-go/cmd/api/main.go:61.2,61.16 1 0
subsnotifpro-go/cmd/api/main.go:61.16,63.3 1 0
subsnotifpro-go/cmd/api/main.go:66.2,66.52 1 0
subsnotifpro-go/cmd/api/main.go:66.52,68.3 1 0
subsnotifpro-go/cmd/api/main.go:71.2,71.45 1 0
subsnotifpro-go/cmd/api/main.go:71.45,73.3 1 0
subsnotifpro-go/cmd/api/main.go:77.55,78.42 1 0
subsnotifpro-go/cmd/api/main.go:78.42,80.3 1 0
subsnotifpro-go/cmd/api/main.go:81.2,81.21 1 0
subsnotifpro-go/cmd/api/app/application.go:57.112,60.44 2 0
subsnotifpro-go/cmd/api/app/application.go:60.44,62.3 1 0
subsnotifpro-go/cmd/api/app/application.go:65.2,76.27 3 0
subsnotifpro-go/cmd/api/app/application.go:76.27,77.34 1 0
subsnotifpro-go/cmd/api/app/application.go:77.34,79.4 1 0
subsnotifpro-go/cmd/api/app/application.go:82.2,88.17 2 0
subsnotifpro-go/cmd/api/app/application.go:92.73,93.38 1 0
subsnotifpro-go/cmd/api/app/application.go:93.38,96.3 2 0
subsnotifpro-go/cmd/api/app/application.go:100.59,101.38 1 0
subsnotifpro-go/cmd/api/app/application.go:101.38,104.3 2 0
subsnotifpro-go/cmd/api/app/application.go:108.58,109.38 1 0
subsnotifpro-go/cmd/api/app/application.go:109.38,112.3 2 0
subsnotifpro-go/cmd/api/app/application.go:116.63,120.29 2 0
subsnotifpro-go/cmd/api/app/application.go:120.29,122.3 1 0
subsnotifpro-go/cmd/api/app/application.go:125.2,125.51 1 0
subsnotifpro-go/cmd/api/app/application.go:125.51,127.3 1 0
subsnotifpro-go/cmd/api/app/application.go:129.2,130.12 2 0
subsnotifpro-go/cmd/api/app/application.go:134.56,136.27 1 0
subsnotifpro-go/cmd/api/app/application.go:136.27,137.45 1 0
subsnotifpro-go/cmd/api/app/application.go:137.45,139.4 1 0
subsnotifpro-go/cmd/api/app/application.go:143.2,146.12 2 0
subsnotifpro-go/cmd/api/app/application.go:146.12,148.88 2 0
subsnotifpro-go/cmd/api/app/application.go:148.88,150.4 1 0
subsnotifpro-go/cmd/api/app/application.go:154.2,154.12 1 0
subsnotifpro-go/cmd/api/app/application.go:154.12,156.91 2 0
subsnotifpro-go/cmd/api/app/application.go:156.91,158.4 1 0
subsnotifpro-go/cmd/api/app/application.go:162.2,165.42 2 0
subsnotifpro-go/cmd/api/app/application.go:169.61,177.27 4 0
subsnotifpro-go/cmd/api/app/application.go:177.27,178.62 1 0
subsnotifpro-go/cmd/api/app/application.go:178.62,180.4 1 0
subsnotifpro-go/cmd/api/app/application.go:183.2,183.30 1 0
subsnotifpro-go/cmd/api/app/application.go:183.30,184.65 1 0
subsnotifpro-go/cmd/api/app/application.go:184.65,186.4 1 0
subsnotifpro-go/cmd/api/app/application.go:190.2,190.44 1 0
subsnotifpro-go/cmd/api/app/application.go:190.44,191.35 1 0
subsnotifpro-go/cmd/api/app/application.go:191.35,195.4 1 0
subsnotifpro-go/cmd/api/app/application.go:198.2,199.12 2 0
subsnotifpro-go/cmd/api/app/application.go:203.52,205.2 1 0
subsnotifpro-go/cmd/api/app/application.go:208.51,210.2 1 0
subsnotifpro-go/cmd/api/app/application.go:213.50,215.2 1 0
subsnotifpro-go/cmd/api/app/application.go:219.70,240.2 6 0
subsnotifpro-go/cmd/api/app/application.go:242.60,265.2 7 0
subsnotifpro-go/cmd/api/app/application.go:267.71,268.30 1 0
subsnotifpro-go/cmd/api/app/application.go:268.30,270.26 2 0
subsnotifpro-go/cmd/api/app/application.go:270.26,272.4 1 0
subsnotifpro-go/cmd/api/app/application.go:273.3,275.11 3 0
subsnotifpro-go/cmd/api/app/application.go:279.67,280.30 1 0
subsnotifpro-go/cmd/api/app/application.go:280.30,292.27 9 0
subsnotifpro-go/cmd/api/app/application.go:292.27,294.4 1 0
subsnotifpro-go/cmd/api/app/application.go:296.3,302.4 1 0
subsnotifpro-go/cmd/api/app/application.go:306.60,317.41 4 0
subsnotifpro-go/cmd/api/app/application.go:317.41,318.36 1 0
subsnotifpro-go/cmd/api/app/application.go:318.36,324.4 2 0
subsnotifpro-go/cmd/api/app/application.go:328.2,328.70 1 0
subsnotifpro-go/cmd/api/app/application.go:328.70,330.46 2 0
subsnotifpro-go/cmd/api/app/application.go:330.46,336.4 2 0
subsnotifpro-go/cmd/api/app/application.go:336.9,340.4 1 0
subsnotifpro-go/cmd/api/app/application.go:342.3,342.63 1 0
subsnotifpro-go/cmd/api/app/application.go:342.63,344.53 2 0
subsnotifpro-go/cmd/api/app/application.go:344.53,350.5 2 0
subsnotifpro-go/cmd/api/app/application.go:350.10,354.5 1 0
subsnotifpro-go/cmd/api/app/application.go:358.2,359.14 2 0
subsnotifpro-go/cmd/api/app/application.go:359.14,363.3 3 0
subsnotifpro-go/cmd/api/app/application.go:365.2,365.31 1 0
subsnotifpro-go/cmd/api/app/application.go:368.63,377.29 3 0
subsnotifpro-go/cmd/api/app/application.go:377.29,380.3 2 0
subsnotifpro-go/cmd/api/app/application.go:382.2,384.11 2 0
subsnotifpro-go/cmd/api/app/application.go:384.11,386.3 1 0
subsnotifpro-go/cmd/api/app/application.go:386.8,388.3 1 0
subsnotifpro-go/cmd/api/app/application.go:391.62,398.2 1 0
subsnotifpro-go/cmd/api/app/application.go:400.64,407.2 6 0
subsnotifpro-go/cmd/api/app/application.go:409.88,414.9 3 0
subsnotifpro-go/cmd/api/app/application.go:415.24,417.13 2 0
subsnotifpro-go/cmd/api/app/application.go:418.24,420.27 2 0
subsnotifpro-go/cmd/api/app/application.go:426.47,427.26 1 0
subsnotifpro-go/cmd/api/app/application.go:427.26,429.3 1 0
subsnotifpro-go/cmd/api/app/application.go:430.2,430.29 1 0
subsnotifpro-go/cmd/api/app/application.go:430.29,432.3 1 0
subsnotifpro-go/cmd/api/app/application.go:433.2,433.29 1 0
subsnotifpro-go/cmd/api/app/application.go:433.29,435.3 1 0
subsnotifpro-go/cmd/api/app/application.go:436.2,436.12 1 0
subsnotifpro-go/cmd/legacy/worker/worker_main_legacy.go:50.13,63.16 6 0
subsnotifpro-go/cmd/legacy/worker/worker_main_legacy.go:63.16,65.3 1 0
subsnotifpro-go/cmd/legacy/worker/worker_main_legacy.go:66.2,71.55 4 0
subsnotifpro-go/cmd/legacy/worker/worker_main_legacy.go:71.55,73.16 2 0
subsnotifpro-go/cmd/legacy/worker/worker_main_legacy.go:73.16,76.4 2 0
subsnotifpro-go/cmd/legacy/worker/worker_main_legacy.go:79.3,80.17 2 0
subsnotifpro-go/cmd/legacy/worker/worker_main_legacy.go:80.17,82.4 1 0
subsnotifpro-go/cmd/legacy/worker/worker_main_legacy.go:86.2,87.16 2 0
subsnotifpro-go/cmd/legacy/worker/worker_main_legacy.go:87.16,89.3 1 0
subsnotifpro-go/cmd/legacy/worker/worker_main_legacy.go:90.2,90.15 1 0
subsnotifpro-go/cmd/legacy/worker/worker_main_legacy.go:90.15,93.3 2 0
subsnotifpro-go/cmd/legacy/worker/worker_main_legacy.go:98.2,143.68 29 0
subsnotifpro-go/cmd/legacy/worker/worker_main_legacy.go:143.68,148.13 3 0
subsnotifpro-go/cmd/legacy/worker/worker_main_legacy.go:148.13,151.4 2 0
subsnotifpro-go/cmd/legacy/worker/worker_main_legacy.go:153.3,159.13 4 0
subsnotifpro-go/cmd/legacy/worker/worker_main_legacy.go:159.13,162.4 2 0
subsnotifpro-go/cmd/legacy/worker/worker_main_legacy.go:164.3,179.13 5 0
subsnotifpro-go/cmd/legacy/worker/worker_main_legacy.go:179.13,182.4 2 0
subsnotifpro-go/cmd/legacy/worker/worker_main_legacy.go:184.3,184.80 1 0
subsnotifpro-go/cmd/legacy/worker/worker_main_legacy.go:185.8,185.64 1 0
subsnotifpro-go/cmd/legacy/worker/worker_main_legacy.go:185.64,188.17 2 0
subsnotifpro-go/cmd/legacy/worker/worker_main_legacy.go:188.17,192.4 1 0
subsnotifpro-go/cmd/legacy/worker/worker_main_legacy.go:192.9,194.4 1 0
subsnotifpro-go/cmd/legacy/worker/worker_main_legacy.go:198.3,198.71 1 0
subsnotifpro-go/cmd/legacy/worker/worker_main_legacy.go:202.2,217.12 8 0
subsnotifpro-go/cmd/legacy/worker/worker_main_legacy.go:217.12,220.3 2 0
subsnotifpro-go/cmd/legacy/worker/worker_main_legacy.go:223.2,223.9 1 0
subsnotifpro-go/cmd/legacy/worker/worker_main_legacy.go:224.22,225.57 1 0
subsnotifpro-go/cmd/legacy/worker/worker_main_legacy.go:226.37,227.63 1 0
subsnotifpro-go/cmd/legacy/worker/worker_main_legacy.go:230.2,230.46 1 0
subsnotifpro-go/cmd/legacy/api/api_main_legacy.go:58.13,76.16 6 0
subsnotifpro-go/cmd/legacy/api/api_main_legacy.go:76.16,78.3 1 0
subsnotifpro-go/cmd/legacy/api/api_main_legacy.go:79.2,90.16 7 0
subsnotifpro-go/cmd/legacy/api/api_main_legacy.go:90.16,92.3 1 0
subsnotifpro-go/cmd/legacy/api/api_main_legacy.go:93.2,101.55 5 0
subsnotifpro-go/cmd/legacy/api/api_main_legacy.go:101.55,107.17 4 0
subsnotifpro-go/cmd/legacy/api/api_main_legacy.go:107.17,109.4 1 0
subsnotifpro-go/cmd/legacy/api/api_main_legacy.go:110.3,113.64 2 0
subsnotifpro-go/cmd/legacy/api/api_main_legacy.go:113.64,115.4 1 0
subsnotifpro-go/cmd/legacy/api/api_main_legacy.go:118.3,118.66 1 0
subsnotifpro-go/cmd/legacy/api/api_main_legacy.go:122.2,122.57 1 0
subsnotifpro-go/cmd/legacy/api/api_main_legacy.go:122.57,124.44 1 0
subsnotifpro-go/cmd/legacy/api/api_main_legacy.go:124.44,128.4 1 0
subsnotifpro-go/cmd/legacy/api/api_main_legacy.go:133.2,232.12 48 0
subsnotifpro-go/cmd/legacy/api/api_main_legacy.go:232.12,235.80 3 0
subsnotifpro-go/cmd/legacy/api/api_main_legacy.go:235.80,237.4 1 0
subsnotifpro-go/cmd/legacy/api/api_main_legacy.go:241.2,246.27 4 0
subsnotifpro-go/cmd/legacy/api/api_main_legacy.go:247.36,248.24 1 0
subsnotifpro-go/cmd/legacy/api/api_main_legacy.go:248.24,250.4 1 0
subsnotifpro-go/cmd/legacy/api/api_main_legacy.go:251.38,252.49 1 0
subsnotifpro-go/cmd/legacy/api/api_main_legacy.go:253.10,254.67 1 0
subsnotifpro-go/cmd/legacy/api/api_main_legacy.go:257.2,272.53 9 0
subsnotifpro-go/cmd/legacy/api/api_main_legacy.go:272.53,274.3 1 0
subsnotifpro-go/cmd/legacy/api/api_main_legacy.go:277.2,279.45 2 0
subsnotifpro-go/cmd/legacy/api/api_main_legacy.go:282.29,283.60 1 0
subsnotifpro-go/cmd/legacy/api/api_main_legacy.go:283.60,284.59 1 0
subsnotifpro-go/cmd/legacy/api/api_main_legacy.go:284.59,286.4 1 0
subsnotifpro-go/cmd/legacy/api/api_main_legacy.go:288.2,288.42 1 0
subsnotifpro-go/cmd/worker/main.go:54.13,63.16 4 0
subsnotifpro-go/cmd/worker/main.go:63.16,65.3 1 0
subsnotifpro-go/cmd/worker/main.go:66.2,66.15 1 0
subsnotifpro-go/cmd/worker/main.go:66.15,67.43 1 0
subsnotifpro-go/cmd/worker/main.go:67.43,69.4 1 0
subsnotifpro-go/cmd/worker/main.go:73.2,74.16 2 0
subsnotifpro-go/cmd/worker/main.go:74.16,76.3 1 0
subsnotifpro-go/cmd/worker/main.go:79.2,83.55 1 0
subsnotifpro-go/cmd/worker/main.go:83.55,85.42 1 0
subsnotifpro-go/cmd/worker/main.go:85.42,87.5 1 0
subsnotifpro-go/cmd/worker/main.go:88.4,88.14 1 0
subsnotifpro-go/cmd/worker/main.go:90.37,92.42 1 0
subsnotifpro-go/cmd/worker/main.go:92.42,94.5 1 0
subsnotifpro-go/cmd/worker/main.go:95.4,95.41 1 0
subsnotifpro-go/cmd/worker/main.go:95.41,97.5 1 0
subsnotifpro-go/cmd/worker/main.go:98.4,98.28 1 0
subsnotifpro-go/cmd/worker/main.go:101.2,101.16 1 0
subsnotifpro-go/cmd/worker/main.go:101.16,103.3 1 0
subsnotifpro-go/cmd/worker/main.go:106.2,106.52 1 0
subsnotifpro-go/cmd/worker/main.go:106.52,108.3 1 0
subsnotifpro-go/cmd/worker/main.go:111.2,111.45 1 0
subsnotifpro-go/cmd/worker/main.go:111.45,113.3 1 0
subsnotifpro-go/cmd/worker/main.go:117.141,125.16 4 0
subsnotifpro-go/cmd/worker/main.go:125.16,127.3 1 0
subsnotifpro-go/cmd/worker/main.go:130.2,132.55 3 0
subsnotifpro-go/cmd/worker/main.go:132.55,137.17 3 0
subsnotifpro-go/cmd/worker/main.go:137.17,139.4 1 0
subsnotifpro-go/cmd/worker/main.go:143.2,144.16 2 0
subsnotifpro-go/cmd/worker/main.go:144.16,146.3 1 0
subsnotifpro-go/cmd/worker/main.go:149.2,150.68 2 0
subsnotifpro-go/cmd/worker/main.go:150.68,162.3 1 0
subsnotifpro-go/cmd/worker/main.go:162.8,162.64 1 0
subsnotifpro-go/cmd/worker/main.go:162.64,165.3 1 0
subsnotifpro-go/cmd/worker/main.go:167.2,175.18 3 0
subsnotifpro-go/cmd/worker/main.go:208.174,278.2 30 0
subsnotifpro-go/cmd/worker/main.go:281.55,282.42 1 0
subsnotifpro-go/cmd/worker/main.go:282.42,284.3 1 0
subsnotifpro-go/cmd/worker/main.go:285.2,285.21 1 0
subsnotifpro-go/cmd/worker/app/application.go:74.112,77.44 2 0
subsnotifpro-go/cmd/worker/app/application.go:77.44,79.3 1 0
subsnotifpro-go/cmd/worker/app/application.go:82.2,94.27 3 0
subsnotifpro-go/cmd/worker/app/application.go:94.27,95.34 1 0
subsnotifpro-go/cmd/worker/app/application.go:95.34,97.4 1 0
subsnotifpro-go/cmd/worker/app/application.go:100.2,107.17 2 0
subsnotifpro-go/cmd/worker/app/application.go:111.67,112.38 1 0
subsnotifpro-go/cmd/worker/app/application.go:112.38,115.3 2 0
subsnotifpro-go/cmd/worker/app/application.go:119.59,120.38 1 0
subsnotifpro-go/cmd/worker/app/application.go:120.38,123.3 2 0
subsnotifpro-go/cmd/worker/app/application.go:127.58,128.38 1 0
subsnotifpro-go/cmd/worker/app/application.go:128.38,131.3 2 0
subsnotifpro-go/cmd/worker/app/application.go:135.63,139.29 2 0
subsnotifpro-go/cmd/worker/app/application.go:139.29,141.3 1 0
subsnotifpro-go/cmd/worker/app/application.go:144.2,144.53 1 0
subsnotifpro-go/cmd/worker/app/application.go:144.53,146.3 1 0
subsnotifpro-go/cmd/worker/app/application.go:148.2,149.12 2 0
subsnotifpro-go/cmd/worker/app/application.go:153.56,155.29 1 0
subsnotifpro-go/cmd/worker/app/application.go:155.29,156.45 1 0
subsnotifpro-go/cmd/worker/app/application.go:156.45,158.4 1 0
subsnotifpro-go/cmd/worker/app/application.go:162.2,166.54 3 0
subsnotifpro-go/cmd/worker/app/application.go:166.54,168.3 1 0
subsnotifpro-go/cmd/worker/app/application.go:171.2,174.47 2 0
subsnotifpro-go/cmd/worker/app/application.go:178.61,189.55 5 0
subsnotifpro-go/cmd/worker/app/application.go:189.55,191.3 1 0
subsnotifpro-go/cmd/worker/app/application.go:194.2,195.12 2 0
subsnotifpro-go/cmd/worker/app/application.go:195.12,198.3 2 0
subsnotifpro-go/cmd/worker/app/application.go:200.2,200.9 1 0
subsnotifpro-go/cmd/worker/app/application.go:201.21,202.56 1 0
subsnotifpro-go/cmd/worker/app/application.go:203.28,204.60 1 0
subsnotifpro-go/cmd/worker/app/application.go:208.2,208.44 1 0
subsnotifpro-go/cmd/worker/app/application.go:208.44,209.35 1 0
subsnotifpro-go/cmd/worker/app/application.go:209.35,213.4 1 0
subsnotifpro-go/cmd/worker/app/application.go:216.2,217.12 2 0
subsnotifpro-go/cmd/worker/app/application.go:221.52,223.2 1 0
subsnotifpro-go/cmd/worker/app/application.go:226.51,228.2 1 0
subsnotifpro-go/cmd/worker/app/application.go:231.50,233.2 1 0
subsnotifpro-go/cmd/worker/app/application.go:236.63,238.2 1 0
subsnotifpro-go/cmd/worker/app/application.go:242.72,243.46 1 0
subsnotifpro-go/cmd/worker/app/application.go:243.46,245.3 1 0
subsnotifpro-go/cmd/worker/app/application.go:248.2,248.62 1 0
subsnotifpro-go/cmd/worker/app/application.go:248.62,249.46 1 0
subsnotifpro-go/cmd/worker/app/application.go:249.46,251.4 1 0
subsnotifpro-go/cmd/worker/app/application.go:252.3,252.38 1 0
subsnotifpro-go/cmd/worker/app/application.go:252.38,254.4 1 0
subsnotifpro-go/cmd/worker/app/application.go:257.2,262.12 2 0
subsnotifpro-go/cmd/worker/app/application.go:265.67,266.42 1 0
subsnotifpro-go/cmd/worker/app/application.go:266.42,269.3 2 0
subsnotifpro-go/cmd/worker/app/application.go:271.2,274.54 2 0
subsnotifpro-go/cmd/worker/app/application.go:274.54,278.13 3 0
subsnotifpro-go/cmd/worker/app/application.go:278.13,283.46 3 0
subsnotifpro-go/cmd/worker/app/application.go:283.46,287.5 1 0
subsnotifpro-go/cmd/worker/app/application.go:289.4,289.79 1 0
subsnotifpro-go/cmd/worker/app/application.go:293.2,293.12 1 0
subsnotifpro-go/cmd/worker/app/application.go:296.66,300.54 2 0
subsnotifpro-go/cmd/worker/app/application.go:300.54,301.44 1 0
subsnotifpro-go/cmd/worker/app/application.go:301.44,305.4 1 0
subsnotifpro-go/cmd/worker/app/application.go:308.2,308.12 1 0
subsnotifpro-go/cmd/worker/app/application.go:311.64,317.54 6 0
subsnotifpro-go/cmd/worker/app/application.go:317.54,319.3 1 0
subsnotifpro-go/cmd/worker/app/application.go:320.2,320.73 1 0
subsnotifpro-go/cmd/worker/app/application.go:323.95,328.9 3 0
subsnotifpro-go/cmd/worker/app/application.go:329.24,332.27 3 0
subsnotifpro-go/cmd/worker/app/application.go:333.20,335.27 2 0
subsnotifpro-go/cmd/worker/app/application.go:340.68,341.41 1 0
subsnotifpro-go/cmd/worker/app/application.go:341.41,342.36 1 0
subsnotifpro-go/cmd/worker/app/application.go:342.36,344.4 1 0
subsnotifpro-go/cmd/worker/app/application.go:346.2,346.12 1 0
subsnotifpro-go/cmd/worker/app/application.go:351.47,352.29 1 0
subsnotifpro-go/cmd/worker/app/application.go:352.29,354.3 1 0
subsnotifpro-go/cmd/worker/app/application.go:355.2,355.29 1 0
subsnotifpro-go/cmd/worker/app/application.go:355.29,357.3 1 0
subsnotifpro-go/cmd/worker/app/application.go:358.2,358.12 1 0
subsnotifpro-go/cmd/worker/app/consumers.go:35.29,43.2 2 0
subsnotifpro-go/cmd/worker/app/consumers.go:45.69,50.2 3 0
subsnotifpro-go/cmd/worker/app/consumers.go:52.68,56.2 2 0
subsnotifpro-go/cmd/worker/app/consumers.go:58.50,60.2 1 0
subsnotifpro-go/cmd/worker/app/consumers.go:76.28,84.2 2 0
subsnotifpro-go/cmd/worker/app/consumers.go:86.68,91.2 3 0
subsnotifpro-go/cmd/worker/app/consumers.go:93.67,97.2 2 0
subsnotifpro-go/cmd/worker/app/consumers.go:99.49,101.2 1 0
subsnotifpro-go/cmd/worker/app/consumers.go:111.98,119.2 2 0
subsnotifpro-go/cmd/worker/app/consumers.go:121.67,124.73 2 0
subsnotifpro-go/cmd/worker/app/consumers.go:124.73,126.3 1 0
subsnotifpro-go/cmd/worker/app/consumers.go:127.2,127.12 1 0
subsnotifpro-go/cmd/worker/app/consumers.go:130.66,134.2 2 0
subsnotifpro-go/cmd/worker/app/consumers.go:136.48,138.2 1 0
subsnotifpro-go/config/config.go:187.27,189.38 1 0
subsnotifpro-go/config/config.go:189.38,191.17 2 0
subsnotifpro-go/config/config.go:191.17,193.4 1 0
subsnotifpro-go/config/config.go:196.2,213.12 3 0
subsnotifpro-go/config/config.go:217.40,218.25 1 0
subsnotifpro-go/config/config.go:219.29,220.25 1 0
subsnotifpro-go/config/config.go:221.31,222.27 1 0
subsnotifpro-go/config/config.go:223.10,226.25 3 0
subsnotifpro-go/config/config.go:231.39,276.2 32 0
subsnotifpro-go/config/config.go:279.41,305.2 15 0
subsnotifpro-go/config/config.go:308.42,313.55 3 0
subsnotifpro-go/config/config.go:313.55,314.51 1 0
subsnotifpro-go/config/config.go:314.51,316.4 1 0
subsnotifpro-go/config/config.go:319.2,320.55 2 0
subsnotifpro-go/config/config.go:320.55,321.51 1 0
subsnotifpro-go/config/config.go:321.51,323.4 1 0
subsnotifpro-go/config/config.go:326.2,327.58 2 0
subsnotifpro-go/config/config.go:327.58,328.57 1 0
subsnotifpro-go/config/config.go:328.57,330.4 1 0
subsnotifpro-go/config/config.go:333.2,350.53 2 0
subsnotifpro-go/config/config.go:350.53,361.63 2 0
subsnotifpro-go/config/config.go:361.63,362.58 1 0
subsnotifpro-go/config/config.go:362.58,364.5 1 0
subsnotifpro-go/config/config.go:367.3,367.60 1 0
subsnotifpro-go/config/config.go:367.60,368.58 1 0
subsnotifpro-go/config/config.go:368.58,370.5 1 0
subsnotifpro-go/config/config.go:373.3,373.61 1 0
subsnotifpro-go/config/config.go:373.61,374.58 1 0
subsnotifpro-go/config/config.go:374.58,376.5 1 0
subsnotifpro-go/config/config.go:380.2,380.15 1 0
subsnotifpro-go/config/config.go:384.57,385.14 1 0
subsnotifpro-go/config/config.go:386.39,387.21 1 0
subsnotifpro-go/config/config.go:388.37,389.51 1 0
subsnotifpro-go/config/config.go:390.38,391.21 1 0
subsnotifpro-go/config/config.go:392.10,393.21 1 0
subsnotifpro-go/config/config.go:398.59,399.14 1 0
subsnotifpro-go/config/config.go:400.39,401.27 1 0
subsnotifpro-go/config/config.go:402.37,403.24 1 0
subsnotifpro-go/config/config.go:404.38,405.20 1 0
subsnotifpro-go/config/config.go:406.10,407.20 1 0
subsnotifpro-go/config/config.go:412.60,413.14 1 0
subsnotifpro-go/config/config.go:414.39,415.19 1 0
subsnotifpro-go/config/config.go:416.37,417.19 1 0
subsnotifpro-go/config/config.go:418.38,419.19 1 0
subsnotifpro-go/config/config.go:420.10,421.19 1 0
subsnotifpro-go/config/config.go:426.55,427.42 1 0
subsnotifpro-go/config/config.go:427.42,428.33 1 0
subsnotifpro-go/config/config.go:429.33,430.15 1 0
subsnotifpro-go/config/config.go:431.34,432.16 1 0
subsnotifpro-go/config/config.go:435.2,435.21 1 0
subsnotifpro-go/config/config.go:439.46,441.13 2 0
subsnotifpro-go/config/config.go:441.13,443.3 1 0
subsnotifpro-go/config/config.go:444.2,444.14 1 0
subsnotifpro-go/config/config.go:448.52,450.13 2 0
subsnotifpro-go/config/config.go:450.13,452.3 1 0
subsnotifpro-go/config/config.go:453.2,455.16 3 0
subsnotifpro-go/config/config.go:455.16,457.3 1 0
subsnotifpro-go/config/config.go:458.2,458.15 1 0
subsnotifpro-go/config/config.go:462.32,469.2 1 0
subsnotifpro-go/config/config.go:472.77,474.13 2 0
subsnotifpro-go/config/config.go:474.13,476.3 1 0
subsnotifpro-go/config/config.go:477.2,478.16 2 0
subsnotifpro-go/config/config.go:478.16,480.3 1 0
subsnotifpro-go/config/config.go:481.2,481.17 1 0
subsnotifpro-go/database/database.go:19.60,26.31 5 0
subsnotifpro-go/database/database.go:26.31,28.3 1 0
subsnotifpro-go/database/database.go:28.8,30.3 1 0
subsnotifpro-go/database/database.go:33.2,33.27 1 0
subsnotifpro-go/database/database.go:34.18,36.17 2 0
subsnotifpro-go/database/database.go:36.17,38.4 1 0
subsnotifpro-go/database/database.go:39.3,39.33 1 0
subsnotifpro-go/database/database.go:41.15,43.17 2 0
subsnotifpro-go/database/database.go:43.17,45.4 1 0
subsnotifpro-go/database/database.go:46.3,46.30 1 0
subsnotifpro-go/database/database.go:48.16,50.16 2 0
subsnotifpro-go/database/database.go:50.16,52.4 1 0
subsnotifpro-go/database/database.go:53.3,53.31 1 0
subsnotifpro-go/database/database.go:55.10,56.121 1 0
subsnotifpro-go/database/database.go:60.2,67.16 2 0
subsnotifpro-go/database/database.go:67.16,69.3 1 0
subsnotifpro-go/database/database.go:72.2,72.57 1 0
subsnotifpro-go/database/database.go:72.57,74.3 1 0
subsnotifpro-go/database/database.go:76.2,77.16 2 0
subsnotifpro-go/database/database.go:81.63,83.16 2 0
subsnotifpro-go/database/database.go:83.16,85.3 1 0
subsnotifpro-go/database/database.go:86.2,87.12 2 0
subsnotifpro-go/database/database.go:90.33,92.16 2 0
subsnotifpro-go/database/database.go:92.16,95.3 2 0
subsnotifpro-go/database/database.go:97.2,99.47 3 0
subsnotifpro-go/database/database.go:103.59,106.27 2 0
subsnotifpro-go/database/database.go:107.46,110.69 1 0
subsnotifpro-go/database/database.go:112.44,118.35 2 0
subsnotifpro-go/database/database.go:118.35,120.4 1 0
subsnotifpro-go/database/database.go:123.3,123.34 1 0
subsnotifpro-go/database/database.go:123.34,125.4 1 0
subsnotifpro-go/database/database.go:127.3,127.33 1 0
subsnotifpro-go/database/database.go:127.33,129.4 1 0
subsnotifpro-go/database/database.go:131.3,131.18 1 0
subsnotifpro-go/database/database.go:133.45,136.69 1 0
subsnotifpro-go/database/database.go:138.10,139.78 1 0
subsnotifpro-go/database/database.go:144.56,147.27 2 0
subsnotifpro-go/database/database.go:148.85,151.57 1 0
subsnotifpro-go/database/database.go:153.44,159.36 2 0
subsnotifpro-go/database/database.go:159.36,161.34 2 0
subsnotifpro-go/database/database.go:161.34,163.5 1 0
subsnotifpro-go/database/database.go:166.3,166.18 1 0
subsnotifpro-go/database/database.go:168.10,169.78 1 0
subsnotifpro-go/database/database.go:174.69,176.16 2 0
subsnotifpro-go/database/database.go:176.16,178.3 1 0
subsnotifpro-go/database/database.go:181.2,188.12 5 0
subsnotifpro-go/database/setup_test_database.go:17.44,22.47 3 0
subsnotifpro-go/database/setup_test_database.go:22.47,24.3 1 0
subsnotifpro-go/database/setup_test_database.go:26.2,30.16 3 0
subsnotifpro-go/database/setup_test_database.go:30.16,32.3 1 0
subsnotifpro-go/database/setup_test_database.go:35.2,36.64 2 0
subsnotifpro-go/database/setup_test_database.go:36.64,38.3 1 0
subsnotifpro-go/database/setup_test_database.go:41.2,42.16 2 0
subsnotifpro-go/database/setup_test_database.go:42.16,44.3 1 0
subsnotifpro-go/database/setup_test_database.go:45.2,49.20 4 0
subsnotifpro-go/internal/appstore/settings/service/service.go:38.101,45.2 1 0
subsnotifpro-go/internal/appstore/settings/service/service.go:47.106,49.16 2 0
subsnotifpro-go/internal/appstore/settings/service/service.go:49.16,51.3 1 0
subsnotifpro-go/internal/appstore/settings/service/service.go:52.2,52.21 1 0
subsnotifpro-go/internal/appstore/settings/service/service.go:52.21,54.3 1 0
subsnotifpro-go/internal/appstore/settings/service/service.go:56.2,62.8 1 0
subsnotifpro-go/internal/appstore/settings/service/service.go:65.95,67.16 2 0
subsnotifpro-go/internal/appstore/settings/service/service.go:67.16,69.3 1 0
subsnotifpro-go/internal/appstore/settings/service/service.go:71.2,72.40 2 0
subsnotifpro-go/internal/appstore/settings/service/service.go:72.40,79.3 1 0
subsnotifpro-go/internal/appstore/settings/service/service.go:81.2,81.23 1 0
subsnotifpro-go/internal/appstore/settings/service/service.go:84.133,93.16 3 0
subsnotifpro-go/internal/appstore/settings/service/service.go:93.16,95.3 1 0
subsnotifpro-go/internal/appstore/settings/service/service.go:97.2,102.8 1 0
subsnotifpro-go/internal/appstore/settings/service/service.go:105.73,107.2 1 0
subsnotifpro-go/internal/appstore/settings/service/service.go:109.88,112.16 2 0
subsnotifpro-go/internal/appstore/settings/service/service.go:112.16,114.3 1 0
subsnotifpro-go/internal/appstore/settings/service/service.go:115.2,115.21 1 0
subsnotifpro-go/internal/appstore/settings/service/service.go:115.21,117.3 1 0
subsnotifpro-go/internal/appstore/settings/service/service.go:120.2,121.18 2 0
subsnotifpro-go/internal/appstore/settings/service/service.go:121.18,123.3 1 0
subsnotifpro-go/internal/appstore/settings/service/service.go:125.2,126.16 2 0
subsnotifpro-go/internal/appstore/settings/service/service.go:126.16,128.3 1 0
subsnotifpro-go/internal/appstore/settings/service/service.go:130.2,131.9 2 0
subsnotifpro-go/internal/appstore/settings/service/service.go:131.9,133.3 1 0
subsnotifpro-go/internal/appstore/settings/service/service.go:136.2,149.16 4 0
subsnotifpro-go/internal/appstore/settings/service/service.go:149.16,151.3 1 0
subsnotifpro-go/internal/appstore/settings/service/service.go:153.2,153.25 1 0
subsnotifpro-go/internal/appstore/settings/service/service.go:156.150,159.16 2 0
subsnotifpro-go/internal/appstore/settings/service/service.go:159.16,161.3 1 0
subsnotifpro-go/internal/appstore/settings/service/service.go:164.2,165.13 2 0
subsnotifpro-go/internal/appstore/settings/service/service.go:165.13,167.3 1 0
subsnotifpro-go/internal/appstore/settings/service/service.go:170.2,172.16 3 0
subsnotifpro-go/internal/appstore/settings/service/service.go:172.16,174.3 1 0
subsnotifpro-go/internal/appstore/settings/service/service.go:177.2,182.16 4 0
subsnotifpro-go/internal/appstore/settings/service/service.go:182.16,184.3 1 0
subsnotifpro-go/internal/appstore/settings/service/service.go:185.2,188.38 2 0
subsnotifpro-go/internal/appstore/settings/service/service.go:188.38,192.75 2 0
subsnotifpro-go/internal/appstore/settings/service/service.go:192.75,194.4 1 0
subsnotifpro-go/internal/appstore/settings/service/service.go:195.3,195.80 1 0
subsnotifpro-go/internal/appstore/settings/service/service.go:199.2,200.67 2 0
subsnotifpro-go/internal/appstore/settings/service/service.go:200.67,202.3 1 0
subsnotifpro-go/internal/appstore/settings/service/service.go:204.2,204.21 1 0
subsnotifpro-go/examples/complete_integration_example.go:17.109,63.2 18 0
subsnotifpro-go/examples/complete_integration_example.go:63.2,65.49 1 0
subsnotifpro-go/examples/complete_integration_example.go:65.49,76.4 2 0
subsnotifpro-go/examples/complete_integration_example.go:79.3,79.55 1 0
subsnotifpro-go/examples/complete_integration_example.go:79.55,81.21 2 0
subsnotifpro-go/examples/complete_integration_example.go:81.21,83.5 1 0
subsnotifpro-go/examples/complete_integration_example.go:86.4,93.6 4 0
subsnotifpro-go/examples/complete_integration_example.go:97.3,97.51 1 0
subsnotifpro-go/examples/complete_integration_example.go:97.51,104.4 1 0
subsnotifpro-go/examples/complete_integration_example.go:108.2,108.48 1 0
subsnotifpro-go/examples/complete_integration_example.go:108.48,118.3 2 0
subsnotifpro-go/examples/complete_integration_example.go:123.88,130.2 1 0
subsnotifpro-go/examples/complete_integration_example.go:132.68,136.2 1 0
subsnotifpro-go/examples/complete_integration_example.go:138.57,156.2 1 0
subsnotifpro-go/examples/complete_integration_example.go:158.63,185.2 1 0
subsnotifpro-go/examples/complete_integration_example.go:224.48,259.2 1 0
subsnotifpro-go/examples/enhanced_playstore_routes_with_cache.go:14.99,23.52 5 0
subsnotifpro-go/examples/enhanced_playstore_routes_with_cache.go:23.52,25.3 1 0
subsnotifpro-go/examples/enhanced_playstore_routes_with_cache.go:28.2,148.55 28 0
subsnotifpro-go/examples/enhanced_playstore_routes_with_cache.go:148.55,150.20 2 0
subsnotifpro-go/examples/enhanced_playstore_routes_with_cache.go:150.20,152.4 1 0
subsnotifpro-go/examples/enhanced_playstore_routes_with_cache.go:155.3,162.5 4 0
subsnotifpro-go/examples/enhanced_playstore_routes_with_cache.go:175.55,220.2 1 0
subsnotifpro-go/examples/enhanced_routes_example.go:15.96,21.2 3 0
subsnotifpro-go/examples/enhanced_routes_example.go:21.2,52.3 9 0
subsnotifpro-go/examples/enhanced_routes_example.go:55.2,56.2 2 0
subsnotifpro-go/examples/enhanced_routes_example.go:56.2,65.3 5 0
subsnotifpro-go/examples/enhanced_routes_example.go:68.2,69.2 2 0
subsnotifpro-go/examples/enhanced_routes_example.go:69.2,79.3 5 0
subsnotifpro-go/examples/enhanced_routes_example.go:83.85,88.2 3 0
subsnotifpro-go/examples/enhanced_routes_example.go:88.2,97.3 6 0
subsnotifpro-go/examples/enhanced_routes_example.go:101.69,103.13 1 0
subsnotifpro-go/examples/enhanced_routes_example.go:104.20,105.44 1 0
subsnotifpro-go/examples/enhanced_routes_example.go:106.17,107.44 1 0
subsnotifpro-go/examples/enhanced_routes_example.go:108.21,109.44 1 0
subsnotifpro-go/examples/enhanced_routes_example.go:110.10,111.44 1 0
subsnotifpro-go/examples/observability_usage_example.go:18.110,22.2 1 0
subsnotifpro-go/examples/observability_usage_example.go:25.80,28.20 2 0
subsnotifpro-go/examples/observability_usage_example.go:28.20,30.3 1 0
subsnotifpro-go/examples/observability_usage_example.go:33.2,45.16 4 0
subsnotifpro-go/examples/observability_usage_example.go:45.16,48.3 2 0
subsnotifpro-go/examples/observability_usage_example.go:50.2,54.4 1 0
subsnotifpro-go/examples/observability_usage_example.go:58.71,68.16 4 0
subsnotifpro-go/examples/observability_usage_example.go:68.16,71.3 2 0
subsnotifpro-go/examples/observability_usage_example.go:73.2,76.4 1 0
subsnotifpro-go/examples/observability_usage_example.go:80.80,93.16 6 0
subsnotifpro-go/examples/observability_usage_example.go:93.16,96.3 2 0
subsnotifpro-go/examples/observability_usage_example.go:98.2,102.4 1 0
subsnotifpro-go/examples/observability_usage_example.go:106.104,115.2 2 0
subsnotifpro-go/examples/observability_usage_example.go:118.113,126.2 2 0
subsnotifpro-go/examples/observability_usage_example.go:129.112,134.28 2 0
subsnotifpro-go/examples/observability_usage_example.go:134.28,136.3 1 0
subsnotifpro-go/examples/observability_usage_example.go:138.2,138.12 1 0
subsnotifpro-go/internal/app/handler/app_handler.go:21.71,23.2 1 0
subsnotifpro-go/internal/app/handler/app_handler.go:24.48,26.47 2 0
subsnotifpro-go/internal/app/handler/app_handler.go:26.47,29.3 2 0
subsnotifpro-go/internal/app/handler/app_handler.go:31.2,31.83 1 0
subsnotifpro-go/internal/app/handler/app_handler.go:31.83,34.3 2 0
subsnotifpro-go/internal/app/handler/app_handler.go:36.2,36.87 1 0
subsnotifpro-go/internal/app/handler/app_handler.go:39.54,41.17 2 0
subsnotifpro-go/internal/app/handler/app_handler.go:41.17,44.3 2 0
subsnotifpro-go/internal/app/handler/app_handler.go:46.2,47.16 2 0
subsnotifpro-go/internal/app/handler/app_handler.go:47.16,50.3 2 0
subsnotifpro-go/internal/app/handler/app_handler.go:52.2,55.4 1 0
subsnotifpro-go/internal/app/handler/app_handler.go:58.56,64.47 2 0
subsnotifpro-go/internal/app/handler/app_handler.go:64.47,67.3 2 0
subsnotifpro-go/internal/app/handler/app_handler.go:69.2,69.104 1 0
subsnotifpro-go/internal/app/handler/app_handler.go:69.104,72.3 2 0
subsnotifpro-go/internal/app/handler/app_handler.go:74.2,74.78 1 0
subsnotifpro-go/internal/app/handler/playstore_setup_handler.go:23.110,25.2 1 0
subsnotifpro-go/internal/app/handler/playstore_setup_handler.go:27.59,29.49 2 0
subsnotifpro-go/internal/app/handler/playstore_setup_handler.go:29.49,32.3 2 0
subsnotifpro-go/internal/app/handler/playstore_setup_handler.go:34.2,34.73 1 0
subsnotifpro-go/internal/app/handler/playstore_setup_handler.go:34.73,37.3 2 0
subsnotifpro-go/internal/app/handler/playstore_setup_handler.go:39.2,39.69 1 0
subsnotifpro-go/internal/app/handler/playstore_setup_handler.go:42.72,47.47 2 0
subsnotifpro-go/internal/app/handler/playstore_setup_handler.go:47.47,50.3 2 0
subsnotifpro-go/internal/app/handler/playstore_setup_handler.go:52.2,52.89 1 0
subsnotifpro-go/internal/app/handler/playstore_setup_handler.go:52.89,55.3 2 0
subsnotifpro-go/internal/app/handler/playstore_setup_handler.go:57.2,57.83 1 0
subsnotifpro-go/internal/app/handler/playstore_setup_handler.go:60.65,62.17 2 0
subsnotifpro-go/internal/app/handler/playstore_setup_handler.go:62.17,65.3 2 0
subsnotifpro-go/internal/app/handler/playstore_setup_handler.go:67.2,68.16 2 0
subsnotifpro-go/internal/app/handler/playstore_setup_handler.go:68.16,71.3 2 0
subsnotifpro-go/internal/app/handler/playstore_setup_handler.go:73.2,73.30 1 0
subsnotifpro-go/internal/app/handler/playstore_setup_handler.go:76.64,82.47 2 0
subsnotifpro-go/internal/app/handler/playstore_setup_handler.go:82.47,85.3 2 0
subsnotifpro-go/internal/app/handler/playstore_setup_handler.go:87.2,87.95 1 0
subsnotifpro-go/internal/app/handler/playstore_setup_handler.go:87.95,90.3 2 0
subsnotifpro-go/internal/app/handler/playstore_setup_handler.go:92.2,92.75 1 0
subsnotifpro-go/internal/app/repository/app_repo.go:23.50,25.2 1 0
subsnotifpro-go/internal/app/repository/app_repo.go:28.53,30.2 1 0
subsnotifpro-go/internal/app/repository/app_repo.go:32.73,34.2 1 0
subsnotifpro-go/internal/app/repository/app_repo.go:36.83,40.2 3 0
subsnotifpro-go/internal/app/repository/playstore_setup_repo.go:26.72,28.2 1 0
subsnotifpro-go/internal/app/repository/playstore_setup_repo.go:31.75,33.2 1 0
subsnotifpro-go/internal/app/repository/playstore_setup_repo.go:35.102,41.2 1 0
subsnotifpro-go/internal/app/repository/playstore_setup_repo.go:43.108,47.2 3 0
subsnotifpro-go/internal/app/repository/playstore_setup_repo.go:49.113,54.2 1 0
subsnotifpro-go/internal/app/repository/playstore_setup_repo.go:56.103,61.2 1 0
subsnotifpro-go/internal/app/repository/playstore_setup_repo.go:63.103,68.2 1 0
subsnotifpro-go/internal/app/repository/setup_repo.go:23.60,25.2 1 0
subsnotifpro-go/internal/app/repository/setup_repo.go:28.63,30.2 1 0
subsnotifpro-go/internal/app/repository/setup_repo.go:32.90,34.2 1 0
subsnotifpro-go/internal/app/repository/setup_repo.go:36.104,40.2 3 0
subsnotifpro-go/internal/app/repository/setup_repo.go:42.110,47.2 1 0
subsnotifpro-go/internal/appstore/settings/handler/handler.go:15.99,17.2 1 0
subsnotifpro-go/internal/appstore/settings/handler/handler.go:19.63,21.20 2 0
subsnotifpro-go/internal/appstore/settings/handler/handler.go:21.20,24.3 2 0
subsnotifpro-go/internal/appstore/settings/handler/handler.go:26.2,27.16 2 0
subsnotifpro-go/internal/appstore/settings/handler/handler.go:27.16,30.3 2 0
subsnotifpro-go/internal/appstore/settings/handler/handler.go:32.2,32.21 1 0
subsnotifpro-go/internal/appstore/settings/handler/handler.go:32.21,35.3 2 0
subsnotifpro-go/internal/appstore/settings/handler/handler.go:37.2,37.33 1 0
subsnotifpro-go/internal/appstore/settings/handler/handler.go:40.66,42.16 2 0
subsnotifpro-go/internal/appstore/settings/handler/handler.go:42.16,45.3 2 0
subsnotifpro-go/internal/appstore/settings/handler/handler.go:47.2,47.33 1 0
subsnotifpro-go/internal/appstore/settings/handler/handler.go:50.66,52.51 2 0
subsnotifpro-go/internal/appstore/settings/handler/handler.go:52.51,55.3 2 0
subsnotifpro-go/internal/appstore/settings/handler/handler.go:57.2,58.16 2 0
subsnotifpro-go/internal/appstore/settings/handler/handler.go:58.16,61.3 2 0
subsnotifpro-go/internal/appstore/settings/handler/handler.go:63.2,63.33 1 0
subsnotifpro-go/internal/appstore/settings/handler/handler.go:66.66,68.20 2 0
subsnotifpro-go/internal/appstore/settings/handler/handler.go:68.20,71.3 2 0
subsnotifpro-go/internal/appstore/settings/handler/handler.go:73.2,74.16 2 0
subsnotifpro-go/internal/appstore/settings/handler/handler.go:74.16,77.3 2 0
subsnotifpro-go/internal/appstore/settings/handler/handler.go:79.2,79.74 1 0
subsnotifpro-go/internal/appstore/settings/handler/handler.go:82.63,84.20 2 0
subsnotifpro-go/internal/appstore/settings/handler/handler.go:84.20,87.3 2 0
subsnotifpro-go/internal/appstore/settings/handler/handler.go:89.2,90.16 2 0
subsnotifpro-go/internal/appstore/settings/handler/handler.go:90.16,96.3 2 0
subsnotifpro-go/internal/appstore/settings/handler/handler.go:98.2,102.4 1 0
subsnotifpro-go/internal/appstore/settings/handler/handler.go:105.72,108.20 2 0
subsnotifpro-go/internal/appstore/settings/handler/handler.go:108.20,111.3 2 0
subsnotifpro-go/internal/appstore/settings/handler/handler.go:113.2,114.23 2 0
subsnotifpro-go/internal/appstore/settings/handler/handler.go:114.23,116.3 1 0
subsnotifpro-go/internal/appstore/settings/handler/handler.go:119.2,123.16 3 0
subsnotifpro-go/internal/appstore/settings/handler/handler.go:123.16,129.3 2 0
subsnotifpro-go/internal/appstore/settings/handler/handler.go:131.2,135.4 1 0
subsnotifpro-go/internal/appstore/dispatch/consumer.go:32.21,42.52 1 0
subsnotifpro-go/internal/appstore/dispatch/consumer.go:42.52,45.12 2 0
subsnotifpro-go/internal/appstore/dispatch/consumer.go:45.12,47.6 1 0
subsnotifpro-go/internal/appstore/dispatch/consumer.go:48.5,48.64 1 0
subsnotifpro-go/internal/appstore/dispatch/consumer.go:63.9,65.65 2 0
subsnotifpro-go/internal/appstore/dispatch/consumer.go:65.65,69.3 3 0
subsnotifpro-go/internal/appstore/dispatch/consumer.go:71.2,71.69 1 0
subsnotifpro-go/internal/appstore/dispatch/consumer.go:71.69,77.17 3 0
subsnotifpro-go/internal/appstore/dispatch/consumer.go:77.17,80.4 2 0
subsnotifpro-go/internal/appstore/dispatch/consumer.go:81.3,81.14 1 0
subsnotifpro-go/internal/appstore/dispatch/consumer.go:81.14,84.4 2 0
subsnotifpro-go/internal/appstore/dispatch/consumer.go:87.3,88.21 2 0
subsnotifpro-go/internal/appstore/dispatch/consumer.go:88.21,90.77 2 0
subsnotifpro-go/internal/appstore/dispatch/consumer.go:90.77,93.5 2 0
subsnotifpro-go/internal/appstore/dispatch/consumer.go:96.3,96.81 1 0
subsnotifpro-go/internal/appstore/dispatch/consumer.go:96.81,99.4 2 0
subsnotifpro-go/internal/appstore/dispatch/consumer.go:102.3,102.76 1 0
subsnotifpro-go/internal/appstore/dispatch/consumer.go:102.76,105.4 2 0
subsnotifpro-go/internal/appstore/dispatch/consumer.go:108.3,108.97 1 0
subsnotifpro-go/internal/appstore/dispatch/consumer.go:108.97,111.4 2 0
subsnotifpro-go/internal/appstore/dispatch/consumer.go:113.3,113.13 1 0
subsnotifpro-go/internal/appstore/dispatch/publisher.go:21.22,25.2 1 0
subsnotifpro-go/internal/appstore/dispatch/publisher.go:28.115,30.2 1 0
subsnotifpro-go/internal/appstore/settings/repository/repository.go:20.76,22.2 1 0
subsnotifpro-go/internal/appstore/settings/repository/repository.go:24.101,27.25 3 0
subsnotifpro-go/internal/appstore/settings/repository/repository.go:27.25,28.45 1 0
subsnotifpro-go/internal/appstore/settings/repository/repository.go:28.45,30.4 1 0
subsnotifpro-go/internal/appstore/settings/repository/repository.go:31.3,31.27 1 0
subsnotifpro-go/internal/appstore/settings/repository/repository.go:33.2,33.23 1 0
subsnotifpro-go/internal/appstore/settings/repository/repository.go:36.90,39.25 3 0
subsnotifpro-go/internal/appstore/settings/repository/repository.go:39.25,41.3 1 0
subsnotifpro-go/internal/appstore/settings/repository/repository.go:42.2,42.22 1 0
subsnotifpro-go/internal/appstore/settings/repository/repository.go:45.130,50.49 3 0
subsnotifpro-go/internal/appstore/settings/repository/repository.go:50.49,52.3 1 0
subsnotifpro-go/internal/appstore/settings/repository/repository.go:54.2,54.35 1 0
subsnotifpro-go/internal/appstore/settings/repository/repository.go:54.35,56.53 1 0
subsnotifpro-go/internal/appstore/settings/repository/repository.go:56.53,58.4 1 0
subsnotifpro-go/internal/appstore/settings/repository/repository.go:59.3,59.23 1 0
subsnotifpro-go/internal/appstore/settings/repository/repository.go:63.2,64.50 2 0
subsnotifpro-go/internal/appstore/settings/repository/repository.go:64.50,66.3 1 0
subsnotifpro-go/internal/appstore/settings/repository/repository.go:67.2,67.22 1 0
subsnotifpro-go/internal/appstore/settings/repository/repository.go:70.76,73.2 2 0
subsnotifpro-go/internal/app/service/app_service.go:32.23,38.2 1 0
subsnotifpro-go/internal/app/service/app_service.go:41.85,42.67 1 0
subsnotifpro-go/internal/app/service/app_service.go:42.67,46.55 3 0
subsnotifpro-go/internal/app/service/app_service.go:46.55,48.4 1 0
subsnotifpro-go/internal/app/service/app_service.go:50.3,56.64 2 0
subsnotifpro-go/internal/app/service/app_service.go:56.64,58.4 1 0
subsnotifpro-go/internal/app/service/app_service.go:60.3,60.13 1 0
subsnotifpro-go/internal/app/service/app_service.go:65.112,67.16 2 0
subsnotifpro-go/internal/app/service/app_service.go:67.16,69.3 1 0
subsnotifpro-go/internal/app/service/app_service.go:71.2,72.16 2 0
subsnotifpro-go/internal/app/service/app_service.go:72.16,74.3 1 0
subsnotifpro-go/internal/app/service/app_service.go:76.2,76.24 1 0
subsnotifpro-go/internal/app/service/app_service.go:80.108,82.2 1 0
subsnotifpro-go/internal/app/service/playstore_setup_service.go:37.34,44.2 1 0
subsnotifpro-go/internal/app/service/playstore_setup_service.go:47.100,48.67 1 0
subsnotifpro-go/internal/app/service/playstore_setup_service.go:48.67,50.59 2 0
subsnotifpro-go/internal/app/service/playstore_setup_service.go:50.59,52.4 1 0
subsnotifpro-go/internal/app/service/playstore_setup_service.go:53.3,53.13 1 0
subsnotifpro-go/internal/app/service/playstore_setup_service.go:58.111,60.2 1 0
subsnotifpro-go/internal/app/service/playstore_setup_service.go:63.115,65.2 1 0
subsnotifpro-go/internal/app/service/playstore_setup_service.go:68.105,70.2 1 0
subsnotifpro-go/internal/app/service/playstore_setup_service.go:73.106,75.2 1 0
subsnotifpro-go/internal/app/service/playstore_setup_service.go:78.97,79.67 1 0
subsnotifpro-go/internal/app/service/playstore_setup_service.go:79.67,84.17 4 0
subsnotifpro-go/internal/app/service/playstore_setup_service.go:84.17,86.4 1 0
subsnotifpro-go/internal/app/service/playstore_setup_service.go:88.3,88.64 1 0
subsnotifpro-go/internal/app/service/playstore_setup_service.go:88.64,90.4 1 0
subsnotifpro-go/internal/app/service/playstore_setup_service.go:92.3,92.97 1 0
subsnotifpro-go/internal/app/service/playstore_setup_service.go:92.97,95.4 2 0
subsnotifpro-go/internal/app/service/playstore_setup_service.go:97.3,98.17 2 0
subsnotifpro-go/internal/app/service/playstore_setup_service.go:98.17,101.4 2 0
subsnotifpro-go/internal/app/service/playstore_setup_service.go:103.3,103.17 1 0
subsnotifpro-go/internal/app/service/playstore_setup_service.go:103.17,106.4 2 0
subsnotifpro-go/internal/app/service/playstore_setup_service.go:108.3,108.77 1 0
subsnotifpro-go/internal/app/service/playstore_setup_service.go:108.77,110.4 1 0
subsnotifpro-go/internal/app/service/playstore_setup_service.go:111.3,111.91 1 0
subsnotifpro-go/internal/app/service/playstore_setup_service.go:111.91,113.4 1 0
subsnotifpro-go/internal/app/service/playstore_setup_service.go:115.3,115.13 1 0
subsnotifpro-go/internal/appstore/subscription/repository/consumption_repo.go:22.80,24.2 1 0
subsnotifpro-go/internal/appstore/subscription/repository/consumption_repo.go:26.113,28.2 1 0
subsnotifpro-go/internal/appstore/subscription/repository/consumption_repo.go:30.113,32.2 1 0
subsnotifpro-go/internal/appstore/subscription/repository/consumption_repo.go:34.153,38.2 3 0
subsnotifpro-go/internal/appstore/subscription/repository/repository.go:24.73,26.2 1 0
subsnotifpro-go/internal/appstore/subscription/repository/repository.go:32.41,38.16 3 0
subsnotifpro-go/internal/appstore/subscription/repository/repository.go:38.16,40.3 1 0
subsnotifpro-go/internal/appstore/subscription/repository/repository.go:41.2,41.27 1 0
subsnotifpro-go/internal/appstore/subscription/repository/repository.go:48.9,49.71 1 0
subsnotifpro-go/internal/appstore/subscription/repository/repository.go:49.71,51.3 1 0
subsnotifpro-go/internal/appstore/subscription/repository/repository.go:52.2,52.12 1 0
subsnotifpro-go/internal/appstore/subscription/repository/repository.go:59.9,60.69 1 0
subsnotifpro-go/internal/appstore/subscription/repository/repository.go:60.69,62.3 1 0
subsnotifpro-go/internal/appstore/subscription/repository/repository.go:63.2,63.12 1 0
subsnotifpro-go/internal/appstore/subscription/repository/repository.go:71.41,78.16 3 0
subsnotifpro-go/internal/appstore/subscription/repository/repository.go:78.16,80.3 1 0
subsnotifpro-go/internal/appstore/subscription/repository/repository.go:82.2,82.35 1 0
subsnotifpro-go/internal/appstore/subscription/repository/repository.go:82.35,84.3 1 0
subsnotifpro-go/internal/appstore/subscription/repository/repository.go:87.2,105.19 2 0
subsnotifpro-go/internal/appstore/subscription/repository/repository.go:105.19,107.3 1 0
subsnotifpro-go/internal/appstore/subscription/repository/repository.go:109.2,109.84 1 0
subsnotifpro-go/internal/appstore/subscription/repository/repository.go:109.84,111.3 1 0
subsnotifpro-go/internal/appstore/subscription/repository/repository.go:113.2,113.35 1 0
subsnotifpro-go/internal/appstore/subscription/repository/repository.go:113.35,117.3 3 0
subsnotifpro-go/internal/appstore/subscription/repository/repository.go:119.2,119.72 1 0
subsnotifpro-go/internal/appstore/subscription/repository/repository.go:119.72,121.3 1 0
subsnotifpro-go/internal/appstore/subscription/repository/repository.go:123.2,123.27 1 0
subsnotifpro-go/internal/appstore/subscription/models/models.go:40.64,41.25 1 0
subsnotifpro-go/internal/appstore/subscription/models/models.go:42.9,43.21 1 0
subsnotifpro-go/internal/appstore/subscription/models/models.go:44.9,45.22 1 0
subsnotifpro-go/internal/appstore/subscription/models/models.go:46.10,48.22 1 0
subsnotifpro-go/internal/appstore/subscription/models/models.go:115.48,117.2 1 0
subsnotifpro-go/internal/appstore/subscription/models/models.go:227.45,229.2 1 0
subsnotifpro-go/internal/appstore/subscription/models/models.go:231.42,233.2 1 0
subsnotifpro-go/internal/appstore/subscription/models/models.go:235.45,237.2 1 0
subsnotifpro-go/internal/appstore/subscription/models/models.go:239.38,241.2 1 0
subsnotifpro-go/internal/appstore/subscription/models/models.go:244.64,245.35 1 0
subsnotifpro-go/internal/appstore/subscription/models/models.go:245.35,247.3 1 0
subsnotifpro-go/internal/appstore/subscription/models/models.go:248.2,248.26 1 0
subsnotifpro-go/internal/appstore/subscription/models/models.go:248.26,250.3 1 0
subsnotifpro-go/internal/appstore/subscription/models/models.go:251.2,251.12 1 0
subsnotifpro-go/internal/appstore/subscription/models/models.go:255.69,256.34 1 0
subsnotifpro-go/internal/appstore/subscription/models/models.go:256.34,258.3 1 0
subsnotifpro-go/internal/appstore/subscription/models/models.go:259.2,259.26 1 0
subsnotifpro-go/internal/appstore/subscription/models/models.go:259.26,261.3 1 0
subsnotifpro-go/internal/appstore/subscription/models/models.go:262.2,262.12 1 0
subsnotifpro-go/internal/appstore/subscription/models/models.go:269.39,270.14 1 0
subsnotifpro-go/internal/appstore/subscription/models/models.go:270.14,272.3 1 0
subsnotifpro-go/internal/appstore/subscription/models/models.go:274.2,275.24 1 0
subsnotifpro-go/internal/appstore/subscription/models/models.go:275.24,276.27 1 0
subsnotifpro-go/internal/appstore/subscription/models/models.go:276.27,278.5 1 0
subsnotifpro-go/internal/appstore/subscription/models/models.go:279.4,279.21 1 0
subsnotifpro-go/internal/appstore/subscription/models/models.go:305.2,305.37 1 0
subsnotifpro-go/internal/appstore/subscription/models/models.go:305.37,307.3 1 0
subsnotifpro-go/internal/appstore/subscription/models/models.go:308.2,308.29 1 0
subsnotifpro-go/internal/appstore/subscription/models/models.go:308.29,310.3 1 0
subsnotifpro-go/internal/appstore/subscription/models/models.go:311.2,311.30 1 0
subsnotifpro-go/internal/appstore/subscription/models/models.go:311.30,313.3 1 0
subsnotifpro-go/internal/appstore/subscription/models/models.go:314.2,314.24 1 0
subsnotifpro-go/internal/appstore/subscription/models/models.go:314.24,316.3 1 0
subsnotifpro-go/internal/appstore/subscription/models/models.go:317.2,317.30 1 0
subsnotifpro-go/internal/appstore/subscription/models/models.go:317.30,319.3 1 0
subsnotifpro-go/internal/appstore/subscription/models/models.go:320.2,320.28 1 0
subsnotifpro-go/internal/appstore/subscription/models/models.go:320.28,322.3 1 0
subsnotifpro-go/internal/appstore/subscription/models/models.go:324.2,324.25 1 0
subsnotifpro-go/internal/appstore/subscription/models/models.go:324.25,329.63 3 0
subsnotifpro-go/internal/appstore/subscription/models/models.go:329.63,332.4 2 0
subsnotifpro-go/internal/appstore/subscription/models/models.go:334.3,335.38 2 0
subsnotifpro-go/internal/appstore/subscription/models/models.go:338.2,338.19 1 0
subsnotifpro-go/internal/appstore/subscription/models/models.go:347.9,349.16 2 0
subsnotifpro-go/internal/appstore/subscription/models/models.go:349.16,351.3 1 0
subsnotifpro-go/internal/appstore/subscription/models/models.go:353.2,353.18 1 0
subsnotifpro-go/internal/appstore/subscription/models/models.go:353.18,355.3 1 0
subsnotifpro-go/internal/appstore/subscription/models/models.go:357.2,357.47 1 0
subsnotifpro-go/internal/appstore/subscription/models/models.go:357.47,359.3 1 0
subsnotifpro-go/internal/appstore/subscription/models/models.go:362.2,362.21 1 0
subsnotifpro-go/internal/appstore/subscription/models/models.go:362.21,364.3 1 0
subsnotifpro-go/internal/appstore/subscription/models/models.go:365.2,372.4 2 0
subsnotifpro-go/internal/appstore/subscription/models/models.go:372.4,375.86 3 0
subsnotifpro-go/internal/appstore/subscription/models/models.go:375.86,377.4 1 0
subsnotifpro-go/internal/appstore/subscription/models/models.go:380.2,380.12 1 0
subsnotifpro-go/internal/appstore/subscription/models/models.go:387.8,398.2 1 0
subsnotifpro-go/internal/appstore/subscription/service/consumption_request.go:23.41,29.16 4 0
subsnotifpro-go/internal/appstore/subscription/service/consumption_request.go:29.16,30.45 1 0
subsnotifpro-go/internal/appstore/subscription/service/consumption_request.go:30.45,33.4 1 0
subsnotifpro-go/internal/appstore/subscription/service/consumption_request.go:34.3,34.65 1 0
subsnotifpro-go/internal/appstore/subscription/service/consumption_request.go:38.2,38.88 1 0
subsnotifpro-go/internal/appstore/subscription/service/consumption_request.go:38.88,41.3 1 0
subsnotifpro-go/internal/appstore/subscription/service/consumption_request.go:44.2,45.61 2 0
subsnotifpro-go/internal/appstore/subscription/service/consumption_request.go:45.61,47.3 1 0
subsnotifpro-go/internal/appstore/subscription/service/consumption_request.go:50.2,61.74 2 0
subsnotifpro-go/internal/appstore/subscription/service/consumption_request.go:61.74,63.3 1 0
subsnotifpro-go/internal/appstore/subscription/service/consumption_request.go:66.2,67.108 2 0
subsnotifpro-go/internal/appstore/subscription/service/consumption_request.go:67.108,69.3 1 0
subsnotifpro-go/internal/appstore/subscription/service/consumption_request.go:71.2,83.71 2 0
subsnotifpro-go/internal/appstore/subscription/service/consumption_request.go:83.71,86.87 2 0
subsnotifpro-go/internal/appstore/subscription/service/consumption_request.go:86.87,88.4 1 0
subsnotifpro-go/internal/appstore/subscription/service/consumption_request.go:89.3,89.69 1 0
subsnotifpro-go/internal/appstore/subscription/service/consumption_request.go:93.2,96.74 4 0
subsnotifpro-go/internal/appstore/subscription/service/consumption_request.go:96.74,98.3 1 0
subsnotifpro-go/internal/appstore/subscription/service/consumption_request.go:100.2,100.26 1 0
subsnotifpro-go/internal/appstore/subscription/service/consumption_request.go:107.9,129.2 1 0
subsnotifpro-go/internal/appstore/subscription/service/consumption_request.go:132.80,136.2 1 0
subsnotifpro-go/internal/appstore/subscription/service/consumption_request.go:138.85,142.2 1 0
subsnotifpro-go/internal/appstore/subscription/service/consumption_request.go:144.83,148.2 1 0
subsnotifpro-go/internal/appstore/subscription/service/consumption_request.go:150.93,154.2 1 0
subsnotifpro-go/internal/appstore/subscription/service/consumption_request.go:160.9,209.2 1 0
subsnotifpro-go/internal/appstore/subscription/service/consumption_request.go:211.50,216.69 2 0
subsnotifpro-go/internal/appstore/subscription/service/consumption_request.go:216.69,218.3 1 0
subsnotifpro-go/internal/appstore/subscription/service/consumption_request.go:219.2,219.76 1 0
subsnotifpro-go/internal/appstore/subscription/service/did_change_renewal_pref.go:20.41,25.41 3 0
subsnotifpro-go/internal/appstore/subscription/service/did_change_renewal_pref.go:25.41,27.3 1 0
subsnotifpro-go/internal/appstore/subscription/service/did_change_renewal_pref.go:29.2,29.62 1 0
subsnotifpro-go/internal/appstore/subscription/service/did_change_renewal_pref.go:29.62,31.3 1 0
subsnotifpro-go/internal/appstore/subscription/service/did_change_renewal_pref.go:34.2,35.16 2 0
subsnotifpro-go/internal/appstore/subscription/service/did_change_renewal_pref.go:35.16,36.45 1 0
subsnotifpro-go/internal/appstore/subscription/service/did_change_renewal_pref.go:36.45,38.4 1 0
subsnotifpro-go/internal/appstore/subscription/service/did_change_renewal_pref.go:39.3,39.65 1 0
subsnotifpro-go/internal/appstore/subscription/service/did_change_renewal_pref.go:43.2,43.19 1 0
subsnotifpro-go/internal/appstore/subscription/service/did_change_renewal_pref.go:43.19,44.72 1 0
subsnotifpro-go/internal/appstore/subscription/service/did_change_renewal_pref.go:44.72,47.4 1 0
subsnotifpro-go/internal/appstore/subscription/service/did_change_renewal_pref.go:50.3,50.38 1 0
subsnotifpro-go/internal/appstore/subscription/service/did_change_renewal_pref.go:50.38,52.4 1 0
subsnotifpro-go/internal/appstore/subscription/service/did_change_renewal_pref.go:56.2,64.60 6 0
subsnotifpro-go/internal/appstore/subscription/service/did_change_renewal_pref.go:65.19,67.40 2 0
subsnotifpro-go/internal/appstore/subscription/service/did_change_renewal_pref.go:68.21,70.42 2 0
subsnotifpro-go/internal/appstore/subscription/service/did_change_renewal_pref.go:71.10,73.55 1 0
subsnotifpro-go/internal/appstore/subscription/service/did_change_renewal_pref.go:77.2,87.39 9 0
subsnotifpro-go/internal/appstore/subscription/service/did_change_renewal_pref.go:87.39,90.36 3 0
subsnotifpro-go/internal/appstore/subscription/service/did_change_renewal_pref.go:90.36,92.4 1 0
subsnotifpro-go/internal/appstore/subscription/service/did_change_renewal_pref.go:96.2,96.61 1 0
subsnotifpro-go/internal/appstore/subscription/service/did_change_renewal_pref.go:96.61,98.3 1 0
subsnotifpro-go/internal/appstore/subscription/service/did_change_renewal_pref.go:101.2,101.83 1 0
subsnotifpro-go/internal/appstore/subscription/service/did_change_renewal_pref.go:101.83,103.3 1 0
subsnotifpro-go/internal/appstore/subscription/service/did_change_renewal_pref.go:105.2,134.26 2 0
subsnotifpro-go/internal/appstore/subscription/service/did_change_renewal_status.go:20.41,24.41 2 0
subsnotifpro-go/internal/appstore/subscription/service/did_change_renewal_status.go:24.41,26.3 1 0
subsnotifpro-go/internal/appstore/subscription/service/did_change_renewal_status.go:28.2,28.62 1 0
subsnotifpro-go/internal/appstore/subscription/service/did_change_renewal_status.go:28.62,30.3 1 0
subsnotifpro-go/internal/appstore/subscription/service/did_change_renewal_status.go:33.2,37.60 4 0
subsnotifpro-go/internal/appstore/subscription/service/did_change_renewal_status.go:38.30,41.39 3 0
subsnotifpro-go/internal/appstore/subscription/service/did_change_renewal_status.go:42.31,45.40 3 0
subsnotifpro-go/internal/appstore/subscription/service/did_change_renewal_status.go:46.10,48.55 1 0
subsnotifpro-go/internal/appstore/subscription/service/did_change_renewal_status.go:52.2,53.16 2 0
subsnotifpro-go/internal/appstore/subscription/service/did_change_renewal_status.go:53.16,54.45 1 0
subsnotifpro-go/internal/appstore/subscription/service/did_change_renewal_status.go:54.45,56.4 1 0
subsnotifpro-go/internal/appstore/subscription/service/did_change_renewal_status.go:57.3,57.65 1 0
subsnotifpro-go/internal/appstore/subscription/service/did_change_renewal_status.go:61.2,61.19 1 0
subsnotifpro-go/internal/appstore/subscription/service/did_change_renewal_status.go:61.19,62.72 1 0
subsnotifpro-go/internal/appstore/subscription/service/did_change_renewal_status.go:62.72,65.4 1 0
subsnotifpro-go/internal/appstore/subscription/service/did_change_renewal_status.go:68.3,68.38 1 0
subsnotifpro-go/internal/appstore/subscription/service/did_change_renewal_status.go:68.38,70.4 1 0
subsnotifpro-go/internal/appstore/subscription/service/did_change_renewal_status.go:74.2,81.36 4 0
subsnotifpro-go/internal/appstore/subscription/service/did_change_renewal_status.go:81.36,83.3 1 0
subsnotifpro-go/internal/appstore/subscription/service/did_change_renewal_status.go:84.2,84.35 1 0
subsnotifpro-go/internal/appstore/subscription/service/did_change_renewal_status.go:84.35,86.3 1 0
subsnotifpro-go/internal/appstore/subscription/service/did_change_renewal_status.go:89.2,89.61 1 0
subsnotifpro-go/internal/appstore/subscription/service/did_change_renewal_status.go:89.61,91.3 1 0
subsnotifpro-go/internal/appstore/subscription/service/did_change_renewal_status.go:94.2,94.83 1 0
subsnotifpro-go/internal/appstore/subscription/service/did_change_renewal_status.go:94.83,96.3 1 0
subsnotifpro-go/internal/appstore/subscription/service/did_change_renewal_status.go:98.2,125.26 2 0
subsnotifpro-go/internal/appstore/subscription/service/did_fail_to_renew.go:20.41,24.41 2 0
subsnotifpro-go/internal/appstore/subscription/service/did_fail_to_renew.go:24.41,26.3 1 0
subsnotifpro-go/internal/appstore/subscription/service/did_fail_to_renew.go:28.2,28.62 1 0
subsnotifpro-go/internal/appstore/subscription/service/did_fail_to_renew.go:28.62,30.3 1 0
subsnotifpro-go/internal/appstore/subscription/service/did_fail_to_renew.go:33.2,34.16 2 0
subsnotifpro-go/internal/appstore/subscription/service/did_fail_to_renew.go:34.16,35.45 1 0
subsnotifpro-go/internal/appstore/subscription/service/did_fail_to_renew.go:35.45,37.4 1 0
subsnotifpro-go/internal/appstore/subscription/service/did_fail_to_renew.go:38.3,38.65 1 0
subsnotifpro-go/internal/appstore/subscription/service/did_fail_to_renew.go:42.2,42.19 1 0
subsnotifpro-go/internal/appstore/subscription/service/did_fail_to_renew.go:42.19,43.72 1 0
subsnotifpro-go/internal/appstore/subscription/service/did_fail_to_renew.go:43.72,46.4 1 0
subsnotifpro-go/internal/appstore/subscription/service/did_fail_to_renew.go:49.3,49.38 1 0
subsnotifpro-go/internal/appstore/subscription/service/did_fail_to_renew.go:49.38,51.4 1 0
subsnotifpro-go/internal/appstore/subscription/service/did_fail_to_renew.go:55.2,62.60 5 0
subsnotifpro-go/internal/appstore/subscription/service/did_fail_to_renew.go:63.24,66.68 3 0
subsnotifpro-go/internal/appstore/subscription/service/did_fail_to_renew.go:67.10,70.65 3 0
subsnotifpro-go/internal/appstore/subscription/service/did_fail_to_renew.go:74.2,78.76 3 0
subsnotifpro-go/internal/appstore/subscription/service/did_fail_to_renew.go:78.76,79.36 1 0
subsnotifpro-go/internal/appstore/subscription/service/did_fail_to_renew.go:79.36,81.4 1 0
subsnotifpro-go/internal/appstore/subscription/service/did_fail_to_renew.go:85.2,85.61 1 0
subsnotifpro-go/internal/appstore/subscription/service/did_fail_to_renew.go:85.61,87.3 1 0
subsnotifpro-go/internal/appstore/subscription/service/did_fail_to_renew.go:90.2,90.83 1 0
subsnotifpro-go/internal/appstore/subscription/service/did_fail_to_renew.go:90.83,92.3 1 0
subsnotifpro-go/internal/appstore/subscription/service/did_fail_to_renew.go:94.2,116.26 2 0
subsnotifpro-go/internal/appstore/subscription/service/did_renew.go:22.41,32.41 4 0
subsnotifpro-go/internal/appstore/subscription/service/did_renew.go:32.41,34.3 1 0
subsnotifpro-go/internal/appstore/subscription/service/did_renew.go:37.2,38.16 2 0
subsnotifpro-go/internal/appstore/subscription/service/did_renew.go:38.16,39.45 1 0
subsnotifpro-go/internal/appstore/subscription/service/did_renew.go:39.45,41.4 1 0
subsnotifpro-go/internal/appstore/subscription/service/did_renew.go:42.3,42.65 1 0
subsnotifpro-go/internal/appstore/subscription/service/did_renew.go:46.2,46.19 1 0
subsnotifpro-go/internal/appstore/subscription/service/did_renew.go:46.19,47.72 1 0
subsnotifpro-go/internal/appstore/subscription/service/did_renew.go:47.72,50.4 1 0
subsnotifpro-go/internal/appstore/subscription/service/did_renew.go:53.3,53.38 1 0
subsnotifpro-go/internal/appstore/subscription/service/did_renew.go:53.38,55.4 1 0
subsnotifpro-go/internal/appstore/subscription/service/did_renew.go:59.2,59.52 1 0
subsnotifpro-go/internal/appstore/subscription/service/did_renew.go:59.52,62.3 1 0
subsnotifpro-go/internal/appstore/subscription/service/did_renew.go:65.2,76.35 8 0
subsnotifpro-go/internal/appstore/subscription/service/did_renew.go:76.35,79.3 2 0
subsnotifpro-go/internal/appstore/subscription/service/did_renew.go:82.2,82.50 1 0
subsnotifpro-go/internal/appstore/subscription/service/did_renew.go:82.50,83.59 1 0
subsnotifpro-go/internal/appstore/subscription/service/did_renew.go:83.59,85.4 1 0
subsnotifpro-go/internal/appstore/subscription/service/did_renew.go:85.9,87.4 1 0
subsnotifpro-go/internal/appstore/subscription/service/did_renew.go:91.2,91.39 1 0
subsnotifpro-go/internal/appstore/subscription/service/did_renew.go:91.39,94.36 3 0
subsnotifpro-go/internal/appstore/subscription/service/did_renew.go:94.36,96.4 1 0
subsnotifpro-go/internal/appstore/subscription/service/did_renew.go:100.2,103.78 3 0
subsnotifpro-go/internal/appstore/subscription/service/did_renew.go:103.78,106.3 2 0
subsnotifpro-go/internal/appstore/subscription/service/did_renew.go:109.2,109.61 1 0
subsnotifpro-go/internal/appstore/subscription/service/did_renew.go:109.61,111.3 1 0
subsnotifpro-go/internal/appstore/subscription/service/did_renew.go:114.2,114.83 1 0
subsnotifpro-go/internal/appstore/subscription/service/did_renew.go:114.83,116.3 1 0
subsnotifpro-go/internal/appstore/subscription/service/did_renew.go:118.2,128.26 2 0
subsnotifpro-go/internal/appstore/subscription/service/did_renew.go:131.77,132.23 1 0
subsnotifpro-go/internal/appstore/subscription/service/did_renew.go:135.40,136.14 1 0
subsnotifpro-go/internal/appstore/subscription/service/did_renew.go:137.10,138.15 1 0
subsnotifpro-go/internal/appstore/subscription/service/expired.go:20.41,24.41 2 0
subsnotifpro-go/internal/appstore/subscription/service/expired.go:24.41,26.3 1 0
subsnotifpro-go/internal/appstore/subscription/service/expired.go:28.2,28.62 1 0
subsnotifpro-go/internal/appstore/subscription/service/expired.go:28.62,30.3 1 0
subsnotifpro-go/internal/appstore/subscription/service/expired.go:33.2,34.16 2 0
subsnotifpro-go/internal/appstore/subscription/service/expired.go:34.16,35.45 1 0
subsnotifpro-go/internal/appstore/subscription/service/expired.go:35.45,37.4 1 0
subsnotifpro-go/internal/appstore/subscription/service/expired.go:38.3,38.65 1 0
subsnotifpro-go/internal/appstore/subscription/service/expired.go:42.2,42.19 1 0
subsnotifpro-go/internal/appstore/subscription/service/expired.go:42.19,43.72 1 0
subsnotifpro-go/internal/appstore/subscription/service/expired.go:43.72,46.4 1 0
subsnotifpro-go/internal/appstore/subscription/service/expired.go:49.3,49.38 1 0
subsnotifpro-go/internal/appstore/subscription/service/expired.go:49.38,51.4 1 0
subsnotifpro-go/internal/appstore/subscription/service/expired.go:55.2,59.60 3 0
subsnotifpro-go/internal/appstore/subscription/service/expired.go:60.21,61.52 1 0
subsnotifpro-go/internal/appstore/subscription/service/expired.go:62.25,63.67 1 0
subsnotifpro-go/internal/appstore/subscription/service/expired.go:64.34,65.66 1 0
subsnotifpro-go/internal/appstore/subscription/service/expired.go:66.32,67.72 1 0
subsnotifpro-go/internal/appstore/subscription/service/expired.go:68.10,69.34 1 0
subsnotifpro-go/internal/appstore/subscription/service/expired.go:73.2,81.61 5 0
subsnotifpro-go/internal/appstore/subscription/service/expired.go:81.61,83.3 1 0
subsnotifpro-go/internal/appstore/subscription/service/expired.go:86.2,86.100 1 0
subsnotifpro-go/internal/appstore/subscription/service/expired.go:86.100,88.3 1 0
subsnotifpro-go/internal/appstore/subscription/service/expired.go:90.2,120.26 2 0
subsnotifpro-go/internal/appstore/subscription/service/external_purchase_token.go:20.41,25.28 3 0
subsnotifpro-go/internal/appstore/subscription/service/external_purchase_token.go:25.28,27.3 1 0
subsnotifpro-go/internal/appstore/subscription/service/external_purchase_token.go:30.2,31.59 2 0
subsnotifpro-go/internal/appstore/subscription/service/external_purchase_token.go:31.59,33.3 1 0
subsnotifpro-go/internal/appstore/subscription/service/external_purchase_token.go:36.2,36.25 1 0
subsnotifpro-go/internal/appstore/subscription/service/external_purchase_token.go:36.25,39.53 2 0
subsnotifpro-go/internal/appstore/subscription/service/external_purchase_token.go:39.53,41.4 1 0
subsnotifpro-go/internal/appstore/subscription/service/external_purchase_token.go:43.3,44.44 1 0
subsnotifpro-go/internal/appstore/subscription/service/external_purchase_token.go:45.8,58.20 2 0
subsnotifpro-go/internal/appstore/subscription/service/external_purchase_token.go:58.20,60.4 1 0
subsnotifpro-go/internal/appstore/subscription/service/external_purchase_token.go:62.3,62.58 1 0
subsnotifpro-go/internal/appstore/subscription/service/external_purchase_token.go:62.58,64.4 1 0
subsnotifpro-go/internal/appstore/subscription/service/external_purchase_token.go:66.3,67.27 1 0
subsnotifpro-go/internal/appstore/subscription/service/external_purchase_token.go:71.2,74.25 3 0
subsnotifpro-go/internal/appstore/subscription/service/external_purchase_token.go:74.25,77.62 1 0
subsnotifpro-go/internal/appstore/subscription/service/external_purchase_token.go:77.62,79.4 1 0
subsnotifpro-go/internal/appstore/subscription/service/external_purchase_token.go:81.3,81.84 1 0
subsnotifpro-go/internal/appstore/subscription/service/external_purchase_token.go:81.84,83.4 1 0
subsnotifpro-go/internal/appstore/subscription/service/external_purchase_token.go:95.2,95.26 1 0
subsnotifpro-go/internal/appstore/subscription/service/grace_period_expired.go:20.41,24.41 2 0
subsnotifpro-go/internal/appstore/subscription/service/grace_period_expired.go:24.41,26.3 1 0
subsnotifpro-go/internal/appstore/subscription/service/grace_period_expired.go:29.2,30.16 2 0
subsnotifpro-go/internal/appstore/subscription/service/grace_period_expired.go:30.16,31.45 1 0
subsnotifpro-go/internal/appstore/subscription/service/grace_period_expired.go:31.45,33.4 1 0
subsnotifpro-go/internal/appstore/subscription/service/grace_period_expired.go:34.3,34.65 1 0
subsnotifpro-go/internal/appstore/subscription/service/grace_period_expired.go:38.2,38.19 1 0
subsnotifpro-go/internal/appstore/subscription/service/grace_period_expired.go:38.19,39.72 1 0
subsnotifpro-go/internal/appstore/subscription/service/grace_period_expired.go:39.72,42.4 1 0
subsnotifpro-go/internal/appstore/subscription/service/grace_period_expired.go:46.2,46.65 1 0
subsnotifpro-go/internal/appstore/subscription/service/grace_period_expired.go:46.65,49.3 1 0
subsnotifpro-go/internal/appstore/subscription/service/grace_period_expired.go:52.2,58.61 5 0
subsnotifpro-go/internal/appstore/subscription/service/grace_period_expired.go:58.61,60.3 1 0
subsnotifpro-go/internal/appstore/subscription/service/grace_period_expired.go:63.2,64.105 2 0
subsnotifpro-go/internal/appstore/subscription/service/grace_period_expired.go:64.105,66.3 1 0
subsnotifpro-go/internal/appstore/subscription/service/grace_period_expired.go:68.2,80.26 2 0
subsnotifpro-go/internal/appstore/subscription/service/metadata_update.go:20.41,24.41 2 0
subsnotifpro-go/internal/appstore/subscription/service/metadata_update.go:24.41,26.3 1 0
subsnotifpro-go/internal/appstore/subscription/service/metadata_update.go:29.2,30.16 2 0
subsnotifpro-go/internal/appstore/subscription/service/metadata_update.go:30.16,31.45 1 0
subsnotifpro-go/internal/appstore/subscription/service/metadata_update.go:31.45,33.4 1 0
subsnotifpro-go/internal/appstore/subscription/service/metadata_update.go:34.3,34.65 1 0
subsnotifpro-go/internal/appstore/subscription/service/metadata_update.go:38.2,38.19 1 0
subsnotifpro-go/internal/appstore/subscription/service/metadata_update.go:38.19,39.72 1 0
subsnotifpro-go/internal/appstore/subscription/service/metadata_update.go:39.72,42.4 1 0
subsnotifpro-go/internal/appstore/subscription/service/metadata_update.go:49.2,54.61 2 0
subsnotifpro-go/internal/appstore/subscription/service/metadata_update.go:54.61,56.3 1 0
subsnotifpro-go/internal/appstore/subscription/service/metadata_update.go:57.2,58.104 2 0
subsnotifpro-go/internal/appstore/subscription/service/metadata_update.go:58.104,60.3 1 0
subsnotifpro-go/internal/appstore/subscription/service/metadata_update.go:62.2,74.26 2 0
subsnotifpro-go/internal/appstore/subscription/service/migration.go:21.41,25.41 2 0
subsnotifpro-go/internal/appstore/subscription/service/migration.go:25.41,27.3 1 0
subsnotifpro-go/internal/appstore/subscription/service/migration.go:30.2,31.16 2 0
subsnotifpro-go/internal/appstore/subscription/service/migration.go:31.16,32.45 1 0
subsnotifpro-go/internal/appstore/subscription/service/migration.go:32.45,39.18 3 0
subsnotifpro-go/internal/appstore/subscription/service/migration.go:39.18,41.5 1 0
subsnotifpro-go/internal/appstore/subscription/service/migration.go:44.4,45.93 2 0
subsnotifpro-go/internal/appstore/subscription/service/migration.go:45.93,47.5 1 0
subsnotifpro-go/internal/appstore/subscription/service/migration.go:48.4,48.19 1 0
subsnotifpro-go/internal/appstore/subscription/service/migration.go:50.3,50.65 1 0
subsnotifpro-go/internal/appstore/subscription/service/migration.go:54.2,54.19 1 0
subsnotifpro-go/internal/appstore/subscription/service/migration.go:54.19,55.72 1 0
subsnotifpro-go/internal/appstore/subscription/service/migration.go:55.72,58.4 1 0
subsnotifpro-go/internal/appstore/subscription/service/migration.go:62.2,71.99 8 0
subsnotifpro-go/internal/appstore/subscription/service/migration.go:71.99,73.3 1 0
subsnotifpro-go/internal/appstore/subscription/service/migration.go:75.2,89.26 2 0
subsnotifpro-go/internal/appstore/subscription/service/migration.go:98.41,117.19 2 0
subsnotifpro-go/internal/appstore/subscription/service/migration.go:117.19,119.3 1 0
subsnotifpro-go/internal/appstore/subscription/service/migration.go:122.2,122.54 1 0
subsnotifpro-go/internal/appstore/subscription/service/migration.go:122.54,124.3 1 0
subsnotifpro-go/internal/appstore/subscription/service/migration.go:127.2,128.99 2 0
subsnotifpro-go/internal/appstore/subscription/service/migration.go:128.99,130.3 1 0
subsnotifpro-go/internal/appstore/subscription/service/migration.go:132.2,135.26 2 0
subsnotifpro-go/internal/appstore/subscription/service/offer_redeeemed.go:20.41,24.41 2 0
subsnotifpro-go/internal/appstore/subscription/service/offer_redeeemed.go:24.41,26.3 1 0
subsnotifpro-go/internal/appstore/subscription/service/offer_redeeemed.go:28.2,28.62 1 0
subsnotifpro-go/internal/appstore/subscription/service/offer_redeeemed.go:28.62,30.3 1 0
subsnotifpro-go/internal/appstore/subscription/service/offer_redeeemed.go:33.2,34.16 2 0
subsnotifpro-go/internal/appstore/subscription/service/offer_redeeemed.go:34.16,35.45 1 0
subsnotifpro-go/internal/appstore/subscription/service/offer_redeeemed.go:35.45,37.4 1 0
subsnotifpro-go/internal/appstore/subscription/service/offer_redeeemed.go:38.3,38.65 1 0
subsnotifpro-go/internal/appstore/subscription/service/offer_redeeemed.go:42.2,42.19 1 0
subsnotifpro-go/internal/appstore/subscription/service/offer_redeeemed.go:42.19,43.72 1 0
subsnotifpro-go/internal/appstore/subscription/service/offer_redeeemed.go:43.72,46.4 1 0
subsnotifpro-go/internal/appstore/subscription/service/offer_redeeemed.go:50.2,51.60 2 0
subsnotifpro-go/internal/appstore/subscription/service/offer_redeeemed.go:52.23,53.33 1 0
subsnotifpro-go/internal/appstore/subscription/service/offer_redeeemed.go:54.23,55.28 1 0
subsnotifpro-go/internal/appstore/subscription/service/offer_redeeemed.go:56.19,57.24 1 0
subsnotifpro-go/internal/appstore/subscription/service/offer_redeeemed.go:58.21,59.26 1 0
subsnotifpro-go/internal/appstore/subscription/service/offer_redeeemed.go:60.10,61.24 1 0
subsnotifpro-go/internal/appstore/subscription/service/offer_redeeemed.go:65.2,67.31 3 0
subsnotifpro-go/internal/appstore/subscription/service/offer_redeeemed.go:67.31,69.3 1 0
subsnotifpro-go/internal/appstore/subscription/service/offer_redeeemed.go:70.2,73.61 2 0
subsnotifpro-go/internal/appstore/subscription/service/offer_redeeemed.go:73.61,75.3 1 0
subsnotifpro-go/internal/appstore/subscription/service/offer_redeeemed.go:78.2,79.105 2 0
subsnotifpro-go/internal/appstore/subscription/service/offer_redeeemed.go:79.105,81.3 1 0
subsnotifpro-go/internal/appstore/subscription/service/offer_redeeemed.go:83.2,96.26 2 0
subsnotifpro-go/internal/appstore/subscription/service/one_time_charge.go:19.41,23.41 2 0
subsnotifpro-go/internal/appstore/subscription/service/one_time_charge.go:23.41,25.3 1 0
subsnotifpro-go/internal/appstore/subscription/service/one_time_charge.go:26.2,26.29 1 0
subsnotifpro-go/internal/appstore/subscription/service/one_time_charge.go:26.29,28.3 1 0
subsnotifpro-go/internal/appstore/subscription/service/one_time_charge.go:31.2,50.19 3 0
subsnotifpro-go/internal/appstore/subscription/service/one_time_charge.go:50.19,52.3 1 0
subsnotifpro-go/internal/appstore/subscription/service/one_time_charge.go:55.2,55.57 1 0
subsnotifpro-go/internal/appstore/subscription/service/one_time_charge.go:55.57,57.3 1 0
subsnotifpro-go/internal/appstore/subscription/service/one_time_charge.go:60.2,62.20 3 0
subsnotifpro-go/internal/appstore/subscription/service/one_time_charge.go:62.20,64.3 1 0
subsnotifpro-go/internal/appstore/subscription/service/one_time_charge.go:67.2,67.86 1 0
subsnotifpro-go/internal/appstore/subscription/service/one_time_charge.go:67.86,69.3 1 0
subsnotifpro-go/internal/appstore/subscription/service/one_time_charge.go:71.2,86.17 2 0
subsnotifpro-go/internal/appstore/subscription/service/price_change.go:21.41,25.45 2 0
subsnotifpro-go/internal/appstore/subscription/service/price_change.go:25.45,27.3 1 0
subsnotifpro-go/internal/appstore/subscription/service/price_change.go:30.2,31.16 2 0
subsnotifpro-go/internal/appstore/subscription/service/price_change.go:31.16,32.45 1 0
subsnotifpro-go/internal/appstore/subscription/service/price_change.go:32.45,34.4 1 0
subsnotifpro-go/internal/appstore/subscription/service/price_change.go:35.3,35.65 1 0
subsnotifpro-go/internal/appstore/subscription/service/price_change.go:39.2,39.19 1 0
subsnotifpro-go/internal/appstore/subscription/service/price_change.go:39.19,40.72 1 0
subsnotifpro-go/internal/appstore/subscription/service/price_change.go:40.72,43.4 1 0
subsnotifpro-go/internal/appstore/subscription/service/price_change.go:47.2,60.61 7 0
subsnotifpro-go/internal/appstore/subscription/service/price_change.go:60.61,62.3 1 0
subsnotifpro-go/internal/appstore/subscription/service/price_change.go:64.2,64.101 1 0
subsnotifpro-go/internal/appstore/subscription/service/price_change.go:64.101,66.3 1 0
subsnotifpro-go/internal/appstore/subscription/service/price_change.go:68.2,84.26 2 0
subsnotifpro-go/internal/appstore/subscription/service/price_increase.go:20.41,24.43 2 0
subsnotifpro-go/internal/appstore/subscription/service/price_increase.go:24.43,26.3 1 0
subsnotifpro-go/internal/appstore/subscription/service/price_increase.go:27.2,29.45 2 0
subsnotifpro-go/internal/appstore/subscription/service/price_increase.go:29.45,31.3 1 0
subsnotifpro-go/internal/appstore/subscription/service/price_increase.go:33.2,33.28 1 0
subsnotifpro-go/internal/appstore/subscription/service/price_increase.go:33.28,35.3 1 0
subsnotifpro-go/internal/appstore/subscription/service/price_increase.go:38.2,39.16 2 0
subsnotifpro-go/internal/appstore/subscription/service/price_increase.go:39.16,40.45 1 0
subsnotifpro-go/internal/appstore/subscription/service/price_increase.go:40.45,42.4 1 0
subsnotifpro-go/internal/appstore/subscription/service/price_increase.go:43.3,43.65 1 0
subsnotifpro-go/internal/appstore/subscription/service/price_increase.go:47.2,47.19 1 0
subsnotifpro-go/internal/appstore/subscription/service/price_increase.go:47.19,48.72 1 0
subsnotifpro-go/internal/appstore/subscription/service/price_increase.go:48.72,51.4 1 0
subsnotifpro-go/internal/appstore/subscription/service/price_increase.go:55.2,65.26 7 0
subsnotifpro-go/internal/appstore/subscription/service/price_increase.go:66.19,67.53 1 0
subsnotifpro-go/internal/appstore/subscription/service/price_increase.go:68.20,69.46 1 0
subsnotifpro-go/internal/appstore/subscription/service/price_increase.go:70.10,71.41 1 0
subsnotifpro-go/internal/appstore/subscription/service/price_increase.go:75.2,75.61 1 0
subsnotifpro-go/internal/appstore/subscription/service/price_increase.go:75.61,77.3 1 0
subsnotifpro-go/internal/appstore/subscription/service/price_increase.go:80.2,80.103 1 0
subsnotifpro-go/internal/appstore/subscription/service/price_increase.go:80.103,82.3 1 0
subsnotifpro-go/internal/appstore/subscription/service/price_increase.go:84.2,110.26 2 0
subsnotifpro-go/internal/appstore/subscription/service/refund.go:20.41,24.41 2 0
subsnotifpro-go/internal/appstore/subscription/service/refund.go:24.41,26.3 1 0
subsnotifpro-go/internal/appstore/subscription/service/refund.go:29.2,30.16 2 0
subsnotifpro-go/internal/appstore/subscription/service/refund.go:30.16,31.45 1 0
subsnotifpro-go/internal/appstore/subscription/service/refund.go:31.45,33.4 1 0
subsnotifpro-go/internal/appstore/subscription/service/refund.go:34.3,34.65 1 0
subsnotifpro-go/internal/appstore/subscription/service/refund.go:38.2,38.19 1 0
subsnotifpro-go/internal/appstore/subscription/service/refund.go:38.19,39.72 1 0
subsnotifpro-go/internal/appstore/subscription/service/refund.go:39.72,42.4 1 0
subsnotifpro-go/internal/appstore/subscription/service/refund.go:45.3,45.38 1 0
subsnotifpro-go/internal/appstore/subscription/service/refund.go:45.38,47.4 1 0
subsnotifpro-go/internal/appstore/subscription/service/refund.go:51.2,60.61 6 0
subsnotifpro-go/internal/appstore/subscription/service/refund.go:60.61,62.3 1 0
subsnotifpro-go/internal/appstore/subscription/service/refund.go:65.2,66.96 2 0
subsnotifpro-go/internal/appstore/subscription/service/refund.go:66.96,68.3 1 0
subsnotifpro-go/internal/appstore/subscription/service/refund.go:70.2,94.26 2 0
subsnotifpro-go/internal/appstore/subscription/service/refund_declined.go:20.41,24.41 2 0
subsnotifpro-go/internal/appstore/subscription/service/refund_declined.go:24.41,26.3 1 0
subsnotifpro-go/internal/appstore/subscription/service/refund_declined.go:29.2,30.16 2 0
subsnotifpro-go/internal/appstore/subscription/service/refund_declined.go:30.16,31.45 1 0
subsnotifpro-go/internal/appstore/subscription/service/refund_declined.go:31.45,33.4 1 0
subsnotifpro-go/internal/appstore/subscription/service/refund_declined.go:34.3,34.65 1 0
subsnotifpro-go/internal/appstore/subscription/service/refund_declined.go:38.2,38.19 1 0
subsnotifpro-go/internal/appstore/subscription/service/refund_declined.go:38.19,39.72 1 0
subsnotifpro-go/internal/appstore/subscription/service/refund_declined.go:39.72,42.4 1 0
subsnotifpro-go/internal/appstore/subscription/service/refund_declined.go:46.2,46.61 1 0
subsnotifpro-go/internal/appstore/subscription/service/refund_declined.go:46.61,48.3 1 0
subsnotifpro-go/internal/appstore/subscription/service/refund_declined.go:51.2,52.104 2 0
subsnotifpro-go/internal/appstore/subscription/service/refund_declined.go:52.104,54.3 1 0
subsnotifpro-go/internal/appstore/subscription/service/refund_declined.go:56.2,77.26 2 0
subsnotifpro-go/internal/appstore/subscription/service/refund_reversed.go:20.41,24.41 2 0
subsnotifpro-go/internal/appstore/subscription/service/refund_reversed.go:24.41,26.3 1 0
subsnotifpro-go/internal/appstore/subscription/service/refund_reversed.go:29.2,30.16 2 0
subsnotifpro-go/internal/appstore/subscription/service/refund_reversed.go:30.16,31.45 1 0
subsnotifpro-go/internal/appstore/subscription/service/refund_reversed.go:31.45,33.4 1 0
subsnotifpro-go/internal/appstore/subscription/service/refund_reversed.go:34.3,34.65 1 0
subsnotifpro-go/internal/appstore/subscription/service/refund_reversed.go:38.2,38.19 1 0
subsnotifpro-go/internal/appstore/subscription/service/refund_reversed.go:38.19,39.72 1 0
subsnotifpro-go/internal/appstore/subscription/service/refund_reversed.go:39.72,42.4 1 0
subsnotifpro-go/internal/appstore/subscription/service/refund_reversed.go:46.2,51.61 4 0
subsnotifpro-go/internal/appstore/subscription/service/refund_reversed.go:51.61,53.3 1 0
subsnotifpro-go/internal/appstore/subscription/service/refund_reversed.go:56.2,57.104 2 0
subsnotifpro-go/internal/appstore/subscription/service/refund_reversed.go:57.104,59.3 1 0
subsnotifpro-go/internal/appstore/subscription/service/refund_reversed.go:61.2,82.26 2 0
subsnotifpro-go/internal/appstore/subscription/service/renewal_extended.go:20.41,24.41 2 0
subsnotifpro-go/internal/appstore/subscription/service/renewal_extended.go:24.41,26.3 1 0
subsnotifpro-go/internal/appstore/subscription/service/renewal_extended.go:29.2,30.16 2 0
subsnotifpro-go/internal/appstore/subscription/service/renewal_extended.go:30.16,31.45 1 0
subsnotifpro-go/internal/appstore/subscription/service/renewal_extended.go:31.45,33.4 1 0
subsnotifpro-go/internal/appstore/subscription/service/renewal_extended.go:34.3,34.65 1 0
subsnotifpro-go/internal/appstore/subscription/service/renewal_extended.go:38.2,38.19 1 0
subsnotifpro-go/internal/appstore/subscription/service/renewal_extended.go:38.19,39.72 1 0
subsnotifpro-go/internal/appstore/subscription/service/renewal_extended.go:39.72,42.4 1 0
subsnotifpro-go/internal/appstore/subscription/service/renewal_extended.go:46.2,53.61 4 0
subsnotifpro-go/internal/appstore/subscription/service/renewal_extended.go:53.61,55.3 1 0
subsnotifpro-go/internal/appstore/subscription/service/renewal_extended.go:58.2,59.106 2 0
subsnotifpro-go/internal/appstore/subscription/service/renewal_extended.go:59.106,61.3 1 0
subsnotifpro-go/internal/appstore/subscription/service/renewal_extended.go:63.2,76.26 2 0
subsnotifpro-go/internal/appstore/subscription/service/renewal_extension.go:20.41,24.20 2 0
subsnotifpro-go/internal/appstore/subscription/service/renewal_extension.go:24.20,26.3 1 0
subsnotifpro-go/internal/appstore/subscription/service/renewal_extension.go:27.2,27.37 1 0
subsnotifpro-go/internal/appstore/subscription/service/renewal_extension.go:27.37,29.3 1 0
subsnotifpro-go/internal/appstore/subscription/service/renewal_extension.go:30.2,30.29 1 0
subsnotifpro-go/internal/appstore/subscription/service/renewal_extension.go:30.29,32.3 1 0
subsnotifpro-go/internal/appstore/subscription/service/renewal_extension.go:35.2,61.51 5 0
subsnotifpro-go/internal/appstore/subscription/service/renewal_extension.go:61.51,63.3 1 0
subsnotifpro-go/internal/appstore/subscription/service/renewal_extension.go:82.2,85.17 2 0
subsnotifpro-go/internal/appstore/subscription/service/resolve_user.go:18.23,20.99 2 0
subsnotifpro-go/internal/appstore/subscription/service/resolve_user.go:20.99,22.3 1 0
subsnotifpro-go/internal/appstore/subscription/service/resolve_user.go:24.2,36.16 4 0
subsnotifpro-go/internal/appstore/subscription/service/resolve_user.go:36.16,38.3 1 0
subsnotifpro-go/internal/appstore/subscription/service/resolve_user.go:40.2,40.21 1 0
subsnotifpro-go/internal/appstore/subscription/service/revoke.go:20.41,24.41 2 0
subsnotifpro-go/internal/appstore/subscription/service/revoke.go:24.41,26.3 1 0
subsnotifpro-go/internal/appstore/subscription/service/revoke.go:29.2,30.16 2 0
subsnotifpro-go/internal/appstore/subscription/service/revoke.go:30.16,31.45 1 0
subsnotifpro-go/internal/appstore/subscription/service/revoke.go:31.45,33.4 1 0
subsnotifpro-go/internal/appstore/subscription/service/revoke.go:34.3,34.65 1 0
subsnotifpro-go/internal/appstore/subscription/service/revoke.go:38.2,38.19 1 0
subsnotifpro-go/internal/appstore/subscription/service/revoke.go:38.19,39.72 1 0
subsnotifpro-go/internal/appstore/subscription/service/revoke.go:39.72,42.4 1 0
subsnotifpro-go/internal/appstore/subscription/service/revoke.go:45.3,45.38 1 0
subsnotifpro-go/internal/appstore/subscription/service/revoke.go:45.38,47.4 1 0
subsnotifpro-go/internal/appstore/subscription/service/revoke.go:51.2,59.69 5 0
subsnotifpro-go/internal/appstore/subscription/service/revoke.go:59.69,61.3 1 0
subsnotifpro-go/internal/appstore/subscription/service/revoke.go:64.2,64.61 1 0
subsnotifpro-go/internal/appstore/subscription/service/revoke.go:64.61,66.3 1 0
subsnotifpro-go/internal/appstore/subscription/service/revoke.go:69.2,70.100 2 0
subsnotifpro-go/internal/appstore/subscription/service/revoke.go:70.100,72.3 1 0
subsnotifpro-go/internal/appstore/subscription/service/revoke.go:74.2,99.26 2 0
subsnotifpro-go/internal/appstore/subscription/service/service.go:35.31,43.2 1 0
subsnotifpro-go/internal/appstore/subscription/service/service.go:48.9,53.9 3 0
subsnotifpro-go/internal/appstore/subscription/service/service.go:53.9,55.3 1 0
subsnotifpro-go/internal/appstore/subscription/service/service.go:58.2,59.16 2 0
subsnotifpro-go/internal/appstore/subscription/service/service.go:59.16,61.3 1 0
subsnotifpro-go/internal/appstore/subscription/service/service.go:64.2,67.68 2 0
subsnotifpro-go/internal/appstore/subscription/service/service.go:68.22,69.63 1 0
subsnotifpro-go/internal/appstore/subscription/service/service.go:70.21,71.61 1 0
subsnotifpro-go/internal/appstore/subscription/service/service.go:72.37,73.75 1 0
subsnotifpro-go/internal/appstore/subscription/service/service.go:74.35,75.73 1 0
subsnotifpro-go/internal/appstore/subscription/service/service.go:76.29,77.67 1 0
subsnotifpro-go/internal/appstore/subscription/service/service.go:78.19,79.60 1 0
subsnotifpro-go/internal/appstore/subscription/service/service.go:80.18,81.59 1 0
subsnotifpro-go/internal/appstore/subscription/service/service.go:82.18,83.59 1 0
subsnotifpro-go/internal/appstore/subscription/service/service.go:84.31,85.71 1 0
subsnotifpro-go/internal/appstore/subscription/service/service.go:86.35,87.74 1 0
subsnotifpro-go/internal/appstore/subscription/service/service.go:88.32,89.71 1 0
subsnotifpro-go/internal/appstore/subscription/service/service.go:90.27,91.67 1 0
subsnotifpro-go/internal/appstore/subscription/service/service.go:92.21,93.62 1 0
subsnotifpro-go/internal/appstore/subscription/service/service.go:94.26,95.66 1 0
subsnotifpro-go/internal/appstore/subscription/service/service.go:96.27,97.66 1 0
subsnotifpro-go/internal/appstore/subscription/service/service.go:98.24,99.64 1 0
subsnotifpro-go/internal/appstore/subscription/service/service.go:100.26,101.66 1 0
subsnotifpro-go/internal/appstore/subscription/service/service.go:102.27,103.67 1 0
subsnotifpro-go/internal/appstore/subscription/service/service.go:104.27,105.67 1 0
subsnotifpro-go/internal/appstore/subscription/service/service.go:106.28,107.68 1 0
subsnotifpro-go/internal/appstore/subscription/service/service.go:108.29,109.69 1 0
subsnotifpro-go/internal/appstore/subscription/service/service.go:110.16,112.13 2 0
subsnotifpro-go/internal/appstore/subscription/service/service.go:113.10,115.63 1 0
subsnotifpro-go/internal/appstore/subscription/service/service.go:118.2,118.16 1 0
subsnotifpro-go/internal/appstore/subscription/service/service.go:118.16,120.3 1 0
subsnotifpro-go/internal/appstore/subscription/service/service.go:122.2,126.120 3 0
subsnotifpro-go/internal/appstore/subscription/service/service.go:126.120,128.3 1 0
subsnotifpro-go/internal/appstore/subscription/service/service.go:130.2,130.12 1 0
subsnotifpro-go/internal/appstore/subscription/service/subscribed.go:21.41,25.62 2 0
subsnotifpro-go/internal/appstore/subscription/service/subscribed.go:25.62,27.3 1 0
subsnotifpro-go/internal/appstore/subscription/service/subscribed.go:30.2,31.60 2 0
subsnotifpro-go/internal/appstore/subscription/service/subscribed.go:32.23,33.46 1 0
subsnotifpro-go/internal/appstore/subscription/service/subscribed.go:34.23,35.42 1 0
subsnotifpro-go/internal/appstore/subscription/service/subscribed.go:36.10,37.113 1 0
subsnotifpro-go/internal/appstore/subscription/service/subscribed.go:41.2,42.59 2 0
subsnotifpro-go/internal/appstore/subscription/service/subscribed.go:42.59,44.3 1 0
subsnotifpro-go/internal/appstore/subscription/service/subscribed.go:46.2,47.24 2 0
subsnotifpro-go/internal/appstore/subscription/service/subscribed.go:47.24,50.17 2 0
subsnotifpro-go/internal/appstore/subscription/service/subscribed.go:50.17,52.4 1 0
subsnotifpro-go/internal/appstore/subscription/service/subscribed.go:53.8,56.17 2 0
subsnotifpro-go/internal/appstore/subscription/service/subscribed.go:56.17,58.4 1 0
subsnotifpro-go/internal/appstore/subscription/service/subscribed.go:62.2,63.83 2 0
subsnotifpro-go/internal/appstore/subscription/service/subscribed.go:63.83,65.3 1 0
subsnotifpro-go/internal/appstore/subscription/service/subscribed.go:67.2,70.26 2 0
subsnotifpro-go/internal/appstore/subscription/service/subscribed.go:80.41,103.77 2 0
subsnotifpro-go/internal/appstore/subscription/service/subscribed.go:103.77,106.3 2 0
subsnotifpro-go/internal/appstore/subscription/service/subscribed.go:109.2,109.19 1 0
subsnotifpro-go/internal/appstore/subscription/service/subscribed.go:109.19,111.3 1 0
subsnotifpro-go/internal/appstore/subscription/service/subscribed.go:114.2,114.35 1 0
subsnotifpro-go/internal/appstore/subscription/service/subscribed.go:114.35,117.32 3 0
subsnotifpro-go/internal/appstore/subscription/service/subscribed.go:117.32,119.4 1 0
subsnotifpro-go/internal/appstore/subscription/service/subscribed.go:123.2,123.36 1 0
subsnotifpro-go/internal/appstore/subscription/service/subscribed.go:123.36,125.3 1 0
subsnotifpro-go/internal/appstore/subscription/service/subscribed.go:128.2,128.54 1 0
subsnotifpro-go/internal/appstore/subscription/service/subscribed.go:128.54,130.3 1 0
subsnotifpro-go/internal/appstore/subscription/service/subscribed.go:132.2,132.26 1 0
subsnotifpro-go/internal/appstore/subscription/service/subscribed.go:143.41,152.77 6 0
subsnotifpro-go/internal/appstore/subscription/service/subscribed.go:152.77,155.3 2 0
subsnotifpro-go/internal/appstore/subscription/service/subscribed.go:158.2,161.53 2 0
subsnotifpro-go/internal/appstore/subscription/service/subscribed.go:161.53,163.3 1 0
subsnotifpro-go/internal/appstore/subscription/service/subscribed.go:166.2,166.35 1 0
subsnotifpro-go/internal/appstore/subscription/service/subscribed.go:166.35,169.32 3 0
subsnotifpro-go/internal/appstore/subscription/service/subscribed.go:169.32,172.4 2 0
subsnotifpro-go/internal/appstore/subscription/service/subscribed.go:176.2,176.36 1 0
subsnotifpro-go/internal/appstore/subscription/service/subscribed.go:176.36,178.3 1 0
subsnotifpro-go/internal/appstore/subscription/service/subscribed.go:181.2,181.51 1 0
subsnotifpro-go/internal/appstore/subscription/service/subscribed.go:181.51,183.3 1 0
subsnotifpro-go/internal/appstore/subscription/service/subscribed.go:185.2,185.25 1 0
subsnotifpro-go/internal/appstore/webhooks/repository/repository.go:30.86,32.2 1 0
subsnotifpro-go/internal/appstore/webhooks/repository/repository.go:34.118,36.21 2 0
subsnotifpro-go/internal/appstore/webhooks/repository/repository.go:36.21,38.3 1 0
subsnotifpro-go/internal/appstore/webhooks/repository/repository.go:40.2,42.15 2 0
subsnotifpro-go/internal/appstore/webhooks/repository/repository.go:42.15,43.31 1 0
subsnotifpro-go/internal/appstore/webhooks/repository/repository.go:43.31,46.12 3 0
subsnotifpro-go/internal/appstore/webhooks/repository/repository.go:50.2,50.34 1 0
subsnotifpro-go/internal/appstore/webhooks/repository/repository.go:50.34,51.61 1 0
subsnotifpro-go/internal/appstore/webhooks/repository/repository.go:51.61,53.4 1 0
subsnotifpro-go/internal/appstore/webhooks/repository/repository.go:54.3,54.51 1 0
subsnotifpro-go/internal/appstore/webhooks/repository/repository.go:57.2,57.42 1 0
subsnotifpro-go/internal/appstore/webhooks/repository/repository.go:57.42,59.3 1 0
subsnotifpro-go/internal/appstore/webhooks/repository/repository.go:61.2,61.12 1 0
subsnotifpro-go/internal/appstore/webhooks/repository/repository.go:65.118,66.25 1 0
subsnotifpro-go/internal/appstore/webhooks/repository/repository.go:66.25,68.3 1 0
subsnotifpro-go/internal/appstore/webhooks/repository/repository.go:71.2,72.25 2 0
subsnotifpro-go/internal/appstore/webhooks/repository/repository.go:72.25,74.3 1 0
subsnotifpro-go/internal/appstore/webhooks/repository/repository.go:76.2,76.12 1 0
subsnotifpro-go/internal/appstore/webhooks/repository/repository.go:80.147,85.19 2 0
subsnotifpro-go/internal/appstore/webhooks/repository/repository.go:85.19,87.3 1 0
subsnotifpro-go/internal/appstore/webhooks/repository/repository.go:89.2,94.25 2 0
subsnotifpro-go/internal/appstore/webhooks/repository/repository.go:94.25,96.3 1 0
subsnotifpro-go/internal/appstore/webhooks/repository/repository.go:97.2,97.30 1 0
subsnotifpro-go/internal/appstore/webhooks/repository/repository.go:97.30,99.3 1 0
subsnotifpro-go/internal/appstore/webhooks/repository/repository.go:101.2,101.12 1 0
subsnotifpro-go/internal/appstore/webhooks/repository/repository.go:105.124,128.25 3 0
subsnotifpro-go/internal/appstore/webhooks/repository/repository.go:128.25,129.54 1 0
subsnotifpro-go/internal/appstore/webhooks/repository/repository.go:129.54,131.4 1 0
subsnotifpro-go/internal/appstore/webhooks/repository/repository.go:132.3,132.79 1 0
subsnotifpro-go/internal/appstore/webhooks/repository/repository.go:134.2,134.27 1 0
subsnotifpro-go/internal/appstore/webhooks/repository/repository.go:138.99,145.25 3 0
subsnotifpro-go/internal/appstore/webhooks/repository/repository.go:145.25,147.3 1 0
subsnotifpro-go/internal/appstore/webhooks/repository/repository.go:148.2,148.23 1 0
subsnotifpro-go/internal/appstore/webhooks/repository/repository.go:152.104,158.25 2 0
subsnotifpro-go/internal/appstore/webhooks/repository/repository.go:158.25,160.3 1 0
subsnotifpro-go/internal/appstore/webhooks/repository/repository.go:161.2,161.30 1 0
subsnotifpro-go/internal/appstore/webhooks/repository/repository.go:161.30,163.3 1 0
subsnotifpro-go/internal/appstore/webhooks/repository/repository.go:164.2,164.12 1 0
subsnotifpro-go/internal/appstore/test/test.go:14.13,35.2 14 0
subsnotifpro-go/internal/appstore/test/test.go:38.150,86.2 6 0
subsnotifpro-go/internal/appstore/test/test.go:89.147,155.2 8 0
subsnotifpro-go/internal/appstore/test/test.go:158.62,172.2 7 0
subsnotifpro-go/internal/appstore/test/test.go:175.73,177.16 2 0
subsnotifpro-go/internal/appstore/test/test.go:177.16,180.3 2 0
subsnotifpro-go/internal/appstore/test/test.go:182.2,183.16 2 0
subsnotifpro-go/internal/appstore/test/test.go:183.16,186.3 2 0
subsnotifpro-go/internal/appstore/test/test.go:187.2,192.22 3 0
subsnotifpro-go/internal/appstore/test/test.go:192.22,195.21 3 0
subsnotifpro-go/internal/appstore/test/test.go:195.21,197.4 1 0
subsnotifpro-go/internal/appstore/user/service/service.go:32.23,37.2 1 0
subsnotifpro-go/internal/appstore/user/service/service.go:44.22,52.16 2 0
subsnotifpro-go/internal/appstore/user/service/service.go:52.16,54.3 1 0
subsnotifpro-go/internal/appstore/user/service/service.go:57.2,62.16 4 0
subsnotifpro-go/internal/appstore/user/service/service.go:62.16,64.3 1 0
subsnotifpro-go/internal/appstore/user/service/service.go:66.2,66.23 1 0
subsnotifpro-go/internal/appstore/user/repository/repository.go:25.57,27.2 1 0
subsnotifpro-go/internal/appstore/user/repository/repository.go:29.137,35.16 3 0
subsnotifpro-go/internal/appstore/user/repository/repository.go:35.16,36.45 1 0
subsnotifpro-go/internal/appstore/user/repository/repository.go:36.45,38.4 1 0
subsnotifpro-go/internal/appstore/user/repository/repository.go:39.3,39.18 1 0
subsnotifpro-go/internal/appstore/user/repository/repository.go:41.2,41.22 1 0
subsnotifpro-go/internal/appstore/user/repository/repository.go:48.9,49.40 1 0
subsnotifpro-go/internal/appstore/user/repository/repository.go:49.40,51.3 1 0
subsnotifpro-go/internal/appstore/user/repository/repository.go:53.2,58.59 3 0
subsnotifpro-go/internal/appstore/user/repository/repository.go:58.59,60.3 1 0
subsnotifpro-go/internal/appstore/user/repository/repository.go:62.2,62.44 1 0
subsnotifpro-go/internal/appstore/user/repository/repository.go:62.44,65.3 1 0
subsnotifpro-go/internal/appstore/user/repository/repository.go:68.2,70.88 2 0
subsnotifpro-go/internal/appstore/user/repository/repository.go:70.88,72.3 1 0
subsnotifpro-go/internal/appstore/user/repository/repository.go:74.2,74.112 1 0
subsnotifpro-go/internal/appstore/user/repository/repository.go:74.112,76.3 1 0
subsnotifpro-go/internal/appstore/user/repository/repository.go:78.2,78.22 1 0
subsnotifpro-go/internal/appstore/user/repository/repository.go:78.22,80.3 1 0
subsnotifpro-go/internal/appstore/user/repository/repository.go:83.2,83.12 1 0
subsnotifpro-go/internal/appstore/webhooks/dto/dto.go:98.70,100.9 2 0
subsnotifpro-go/internal/appstore/webhooks/dto/dto.go:100.9,102.3 1 0
subsnotifpro-go/internal/appstore/webhooks/dto/dto.go:103.2,103.29 1 0
subsnotifpro-go/internal/appstore/webhooks/dto/dto.go:107.69,109.2 1 0
subsnotifpro-go/internal/appstore/webhooks/dto/notification_type.go:195.45,196.11 1 0
subsnotifpro-go/internal/appstore/webhooks/dto/notification_type.go:199.14,200.14 1 0
subsnotifpro-go/internal/appstore/webhooks/dto/notification_type.go:201.10,202.15 1 0
subsnotifpro-go/internal/appstore/webhooks/dto/notification_type.go:207.65,208.11 1 0
subsnotifpro-go/internal/appstore/webhooks/dto/notification_type.go:209.31,210.51 1 0
subsnotifpro-go/internal/appstore/webhooks/dto/notification_type.go:211.33,212.72 1 0
subsnotifpro-go/internal/appstore/webhooks/dto/notification_type.go:213.25,214.45 1 0
subsnotifpro-go/internal/appstore/webhooks/dto/notification_type.go:215.17,216.49 1 0
subsnotifpro-go/internal/appstore/webhooks/dto/notification_type.go:217.15,218.103 1 0
subsnotifpro-go/internal/appstore/webhooks/dto/notification_type.go:219.22,220.51 1 0
subsnotifpro-go/internal/appstore/webhooks/dto/notification_type.go:221.22,222.50 1 0
subsnotifpro-go/internal/appstore/webhooks/dto/notification_type.go:223.25,224.49 1 0
subsnotifpro-go/internal/appstore/webhooks/dto/notification_type.go:225.18,226.57 1 0
subsnotifpro-go/internal/appstore/webhooks/dto/notification_type.go:227.10,228.13 1 0
subsnotifpro-go/internal/appstore/webhooks/dto/notification_type.go:386.81,387.12 1 0
subsnotifpro-go/internal/appstore/webhooks/dto/notification_type.go:388.31,389.40 1 0
subsnotifpro-go/internal/appstore/webhooks/dto/notification_type.go:390.33,391.61 1 0
subsnotifpro-go/internal/appstore/webhooks/dto/notification_type.go:392.25,393.27 1 0
subsnotifpro-go/internal/appstore/webhooks/dto/notification_type.go:394.17,395.31 1 0
subsnotifpro-go/internal/appstore/webhooks/dto/notification_type.go:396.15,397.106 1 0
subsnotifpro-go/internal/appstore/webhooks/dto/notification_type.go:398.22,399.40 1 0
subsnotifpro-go/internal/appstore/webhooks/dto/notification_type.go:400.22,401.39 1 0
subsnotifpro-go/internal/appstore/webhooks/dto/notification_type.go:402.25,403.38 1 0
subsnotifpro-go/internal/appstore/webhooks/dto/notification_type.go:404.18,405.46 1 0
subsnotifpro-go/internal/appstore/webhooks/dto/notification_type.go:406.31,407.25 1 0
subsnotifpro-go/internal/appstore/webhooks/dto/notification_type.go:408.10,409.15 1 0
subsnotifpro-go/internal/appstore/webhooks/dto/notification_type.go:414.51,415.11 1 0
subsnotifpro-go/internal/appstore/webhooks/dto/notification_type.go:416.16,417.64 1 0
subsnotifpro-go/internal/appstore/webhooks/dto/notification_type.go:418.27,419.73 1 0
subsnotifpro-go/internal/appstore/webhooks/dto/notification_type.go:420.26,421.53 1 0
subsnotifpro-go/internal/appstore/webhooks/dto/notification_type.go:422.24,423.69 1 0
subsnotifpro-go/internal/appstore/webhooks/dto/notification_type.go:424.21,425.65 1 0
subsnotifpro-go/internal/appstore/webhooks/dto/notification_type.go:426.17,427.81 1 0
subsnotifpro-go/internal/appstore/webhooks/dto/notification_type.go:428.15,429.69 1 0
subsnotifpro-go/internal/appstore/webhooks/dto/notification_type.go:430.20,431.48 1 0
subsnotifpro-go/internal/appstore/webhooks/dto/notification_type.go:432.19,433.56 1 0
subsnotifpro-go/internal/appstore/webhooks/dto/notification_type.go:434.15,435.51 1 0
subsnotifpro-go/internal/appstore/webhooks/dto/notification_type.go:436.30,437.65 1 0
subsnotifpro-go/internal/appstore/webhooks/dto/notification_type.go:438.28,439.64 1 0
subsnotifpro-go/internal/appstore/webhooks/dto/notification_type.go:440.19,441.60 1 0
subsnotifpro-go/internal/appstore/webhooks/dto/notification_type.go:442.15,443.69 1 0
subsnotifpro-go/internal/appstore/webhooks/dto/notification_type.go:444.15,445.78 1 0
subsnotifpro-go/internal/appstore/webhooks/dto/notification_type.go:446.18,447.60 1 0
subsnotifpro-go/internal/appstore/webhooks/dto/notification_type.go:448.17,449.65 1 0
subsnotifpro-go/internal/appstore/webhooks/dto/notification_type.go:450.10,451.27 1 0
subsnotifpro-go/internal/appstore/webhooks/dto/subscription_status.go:32.45,33.11 1 0
subsnotifpro-go/internal/appstore/webhooks/dto/subscription_status.go:34.26,35.18 1 0
subsnotifpro-go/internal/appstore/webhooks/dto/subscription_status.go:36.27,37.19 1 0
subsnotifpro-go/internal/appstore/webhooks/dto/subscription_status.go:38.32,39.32 1 0
subsnotifpro-go/internal/appstore/webhooks/dto/subscription_status.go:40.31,41.32 1 0
subsnotifpro-go/internal/appstore/webhooks/dto/subscription_status.go:42.27,43.19 1 0
subsnotifpro-go/internal/appstore/webhooks/dto/subscription_status.go:44.10,45.47 1 0
subsnotifpro-go/internal/appstore/webhooks/dto/subscription_status.go:50.42,52.2 1 0
subsnotifpro-go/internal/appstore/webhooks/handler/handler.go:22.114,26.2 1 0
subsnotifpro-go/internal/appstore/webhooks/handler/handler.go:29.76,34.66 3 0
subsnotifpro-go/internal/appstore/webhooks/handler/handler.go:34.66,38.3 3 0
subsnotifpro-go/internal/appstore/webhooks/handler/handler.go:41.2,41.27 1 0
subsnotifpro-go/internal/appstore/webhooks/handler/handler.go:41.27,43.3 1 0
subsnotifpro-go/internal/appstore/webhooks/handler/handler.go:47.2,48.59 2 0
subsnotifpro-go/internal/appstore/webhooks/handler/handler.go:48.59,52.3 3 0
subsnotifpro-go/internal/appstore/webhooks/handler/handler.go:55.2,56.16 2 0
subsnotifpro-go/internal/appstore/webhooks/handler/handler.go:56.16,60.3 3 0
subsnotifpro-go/internal/appstore/webhooks/handler/handler.go:63.2,67.99 3 0
subsnotifpro-go/internal/appstore/webhooks/handler/handler.go:67.99,71.3 3 0
subsnotifpro-go/internal/appstore/webhooks/handler/handler.go:74.2,74.52 1 0
subsnotifpro-go/internal/appstore/webhooks/handler/handler.go:78.77,80.41 1 0
subsnotifpro-go/internal/appstore/webhooks/handler/handler.go:80.41,84.3 3 0
subsnotifpro-go/internal/appstore/webhooks/handler/handler.go:87.2,88.39 2 0
subsnotifpro-go/internal/appstore/webhooks/handler/handler.go:88.39,92.3 3 0
subsnotifpro-go/internal/appstore/webhooks/handler/handler.go:97.2,97.13 1 0
subsnotifpro-go/internal/appstore/webhooks/converter/converter.go:19.56,21.2 1 0
subsnotifpro-go/internal/appstore/webhooks/converter/converter.go:24.110,25.16 1 0
subsnotifpro-go/internal/appstore/webhooks/converter/converter.go:25.16,27.3 1 0
subsnotifpro-go/internal/appstore/webhooks/converter/converter.go:30.2,31.16 2 0
subsnotifpro-go/internal/appstore/webhooks/converter/converter.go:31.16,33.3 1 0
subsnotifpro-go/internal/appstore/webhooks/converter/converter.go:36.2,42.29 2 0
subsnotifpro-go/internal/appstore/webhooks/converter/converter.go:42.29,43.80 1 0
subsnotifpro-go/internal/appstore/webhooks/converter/converter.go:43.80,45.4 1 0
subsnotifpro-go/internal/appstore/webhooks/converter/converter.go:46.8,48.3 1 0
subsnotifpro-go/internal/appstore/webhooks/converter/converter.go:50.2,50.26 1 0
subsnotifpro-go/internal/appstore/webhooks/converter/converter.go:54.121,57.21 2 0
subsnotifpro-go/internal/appstore/webhooks/converter/converter.go:57.21,59.3 1 0
subsnotifpro-go/internal/appstore/webhooks/converter/converter.go:62.2,63.16 2 0
subsnotifpro-go/internal/appstore/webhooks/converter/converter.go:63.16,65.3 1 0
subsnotifpro-go/internal/appstore/webhooks/converter/converter.go:67.2,68.61 2 0
subsnotifpro-go/internal/appstore/webhooks/converter/converter.go:68.61,70.3 1 0
subsnotifpro-go/internal/appstore/webhooks/converter/converter.go:71.2,75.16 3 0
subsnotifpro-go/internal/appstore/webhooks/converter/converter.go:75.16,77.3 1 0
subsnotifpro-go/internal/appstore/webhooks/converter/converter.go:79.2,80.63 2 0
subsnotifpro-go/internal/appstore/webhooks/converter/converter.go:80.63,82.3 1 0
subsnotifpro-go/internal/appstore/webhooks/converter/converter.go:85.2,85.58 1 0
subsnotifpro-go/internal/appstore/webhooks/converter/converter.go:85.58,87.3 1 0
subsnotifpro-go/internal/appstore/webhooks/converter/converter.go:89.2,91.12 2 0
subsnotifpro-go/internal/appstore/webhooks/converter/converter.go:95.104,97.36 1 0
subsnotifpro-go/internal/appstore/webhooks/converter/converter.go:97.36,99.3 1 0
subsnotifpro-go/internal/appstore/webhooks/converter/converter.go:100.2,100.27 1 0
subsnotifpro-go/internal/appstore/webhooks/converter/converter.go:100.27,102.3 1 0
subsnotifpro-go/internal/appstore/webhooks/converter/converter.go:103.2,103.29 1 0
subsnotifpro-go/internal/appstore/webhooks/converter/converter.go:103.29,105.3 1 0
subsnotifpro-go/internal/appstore/webhooks/converter/converter.go:106.2,106.36 1 0
subsnotifpro-go/internal/appstore/webhooks/converter/converter.go:106.36,108.3 1 0
subsnotifpro-go/internal/appstore/webhooks/converter/converter.go:111.2,112.25 2 0
subsnotifpro-go/internal/appstore/webhooks/converter/converter.go:112.25,114.3 1 0
subsnotifpro-go/internal/appstore/webhooks/converter/converter.go:115.2,115.28 1 0
subsnotifpro-go/internal/appstore/webhooks/converter/converter.go:115.28,117.3 1 0
subsnotifpro-go/internal/appstore/webhooks/converter/converter.go:118.2,118.42 1 0
subsnotifpro-go/internal/appstore/webhooks/converter/converter.go:118.42,120.3 1 0
subsnotifpro-go/internal/appstore/webhooks/converter/converter.go:121.2,121.16 1 0
subsnotifpro-go/internal/appstore/webhooks/converter/converter.go:121.16,123.3 1 0
subsnotifpro-go/internal/appstore/webhooks/converter/converter.go:126.2,126.25 1 0
subsnotifpro-go/internal/appstore/webhooks/converter/converter.go:126.25,127.60 1 0
subsnotifpro-go/internal/appstore/webhooks/converter/converter.go:127.60,129.4 1 0
subsnotifpro-go/internal/appstore/webhooks/converter/converter.go:133.2,133.28 1 0
subsnotifpro-go/internal/appstore/webhooks/converter/converter.go:133.28,134.54 1 0
subsnotifpro-go/internal/appstore/webhooks/converter/converter.go:134.54,136.4 1 0
subsnotifpro-go/internal/appstore/webhooks/converter/converter.go:137.3,137.62 1 0
subsnotifpro-go/internal/appstore/webhooks/converter/converter.go:137.62,139.4 1 0
subsnotifpro-go/internal/appstore/webhooks/converter/converter.go:142.3,142.46 1 0
subsnotifpro-go/internal/appstore/webhooks/converter/converter.go:142.46,144.4 1 0
subsnotifpro-go/internal/appstore/webhooks/converter/converter.go:145.3,145.37 1 0
subsnotifpro-go/internal/appstore/webhooks/converter/converter.go:145.37,147.4 1 0
subsnotifpro-go/internal/appstore/webhooks/converter/converter.go:148.3,148.38 1 0
subsnotifpro-go/internal/appstore/webhooks/converter/converter.go:148.38,150.4 1 0
subsnotifpro-go/internal/appstore/webhooks/converter/converter.go:151.3,151.38 1 0
subsnotifpro-go/internal/appstore/webhooks/converter/converter.go:151.38,153.4 1 0
subsnotifpro-go/internal/appstore/webhooks/converter/converter.go:154.3,154.55 1 0
subsnotifpro-go/internal/appstore/webhooks/converter/converter.go:154.55,156.4 1 0
subsnotifpro-go/internal/appstore/webhooks/converter/converter.go:157.3,157.40 1 0
subsnotifpro-go/internal/appstore/webhooks/converter/converter.go:157.40,159.4 1 0
subsnotifpro-go/internal/appstore/webhooks/converter/converter.go:163.2,163.42 1 0
subsnotifpro-go/internal/appstore/webhooks/converter/converter.go:163.42,164.60 1 0
subsnotifpro-go/internal/appstore/webhooks/converter/converter.go:164.60,166.4 1 0
subsnotifpro-go/internal/appstore/webhooks/converter/converter.go:167.3,167.43 1 0
subsnotifpro-go/internal/appstore/webhooks/converter/converter.go:167.43,169.4 1 0
subsnotifpro-go/internal/appstore/webhooks/converter/converter.go:172.2,172.12 1 0
subsnotifpro-go/internal/appstore/webhooks/converter/converter.go:176.74,178.25 1 0
subsnotifpro-go/internal/appstore/webhooks/converter/converter.go:178.25,180.3 1 0
subsnotifpro-go/internal/appstore/webhooks/converter/converter.go:181.2,181.30 1 0
subsnotifpro-go/internal/appstore/webhooks/converter/converter.go:181.30,183.3 1 0
subsnotifpro-go/internal/appstore/webhooks/converter/converter.go:184.2,184.28 1 0
subsnotifpro-go/internal/appstore/webhooks/converter/converter.go:184.28,186.3 1 0
subsnotifpro-go/internal/appstore/webhooks/converter/converter.go:189.2,189.97 1 0
subsnotifpro-go/internal/appstore/webhooks/converter/converter.go:189.97,191.3 1 0
subsnotifpro-go/internal/appstore/webhooks/converter/converter.go:194.2,194.53 1 0
subsnotifpro-go/internal/appstore/webhooks/converter/converter.go:194.53,196.3 1 0
subsnotifpro-go/internal/appstore/webhooks/converter/converter.go:199.2,199.53 1 0
subsnotifpro-go/internal/appstore/webhooks/converter/converter.go:199.53,201.3 1 0
subsnotifpro-go/internal/appstore/webhooks/converter/converter.go:203.2,204.16 2 0
subsnotifpro-go/internal/appstore/webhooks/converter/converter.go:204.16,206.3 1 0
subsnotifpro-go/internal/appstore/webhooks/converter/converter.go:207.2,210.64 2 0
subsnotifpro-go/internal/appstore/webhooks/converter/converter.go:210.64,212.3 1 0
subsnotifpro-go/internal/appstore/webhooks/converter/converter.go:215.2,215.82 1 0
subsnotifpro-go/internal/appstore/webhooks/converter/converter.go:215.82,217.17 2 0
subsnotifpro-go/internal/appstore/webhooks/converter/converter.go:217.17,219.4 1 0
subsnotifpro-go/internal/appstore/webhooks/converter/converter.go:220.3,223.66 2 0
subsnotifpro-go/internal/appstore/webhooks/converter/converter.go:223.66,225.4 1 0
subsnotifpro-go/internal/appstore/webhooks/converter/converter.go:229.2,229.24 1 0
subsnotifpro-go/internal/appstore/webhooks/converter/converter.go:229.24,230.43 1 0
subsnotifpro-go/internal/appstore/webhooks/converter/converter.go:230.43,232.4 1 0
subsnotifpro-go/internal/appstore/webhooks/converter/converter.go:236.2,236.42 1 0
subsnotifpro-go/internal/appstore/webhooks/converter/converter.go:236.42,237.41 1 0
subsnotifpro-go/internal/appstore/webhooks/converter/converter.go:242.38,242.38 0 0
subsnotifpro-go/internal/appstore/webhooks/converter/converter.go:244.11,245.95 1 0
subsnotifpro-go/internal/appstore/webhooks/converter/converter.go:249.2,249.12 1 0
subsnotifpro-go/internal/appstore/webhooks/converter/renewal.go:16.109,18.21 2 0
subsnotifpro-go/internal/appstore/webhooks/converter/renewal.go:18.21,20.3 1 0
subsnotifpro-go/internal/appstore/webhooks/converter/renewal.go:23.2,24.16 2 0
subsnotifpro-go/internal/appstore/webhooks/converter/renewal.go:24.16,26.3 1 0
subsnotifpro-go/internal/appstore/webhooks/converter/renewal.go:28.2,29.61 2 0
subsnotifpro-go/internal/appstore/webhooks/converter/renewal.go:29.61,31.3 1 0
subsnotifpro-go/internal/appstore/webhooks/converter/renewal.go:34.2,35.16 2 0
subsnotifpro-go/internal/appstore/webhooks/converter/renewal.go:35.16,37.3 1 0
subsnotifpro-go/internal/appstore/webhooks/converter/renewal.go:40.2,64.67 2 0
subsnotifpro-go/internal/appstore/webhooks/converter/renewal.go:64.67,66.3 1 0
subsnotifpro-go/internal/appstore/webhooks/converter/renewal.go:69.2,96.59 6 0
subsnotifpro-go/internal/appstore/webhooks/converter/renewal.go:96.59,98.3 1 0
subsnotifpro-go/internal/appstore/webhooks/converter/renewal.go:100.2,100.22 1 0
subsnotifpro-go/internal/appstore/webhooks/converter/renewal.go:104.105,106.41 1 0
subsnotifpro-go/internal/appstore/webhooks/converter/renewal.go:106.41,108.3 1 0
subsnotifpro-go/internal/appstore/webhooks/converter/renewal.go:109.2,109.29 1 0
subsnotifpro-go/internal/appstore/webhooks/converter/renewal.go:109.29,111.3 1 0
subsnotifpro-go/internal/appstore/webhooks/converter/renewal.go:112.2,112.38 1 0
subsnotifpro-go/internal/appstore/webhooks/converter/renewal.go:112.38,114.3 1 0
subsnotifpro-go/internal/appstore/webhooks/converter/renewal.go:115.2,115.33 1 0
subsnotifpro-go/internal/appstore/webhooks/converter/renewal.go:115.33,117.3 1 0
subsnotifpro-go/internal/appstore/webhooks/converter/renewal.go:120.2,120.103 1 0
subsnotifpro-go/internal/appstore/webhooks/converter/renewal.go:120.103,122.3 1 0
subsnotifpro-go/internal/appstore/webhooks/converter/renewal.go:124.2,124.66 1 0
subsnotifpro-go/internal/appstore/webhooks/converter/renewal.go:124.66,126.3 1 0
subsnotifpro-go/internal/appstore/webhooks/converter/renewal.go:128.2,129.66 1 0
subsnotifpro-go/internal/appstore/webhooks/converter/renewal.go:129.66,131.3 1 0
subsnotifpro-go/internal/appstore/webhooks/converter/renewal.go:133.2,134.97 1 0
subsnotifpro-go/internal/appstore/webhooks/converter/renewal.go:134.97,136.3 1 0
subsnotifpro-go/internal/appstore/webhooks/converter/renewal.go:138.2,139.53 1 0
subsnotifpro-go/internal/appstore/webhooks/converter/renewal.go:139.53,141.3 1 0
subsnotifpro-go/internal/appstore/webhooks/converter/renewal.go:143.2,143.74 1 0
subsnotifpro-go/internal/appstore/webhooks/converter/renewal.go:143.74,145.3 1 0
subsnotifpro-go/internal/appstore/webhooks/converter/renewal.go:148.2,148.58 1 0
subsnotifpro-go/internal/appstore/webhooks/converter/renewal.go:148.58,150.3 1 0
subsnotifpro-go/internal/appstore/webhooks/converter/renewal.go:152.2,152.31 1 0
subsnotifpro-go/internal/appstore/webhooks/converter/renewal.go:152.31,153.97 1 0
subsnotifpro-go/internal/appstore/webhooks/converter/renewal.go:153.97,155.4 1 0
subsnotifpro-go/internal/appstore/webhooks/converter/renewal.go:159.2,159.30 1 0
subsnotifpro-go/internal/appstore/webhooks/converter/renewal.go:159.30,161.3 1 0
subsnotifpro-go/internal/appstore/webhooks/converter/renewal.go:164.2,164.107 1 0
subsnotifpro-go/internal/appstore/webhooks/converter/renewal.go:164.107,167.3 1 0
subsnotifpro-go/internal/appstore/webhooks/converter/renewal.go:169.2,169.85 1 0
subsnotifpro-go/internal/appstore/webhooks/converter/renewal.go:169.85,172.3 1 0
subsnotifpro-go/internal/appstore/webhooks/converter/renewal.go:174.2,174.51 1 0
subsnotifpro-go/internal/appstore/webhooks/converter/renewal.go:174.51,175.68 1 0
subsnotifpro-go/internal/appstore/webhooks/converter/renewal.go:175.68,178.4 1 0
subsnotifpro-go/internal/appstore/webhooks/converter/renewal.go:179.3,179.102 1 0
subsnotifpro-go/internal/appstore/webhooks/converter/renewal.go:179.102,182.4 1 0
subsnotifpro-go/internal/appstore/webhooks/converter/renewal.go:185.2,185.12 1 0
subsnotifpro-go/internal/appstore/webhooks/converter/transaction.go:15.109,17.21 2 0
subsnotifpro-go/internal/appstore/webhooks/converter/transaction.go:17.21,19.3 1 0
subsnotifpro-go/internal/appstore/webhooks/converter/transaction.go:22.2,23.16 2 0
subsnotifpro-go/internal/appstore/webhooks/converter/transaction.go:23.16,25.3 1 0
subsnotifpro-go/internal/appstore/webhooks/converter/transaction.go:27.2,28.61 2 0
subsnotifpro-go/internal/appstore/webhooks/converter/transaction.go:28.61,30.3 1 0
subsnotifpro-go/internal/appstore/webhooks/converter/transaction.go:33.2,34.16 2 0
subsnotifpro-go/internal/appstore/webhooks/converter/transaction.go:34.16,36.3 1 0
subsnotifpro-go/internal/appstore/webhooks/converter/transaction.go:39.2,71.67 2 0
subsnotifpro-go/internal/appstore/webhooks/converter/transaction.go:71.67,73.3 1 0
subsnotifpro-go/internal/appstore/webhooks/converter/transaction.go:76.2,108.39 2 0
subsnotifpro-go/internal/appstore/webhooks/converter/transaction.go:108.39,111.3 2 0
subsnotifpro-go/internal/appstore/webhooks/converter/transaction.go:114.2,114.63 1 0
subsnotifpro-go/internal/appstore/webhooks/converter/transaction.go:114.63,116.3 1 0
subsnotifpro-go/internal/appstore/webhooks/converter/transaction.go:118.2,118.22 1 0
subsnotifpro-go/internal/appstore/webhooks/converter/transaction.go:122.50,123.17 1 0
subsnotifpro-go/internal/appstore/webhooks/converter/transaction.go:123.17,125.3 1 0
subsnotifpro-go/internal/appstore/webhooks/converter/transaction.go:126.2,126.53 1 0
subsnotifpro-go/internal/appstore/webhooks/converter/transaction.go:130.109,132.33 1 0
subsnotifpro-go/internal/appstore/webhooks/converter/transaction.go:132.33,134.3 1 0
subsnotifpro-go/internal/appstore/webhooks/converter/transaction.go:135.2,135.41 1 0
subsnotifpro-go/internal/appstore/webhooks/converter/transaction.go:135.41,137.3 1 0
subsnotifpro-go/internal/appstore/webhooks/converter/transaction.go:138.2,138.28 1 0
subsnotifpro-go/internal/appstore/webhooks/converter/transaction.go:138.28,140.3 1 0
subsnotifpro-go/internal/appstore/webhooks/converter/transaction.go:141.2,141.29 1 0
subsnotifpro-go/internal/appstore/webhooks/converter/transaction.go:141.29,143.3 1 0
subsnotifpro-go/internal/appstore/webhooks/converter/transaction.go:144.2,144.35 1 0
subsnotifpro-go/internal/appstore/webhooks/converter/transaction.go:144.35,146.3 1 0
subsnotifpro-go/internal/appstore/webhooks/converter/transaction.go:147.2,147.33 1 0
subsnotifpro-go/internal/appstore/webhooks/converter/transaction.go:147.33,149.3 1 0
subsnotifpro-go/internal/appstore/webhooks/converter/transaction.go:152.2,152.103 1 0
subsnotifpro-go/internal/appstore/webhooks/converter/transaction.go:152.103,154.3 1 0
subsnotifpro-go/internal/appstore/webhooks/converter/transaction.go:156.2,158.45 1 0
subsnotifpro-go/internal/appstore/webhooks/converter/transaction.go:158.45,160.3 1 0
subsnotifpro-go/internal/appstore/webhooks/converter/transaction.go:162.2,163.97 1 0
subsnotifpro-go/internal/appstore/webhooks/converter/transaction.go:163.97,165.3 1 0
subsnotifpro-go/internal/appstore/webhooks/converter/transaction.go:167.2,168.53 1 0
subsnotifpro-go/internal/appstore/webhooks/converter/transaction.go:168.53,170.3 1 0
subsnotifpro-go/internal/appstore/webhooks/converter/transaction.go:172.2,173.73 1 0
subsnotifpro-go/internal/appstore/webhooks/converter/transaction.go:173.73,175.3 1 0
subsnotifpro-go/internal/appstore/webhooks/converter/transaction.go:177.2,183.20 1 0
subsnotifpro-go/internal/appstore/webhooks/converter/transaction.go:183.20,185.3 1 0
subsnotifpro-go/internal/appstore/webhooks/converter/transaction.go:187.2,188.55 1 0
subsnotifpro-go/internal/appstore/webhooks/converter/transaction.go:188.55,190.3 1 0
subsnotifpro-go/internal/appstore/webhooks/converter/transaction.go:193.2,193.27 1 0
subsnotifpro-go/internal/appstore/webhooks/converter/transaction.go:193.27,195.3 1 0
subsnotifpro-go/internal/appstore/webhooks/converter/transaction.go:196.2,196.23 1 0
subsnotifpro-go/internal/appstore/webhooks/converter/transaction.go:196.23,198.3 1 0
subsnotifpro-go/internal/appstore/webhooks/converter/transaction.go:201.2,201.87 1 0
subsnotifpro-go/internal/appstore/webhooks/converter/transaction.go:201.87,204.3 1 0
subsnotifpro-go/internal/appstore/webhooks/converter/transaction.go:206.2,206.90 1 0
subsnotifpro-go/internal/appstore/webhooks/converter/transaction.go:206.90,209.3 1 0
subsnotifpro-go/internal/appstore/webhooks/converter/transaction.go:211.2,211.12 1 0
subsnotifpro-go/internal/appstore/webhooks/converter/transaction.go:215.46,216.22 1 0
subsnotifpro-go/internal/appstore/webhooks/converter/transaction.go:216.22,217.13 1 0
subsnotifpro-go/internal/appstore/webhooks/converter/transaction.go:217.13,219.4 1 0
subsnotifpro-go/internal/appstore/webhooks/converter/transaction.go:221.2,221.14 1 0
subsnotifpro-go/internal/appstore/webhooks/models/converter.go:12.108,19.82 2 0
subsnotifpro-go/internal/appstore/webhooks/models/converter.go:19.82,22.3 2 0
subsnotifpro-go/internal/appstore/webhooks/models/converter.go:25.2,26.16 2 0
subsnotifpro-go/internal/appstore/webhooks/models/converter.go:26.16,28.3 1 0
subsnotifpro-go/internal/appstore/webhooks/models/converter.go:29.2,31.26 2 0
subsnotifpro-go/internal/appstore/webhooks/models/converter.go:35.80,40.2 1 0
subsnotifpro-go/internal/appstore/webhooks/models/converter.go:43.126,47.37 2 0
subsnotifpro-go/internal/appstore/webhooks/models/converter.go:48.30,49.43 1 0
subsnotifpro-go/internal/appstore/webhooks/models/converter.go:50.33,51.46 1 0
subsnotifpro-go/internal/appstore/webhooks/models/converter.go:52.10,53.43 1 0
subsnotifpro-go/internal/appstore/webhooks/models/converter.go:57.2,58.16 2 0
subsnotifpro-go/internal/appstore/webhooks/models/converter.go:58.16,60.3 1 0
subsnotifpro-go/internal/appstore/webhooks/models/converter.go:61.2,64.31 2 0
subsnotifpro-go/internal/appstore/webhooks/models/converter.go:64.31,66.17 2 0
subsnotifpro-go/internal/appstore/webhooks/models/converter.go:66.17,68.4 1 0
subsnotifpro-go/internal/appstore/webhooks/models/converter.go:69.3,69.28 1 0
subsnotifpro-go/internal/appstore/webhooks/models/converter.go:73.2,73.45 1 0
subsnotifpro-go/internal/appstore/webhooks/models/converter.go:73.45,75.3 1 0
subsnotifpro-go/internal/appstore/webhooks/models/converter.go:78.2,84.21 6 0
subsnotifpro-go/internal/appstore/webhooks/models/converter.go:88.71,94.31 2 0
subsnotifpro-go/internal/appstore/webhooks/models/converter.go:94.31,96.3 1 0
subsnotifpro-go/internal/appstore/webhooks/models/converter.go:99.2,99.29 1 0
subsnotifpro-go/internal/appstore/webhooks/models/converter.go:100.30,101.40 1 0
subsnotifpro-go/internal/appstore/webhooks/models/converter.go:102.33,103.43 1 0
subsnotifpro-go/internal/appstore/webhooks/models/converter.go:104.10,105.40 1 0
subsnotifpro-go/internal/appstore/webhooks/models/converter.go:109.2,110.16 2 0
subsnotifpro-go/internal/appstore/webhooks/models/converter.go:110.16,112.3 1 0
subsnotifpro-go/internal/appstore/webhooks/models/converter.go:113.2,116.38 2 0
subsnotifpro-go/internal/appstore/webhooks/models/converter.go:116.38,118.17 2 0
subsnotifpro-go/internal/appstore/webhooks/models/converter.go:118.17,120.4 1 0
subsnotifpro-go/internal/appstore/webhooks/models/converter.go:121.3,121.39 1 0
subsnotifpro-go/internal/appstore/webhooks/models/converter.go:125.2,125.27 1 0
subsnotifpro-go/internal/appstore/webhooks/models/converter.go:125.27,128.3 2 0
subsnotifpro-go/internal/appstore/webhooks/models/converter.go:131.2,131.45 1 0
subsnotifpro-go/internal/appstore/webhooks/models/converter.go:131.45,134.3 2 0
subsnotifpro-go/internal/appstore/webhooks/models/converter.go:136.2,136.18 1 0
subsnotifpro-go/internal/appstore/webhooks/models/converter.go:140.83,151.2 1 0
subsnotifpro-go/internal/appstore/webhooks/models/converter.go:154.88,161.16 3 0
subsnotifpro-go/internal/appstore/webhooks/models/converter.go:161.16,163.3 1 0
subsnotifpro-go/internal/appstore/webhooks/models/converter.go:164.2,166.25 2 0
subsnotifpro-go/internal/appstore/webhooks/models/converter.go:170.126,200.39 2 0
subsnotifpro-go/internal/appstore/webhooks/models/converter.go:200.39,202.3 1 0
subsnotifpro-go/internal/appstore/webhooks/models/converter.go:203.2,203.53 1 0
subsnotifpro-go/internal/appstore/webhooks/models/converter.go:203.53,205.3 1 0
subsnotifpro-go/internal/appstore/webhooks/models/converter.go:206.2,206.38 1 0
subsnotifpro-go/internal/appstore/webhooks/models/converter.go:206.38,208.3 1 0
subsnotifpro-go/internal/appstore/webhooks/models/converter.go:209.2,209.40 1 0
subsnotifpro-go/internal/appstore/webhooks/models/converter.go:209.40,211.3 1 0
subsnotifpro-go/internal/appstore/webhooks/models/converter.go:213.2,213.21 1 0
subsnotifpro-go/internal/appstore/webhooks/models/converter.go:217.88,224.16 3 0
subsnotifpro-go/internal/appstore/webhooks/models/converter.go:224.16,226.3 1 0
subsnotifpro-go/internal/appstore/webhooks/models/converter.go:227.2,229.25 2 0
subsnotifpro-go/internal/appstore/webhooks/models/converter.go:233.126,258.39 2 0
subsnotifpro-go/internal/appstore/webhooks/models/converter.go:258.39,260.3 1 0
subsnotifpro-go/internal/appstore/webhooks/models/converter.go:262.2,262.21 1 0
subsnotifpro-go/internal/appstore/webhooks/models/converter.go:266.66,272.31 2 0
subsnotifpro-go/internal/appstore/webhooks/models/converter.go:272.31,274.3 1 0
subsnotifpro-go/internal/appstore/webhooks/models/converter.go:277.2,277.43 1 0
subsnotifpro-go/internal/appstore/webhooks/models/converter.go:277.43,279.3 1 0
subsnotifpro-go/internal/appstore/webhooks/models/converter.go:281.2,281.24 1 0
subsnotifpro-go/internal/appstore/webhooks/models/converter.go:285.57,290.2 1 0
subsnotifpro-go/internal/appstore/webhooks/models/converter.go:293.81,308.19 4 0
subsnotifpro-go/internal/appstore/webhooks/models/converter.go:308.19,311.3 2 0
subsnotifpro-go/internal/appstore/webhooks/models/converter.go:314.2,314.22 1 0
subsnotifpro-go/internal/appstore/webhooks/models/converter.go:314.22,317.3 2 0
subsnotifpro-go/internal/appstore/webhooks/models/converter.go:320.2,320.36 1 0
subsnotifpro-go/internal/appstore/webhooks/models/converter.go:320.36,322.3 1 0
subsnotifpro-go/internal/appstore/webhooks/models/converter.go:324.2,324.19 1 0
subsnotifpro-go/internal/appstore/webhooks/models/converter.go:328.53,334.25 2 0
subsnotifpro-go/internal/appstore/webhooks/models/converter.go:334.25,336.3 1 0
subsnotifpro-go/internal/appstore/webhooks/models/converter.go:339.2,339.23 1 0
subsnotifpro-go/internal/appstore/webhooks/models/converter.go:340.26,341.47 1 0
subsnotifpro-go/internal/appstore/webhooks/models/converter.go:342.29,343.50 1 0
subsnotifpro-go/internal/appstore/webhooks/models/converter.go:344.10,345.47 1 0
subsnotifpro-go/internal/appstore/webhooks/models/converter.go:349.2,349.36 1 0
subsnotifpro-go/internal/appstore/webhooks/models/converter.go:349.36,351.3 1 0
subsnotifpro-go/internal/appstore/webhooks/models/converter.go:354.2,354.32 1 0
subsnotifpro-go/internal/appstore/webhooks/models/converter.go:354.32,357.3 2 0
subsnotifpro-go/internal/appstore/webhooks/models/converter.go:360.2,360.21 1 0
subsnotifpro-go/internal/appstore/webhooks/models/converter.go:360.21,363.3 2 0
subsnotifpro-go/internal/appstore/webhooks/models/converter.go:366.2,366.39 1 0
subsnotifpro-go/internal/appstore/webhooks/models/converter.go:366.39,369.3 2 0
subsnotifpro-go/internal/appstore/webhooks/models/converter.go:371.2,371.16 1 0
subsnotifpro-go/internal/appstore/webhooks/models/converter.go:375.59,386.2 1 0
subsnotifpro-go/internal/appstore/webhooks/models/converter.go:389.53,395.29 2 0
subsnotifpro-go/internal/appstore/webhooks/models/converter.go:395.29,397.3 1 0
subsnotifpro-go/internal/appstore/webhooks/models/converter.go:399.2,399.23 1 0
subsnotifpro-go/internal/appstore/webhooks/models/converter.go:403.81,432.23 2 0
subsnotifpro-go/internal/appstore/webhooks/models/converter.go:433.17,434.50 1 0
subsnotifpro-go/internal/appstore/webhooks/models/converter.go:435.20,436.53 1 0
subsnotifpro-go/internal/appstore/webhooks/models/converter.go:437.10,438.50 1 0
subsnotifpro-go/internal/appstore/webhooks/models/converter.go:442.2,442.30 1 0
subsnotifpro-go/internal/appstore/webhooks/models/converter.go:442.30,444.3 1 0
subsnotifpro-go/internal/appstore/webhooks/models/converter.go:445.2,445.44 1 0
subsnotifpro-go/internal/appstore/webhooks/models/converter.go:445.44,447.3 1 0
subsnotifpro-go/internal/appstore/webhooks/models/converter.go:448.2,448.29 1 0
subsnotifpro-go/internal/appstore/webhooks/models/converter.go:448.29,450.3 1 0
subsnotifpro-go/internal/appstore/webhooks/models/converter.go:451.2,451.31 1 0
subsnotifpro-go/internal/appstore/webhooks/models/converter.go:451.31,453.3 1 0
subsnotifpro-go/internal/appstore/webhooks/models/converter.go:455.2,455.19 1 0
subsnotifpro-go/internal/appstore/webhooks/models/converter.go:459.53,465.29 2 0
subsnotifpro-go/internal/appstore/webhooks/models/converter.go:465.29,467.3 1 0
subsnotifpro-go/internal/appstore/webhooks/models/converter.go:469.2,469.23 1 0
subsnotifpro-go/internal/appstore/webhooks/models/converter.go:473.81,497.23 2 0
subsnotifpro-go/internal/appstore/webhooks/models/converter.go:498.17,499.50 1 0
subsnotifpro-go/internal/appstore/webhooks/models/converter.go:500.20,501.53 1 0
subsnotifpro-go/internal/appstore/webhooks/models/converter.go:502.10,503.50 1 0
subsnotifpro-go/internal/appstore/webhooks/models/converter.go:507.2,507.30 1 0
subsnotifpro-go/internal/appstore/webhooks/models/converter.go:507.30,509.3 1 0
subsnotifpro-go/internal/appstore/webhooks/models/converter.go:511.2,511.19 1 0
subsnotifpro-go/internal/appstore/webhooks/models/models.go:401.45,402.11 1 0
subsnotifpro-go/internal/appstore/webhooks/models/models.go:405.14,406.14 1 0
subsnotifpro-go/internal/appstore/webhooks/models/models.go:407.10,408.15 1 0
subsnotifpro-go/internal/appstore/webhooks/models/models.go:413.65,414.11 1 0
subsnotifpro-go/internal/appstore/webhooks/models/models.go:415.31,416.51 1 0
subsnotifpro-go/internal/appstore/webhooks/models/models.go:417.33,418.72 1 0
subsnotifpro-go/internal/appstore/webhooks/models/models.go:419.25,420.45 1 0
subsnotifpro-go/internal/appstore/webhooks/models/models.go:421.17,422.49 1 0
subsnotifpro-go/internal/appstore/webhooks/models/models.go:423.15,424.103 1 0
subsnotifpro-go/internal/appstore/webhooks/models/models.go:425.22,426.51 1 0
subsnotifpro-go/internal/appstore/webhooks/models/models.go:427.22,428.50 1 0
subsnotifpro-go/internal/appstore/webhooks/models/models.go:429.25,430.49 1 0
subsnotifpro-go/internal/appstore/webhooks/models/models.go:431.18,432.57 1 0
subsnotifpro-go/internal/appstore/webhooks/models/models.go:433.10,434.13 1 0
subsnotifpro-go/internal/appstore/webhooks/models/models.go:592.81,593.12 1 0
subsnotifpro-go/internal/appstore/webhooks/models/models.go:594.31,595.40 1 0
subsnotifpro-go/internal/appstore/webhooks/models/models.go:596.33,597.61 1 0
subsnotifpro-go/internal/appstore/webhooks/models/models.go:598.25,599.27 1 0
subsnotifpro-go/internal/appstore/webhooks/models/models.go:600.17,601.31 1 0
subsnotifpro-go/internal/appstore/webhooks/models/models.go:602.15,603.106 1 0
subsnotifpro-go/internal/appstore/webhooks/models/models.go:604.22,605.40 1 0
subsnotifpro-go/internal/appstore/webhooks/models/models.go:606.22,607.39 1 0
subsnotifpro-go/internal/appstore/webhooks/models/models.go:608.25,609.38 1 0
subsnotifpro-go/internal/appstore/webhooks/models/models.go:610.18,611.46 1 0
subsnotifpro-go/internal/appstore/webhooks/models/models.go:612.31,613.25 1 0
subsnotifpro-go/internal/appstore/webhooks/models/models.go:614.10,615.15 1 0
subsnotifpro-go/internal/appstore/webhooks/models/models.go:620.51,621.11 1 0
subsnotifpro-go/internal/appstore/webhooks/models/models.go:622.16,623.64 1 0
subsnotifpro-go/internal/appstore/webhooks/models/models.go:624.27,625.73 1 0
subsnotifpro-go/internal/appstore/webhooks/models/models.go:626.26,627.53 1 0
subsnotifpro-go/internal/appstore/webhooks/models/models.go:628.24,629.69 1 0
subsnotifpro-go/internal/appstore/webhooks/models/models.go:630.21,631.65 1 0
subsnotifpro-go/internal/appstore/webhooks/models/models.go:632.17,633.81 1 0
subsnotifpro-go/internal/appstore/webhooks/models/models.go:634.15,635.69 1 0
subsnotifpro-go/internal/appstore/webhooks/models/models.go:636.20,637.48 1 0
subsnotifpro-go/internal/appstore/webhooks/models/models.go:638.19,639.56 1 0
subsnotifpro-go/internal/appstore/webhooks/models/models.go:640.15,641.51 1 0
subsnotifpro-go/internal/appstore/webhooks/models/models.go:642.30,643.65 1 0
subsnotifpro-go/internal/appstore/webhooks/models/models.go:644.28,645.64 1 0
subsnotifpro-go/internal/appstore/webhooks/models/models.go:646.19,647.60 1 0
subsnotifpro-go/internal/appstore/webhooks/models/models.go:648.15,649.69 1 0
subsnotifpro-go/internal/appstore/webhooks/models/models.go:650.15,651.78 1 0
subsnotifpro-go/internal/appstore/webhooks/models/models.go:652.18,653.60 1 0
subsnotifpro-go/internal/appstore/webhooks/models/models.go:654.17,655.65 1 0
subsnotifpro-go/internal/appstore/webhooks/models/models.go:656.10,657.27 1 0
subsnotifpro-go/internal/appstore/webhooks/service/consumer_service.go:15.102,20.16 3 0
subsnotifpro-go/internal/appstore/webhooks/service/consumer_service.go:20.16,22.3 1 0
subsnotifpro-go/internal/appstore/webhooks/service/consumer_service.go:23.2,23.25 1 0
subsnotifpro-go/internal/appstore/webhooks/service/consumer_service.go:23.25,25.3 1 0
subsnotifpro-go/internal/appstore/webhooks/service/consumer_service.go:28.2,30.60 2 0
subsnotifpro-go/internal/appstore/webhooks/service/consumer_service.go:30.60,32.3 1 0
subsnotifpro-go/internal/appstore/webhooks/service/consumer_service.go:34.2,38.70 3 0
subsnotifpro-go/internal/appstore/webhooks/service/consumer_service.go:38.70,40.3 1 0
subsnotifpro-go/internal/appstore/webhooks/service/consumer_service.go:42.2,43.23 2 0
subsnotifpro-go/internal/appstore/webhooks/service/consumer_service.go:43.23,46.3 2 0
subsnotifpro-go/internal/appstore/webhooks/service/consumer_service.go:48.2,49.12 2 0
subsnotifpro-go/internal/appstore/webhooks/service/consumer_service.go:52.123,56.64 2 0
subsnotifpro-go/internal/appstore/webhooks/service/consumer_service.go:56.64,58.3 1 0
subsnotifpro-go/internal/appstore/webhooks/service/consumer_service.go:60.2,60.58 1 0
subsnotifpro-go/internal/appstore/webhooks/service/consumer_service.go:60.58,62.3 1 0
subsnotifpro-go/internal/appstore/webhooks/service/consumer_service.go:65.2,66.16 2 0
subsnotifpro-go/internal/appstore/webhooks/service/consumer_service.go:66.16,68.3 1 0
subsnotifpro-go/internal/appstore/webhooks/service/consumer_service.go:70.2,72.12 2 0
subsnotifpro-go/internal/appstore/webhooks/service/publisher_service.go:15.128,19.71 2 0
subsnotifpro-go/internal/appstore/webhooks/service/publisher_service.go:19.71,25.17 3 0
subsnotifpro-go/internal/appstore/webhooks/service/publisher_service.go:25.17,27.4 1 0
subsnotifpro-go/internal/appstore/webhooks/service/publisher_service.go:30.3,30.63 1 0
subsnotifpro-go/internal/appstore/webhooks/service/publisher_service.go:30.63,32.4 1 0
subsnotifpro-go/internal/appstore/webhooks/service/publisher_service.go:35.3,35.85 1 0
subsnotifpro-go/internal/appstore/webhooks/service/publisher_service.go:38.2,38.16 1 0
subsnotifpro-go/internal/appstore/webhooks/service/publisher_service.go:38.16,41.3 2 0
subsnotifpro-go/internal/appstore/webhooks/service/publisher_service.go:44.2,52.52 4 0
subsnotifpro-go/internal/appstore/webhooks/service/publisher_service.go:52.52,54.3 1 0
subsnotifpro-go/internal/appstore/webhooks/service/publisher_service.go:55.2,55.16 1 0
subsnotifpro-go/internal/appstore/webhooks/service/publisher_service.go:55.16,59.3 2 0
subsnotifpro-go/internal/appstore/webhooks/service/publisher_service.go:62.2,62.70 1 0
subsnotifpro-go/internal/appstore/webhooks/service/publisher_service.go:62.70,64.3 1 0
subsnotifpro-go/internal/appstore/webhooks/service/publisher_service.go:65.2,65.16 1 0
subsnotifpro-go/internal/appstore/webhooks/service/publisher_service.go:65.16,68.3 2 0
subsnotifpro-go/internal/appstore/webhooks/service/publisher_service.go:70.2,70.12 1 0
subsnotifpro-go/internal/appstore/webhooks/service/publisher_service.go:74.151,78.34 3 0
subsnotifpro-go/internal/appstore/webhooks/service/publisher_service.go:78.34,79.72 1 0
subsnotifpro-go/internal/appstore/webhooks/service/publisher_service.go:79.72,81.4 1 0
subsnotifpro-go/internal/appstore/webhooks/service/publisher_service.go:82.3,82.17 1 0
subsnotifpro-go/internal/appstore/webhooks/service/publisher_service.go:82.17,84.4 1 0
subsnotifpro-go/internal/appstore/webhooks/service/publisher_service.go:85.3,86.47 2 0
subsnotifpro-go/internal/appstore/webhooks/service/publisher_service.go:89.2,92.20 1 0
subsnotifpro-go/internal/appstore/webhooks/service/service.go:36.32,46.52 1 0
subsnotifpro-go/internal/appstore/webhooks/service/service.go:46.52,48.5 1 0
subsnotifpro-go/internal/container/container.go:134.59,145.61 3 0
subsnotifpro-go/internal/container/container.go:145.61,148.3 2 0
subsnotifpro-go/internal/container/container.go:151.2,151.61 1 0
subsnotifpro-go/internal/container/container.go:151.61,154.3 2 0
subsnotifpro-go/internal/container/container.go:157.2,157.55 1 0
subsnotifpro-go/internal/container/container.go:157.55,160.3 2 0
subsnotifpro-go/internal/container/container.go:162.2,163.23 2 0
subsnotifpro-go/internal/container/container.go:167.54,175.16 5 0
subsnotifpro-go/internal/container/container.go:175.16,177.3 1 0
subsnotifpro-go/internal/container/container.go:178.2,186.16 5 0
subsnotifpro-go/internal/container/container.go:186.16,188.3 1 0
subsnotifpro-go/internal/container/container.go:189.2,192.60 2 0
subsnotifpro-go/internal/container/container.go:192.60,197.17 3 0
subsnotifpro-go/internal/container/container.go:197.17,199.4 1 0
subsnotifpro-go/internal/container/container.go:200.3,202.68 2 0
subsnotifpro-go/internal/container/container.go:202.68,204.4 1 0
subsnotifpro-go/internal/container/container.go:205.3,205.42 1 0
subsnotifpro-go/internal/container/container.go:209.2,210.25 2 0
subsnotifpro-go/internal/container/container.go:210.25,212.3 1 0
subsnotifpro-go/internal/container/container.go:215.2,218.52 2 0
subsnotifpro-go/internal/container/container.go:218.52,220.3 1 0
subsnotifpro-go/internal/container/container.go:222.2,223.12 2 0
subsnotifpro-go/internal/container/container.go:227.53,243.16 5 0
subsnotifpro-go/internal/container/container.go:243.16,247.3 2 0
subsnotifpro-go/internal/container/container.go:247.8,250.3 2 0
subsnotifpro-go/internal/container/container.go:253.2,256.12 3 0
subsnotifpro-go/internal/container/container.go:260.54,265.56 2 0
subsnotifpro-go/internal/container/container.go:265.56,267.3 1 0
subsnotifpro-go/internal/container/container.go:270.2,270.55 1 0
subsnotifpro-go/internal/container/container.go:270.55,272.3 1 0
subsnotifpro-go/internal/container/container.go:275.2,275.54 1 0
subsnotifpro-go/internal/container/container.go:275.54,277.3 1 0
subsnotifpro-go/internal/container/container.go:279.2,280.12 2 0
subsnotifpro-go/internal/container/container.go:284.46,288.2 2 0
subsnotifpro-go/internal/container/container.go:291.57,330.2 14 0
subsnotifpro-go/internal/container/container.go:333.56,348.2 6 0
subsnotifpro-go/internal/container/container.go:351.55,401.2 11 0
subsnotifpro-go/internal/container/container.go:404.48,428.2 5 0
subsnotifpro-go/internal/container/container.go:431.84,433.2 1 0
subsnotifpro-go/internal/container/container.go:435.105,437.2 1 0
subsnotifpro-go/internal/container/container.go:439.90,441.2 1 0
subsnotifpro-go/internal/container/container.go:443.106,445.2 1 0
subsnotifpro-go/internal/container/container.go:447.86,449.2 1 0
subsnotifpro-go/internal/container/container.go:451.117,453.2 1 0
subsnotifpro-go/internal/container/container.go:455.105,457.2 1 0
subsnotifpro-go/internal/container/container.go:459.102,461.2 1 0
subsnotifpro-go/internal/container/container.go:463.91,465.2 1 0
subsnotifpro-go/internal/container/container.go:467.112,469.2 1 0
subsnotifpro-go/internal/container/container.go:472.70,487.2 1 0
subsnotifpro-go/internal/container/container.go:490.35,494.21 2 0
subsnotifpro-go/internal/container/container.go:494.21,496.3 1 0
subsnotifpro-go/internal/container/container.go:499.2,499.29 1 0
subsnotifpro-go/internal/container/container.go:499.29,502.64 3 0
subsnotifpro-go/internal/container/container.go:502.64,504.4 1 0
subsnotifpro-go/internal/container/container.go:504.9,506.4 1 0
subsnotifpro-go/internal/container/container.go:510.2,510.24 1 0
subsnotifpro-go/internal/container/container.go:510.24,511.45 1 0
subsnotifpro-go/internal/container/container.go:511.45,513.4 1 0
subsnotifpro-go/internal/container/container.go:517.2,517.25 1 0
subsnotifpro-go/internal/container/container.go:517.25,519.3 1 0
subsnotifpro-go/internal/container/container.go:522.2,522.17 1 0
subsnotifpro-go/internal/container/container.go:522.17,524.3 1 0
subsnotifpro-go/internal/container/container.go:526.2,527.12 2 0
subsnotifpro-go/internal/container/container.go:531.29,532.60 1 0
subsnotifpro-go/internal/container/container.go:532.60,533.59 1 0
subsnotifpro-go/internal/container/container.go:533.59,535.4 1 0
subsnotifpro-go/internal/container/container.go:537.2,537.42 1 0
subsnotifpro-go/internal/container/container.go:541.30,542.48 1 0
subsnotifpro-go/internal/container/container.go:542.48,544.3 1 0
subsnotifpro-go/internal/container/container.go:545.2,545.22 1 0
subsnotifpro-go/internal/container/container.go:548.31,549.74 1 0
subsnotifpro-go/internal/container/container.go:549.74,551.3 1 0
subsnotifpro-go/internal/container/container.go:552.2,552.32 1 0
subsnotifpro-go/internal/container/container.go:555.30,556.61 1 0
subsnotifpro-go/internal/container/container.go:556.61,557.66 1 0
subsnotifpro-go/internal/container/container.go:557.66,559.4 1 0
subsnotifpro-go/internal/container/container.go:561.2,561.12 1 0
subsnotifpro-go/internal/container/container.go:564.30,565.65 1 0
subsnotifpro-go/internal/container/container.go:565.65,567.3 1 0
subsnotifpro-go/internal/container/container.go:568.2,568.13 1 0
subsnotifpro-go/internal/health/health.go:51.89,58.2 1 0
subsnotifpro-go/internal/health/health.go:61.70,63.2 1 0
subsnotifpro-go/internal/health/health.go:66.74,68.2 1 0
subsnotifpro-go/internal/health/health.go:71.76,74.17 2 0
subsnotifpro-go/internal/health/health.go:74.17,81.3 1 0
subsnotifpro-go/internal/health/health.go:84.2,85.16 2 0
subsnotifpro-go/internal/health/health.go:85.16,92.3 1 0
subsnotifpro-go/internal/health/health.go:95.2,95.47 1 0
subsnotifpro-go/internal/health/health.go:95.47,102.3 1 0
subsnotifpro-go/internal/health/health.go:105.2,112.32 5 0
subsnotifpro-go/internal/health/health.go:112.32,115.3 2 0
subsnotifpro-go/internal/health/health.go:117.2,122.3 1 0
subsnotifpro-go/internal/health/health.go:126.76,129.25 2 0
subsnotifpro-go/internal/health/health.go:129.25,136.3 1 0
subsnotifpro-go/internal/health/health.go:139.2,139.29 1 0
subsnotifpro-go/internal/health/health.go:139.29,146.3 1 0
subsnotifpro-go/internal/health/health.go:149.2,150.16 2 0
subsnotifpro-go/internal/health/health.go:150.16,157.3 1 0
subsnotifpro-go/internal/health/health.go:158.2,165.3 2 0
subsnotifpro-go/internal/health/health.go:169.78,172.31 2 0
subsnotifpro-go/internal/health/health.go:172.31,179.3 1 0
subsnotifpro-go/internal/health/health.go:184.2,196.3 4 0
subsnotifpro-go/internal/health/health.go:200.77,201.25 1 0
subsnotifpro-go/internal/health/health.go:202.18,203.30 1 0
subsnotifpro-go/internal/health/health.go:204.20,205.32 1 0
subsnotifpro-go/internal/health/health.go:206.10,212.4 1 0
subsnotifpro-go/internal/health/health.go:217.80,228.39 5 0
subsnotifpro-go/internal/health/health.go:228.39,229.42 1 0
subsnotifpro-go/internal/health/health.go:229.42,231.9 2 0
subsnotifpro-go/internal/health/health.go:233.3,233.41 1 0
subsnotifpro-go/internal/health/health.go:233.41,235.4 1 0
subsnotifpro-go/internal/health/health.go:238.2,244.3 1 0
subsnotifpro-go/internal/health/health.go:248.62,249.54 1 0
subsnotifpro-go/internal/health/health.go:249.54,257.47 4 0
subsnotifpro-go/internal/health/health.go:257.47,259.4 1 0
subsnotifpro-go/internal/health/health.go:259.9,259.53 1 0
subsnotifpro-go/internal/health/health.go:259.53,261.4 1 0
subsnotifpro-go/internal/health/health.go:264.3,268.44 3 0
subsnotifpro-go/internal/health/health.go:273.61,274.54 1 0
subsnotifpro-go/internal/health/health.go:274.54,281.86 4 0
subsnotifpro-go/internal/health/health.go:281.86,288.4 3 0
subsnotifpro-go/internal/health/health.go:290.3,293.5 2 0
subsnotifpro-go/internal/health/health.go:298.60,299.54 1 0
subsnotifpro-go/internal/health/health.go:299.54,306.3 2 0
subsnotifpro-go/internal/observability/middleware.go:25.140,30.2 1 0
subsnotifpro-go/internal/observability/middleware.go:33.69,34.30 1 0
subsnotifpro-go/internal/observability/middleware.go:34.30,58.24 8 0
subsnotifpro-go/internal/observability/middleware.go:58.24,74.4 3 0
subsnotifpro-go/internal/observability/middleware.go:77.3,84.24 2 0
subsnotifpro-go/internal/observability/middleware.go:84.24,86.25 2 0
subsnotifpro-go/internal/observability/middleware.go:86.25,88.5 1 0
subsnotifpro-go/internal/observability/middleware.go:88.10,90.5 1 0
subsnotifpro-go/internal/observability/middleware.go:91.9,93.4 1 0
subsnotifpro-go/internal/observability/middleware.go:95.3,95.13 1 0
subsnotifpro-go/internal/observability/middleware.go:100.128,101.61 1 0
subsnotifpro-go/internal/observability/middleware.go:101.61,108.22 3 0
subsnotifpro-go/internal/observability/middleware.go:108.22,112.25 2 0
subsnotifpro-go/internal/observability/middleware.go:112.25,123.5 2 0
subsnotifpro-go/internal/observability/middleware.go:126.4,130.14 2 0
subsnotifpro-go/internal/observability/middleware.go:136.148,137.66 1 0
subsnotifpro-go/internal/observability/middleware.go:137.66,144.31 3 0
subsnotifpro-go/internal/observability/middleware.go:144.31,147.18 3 0
subsnotifpro-go/internal/observability/middleware.go:147.18,149.5 1 0
subsnotifpro-go/internal/observability/middleware.go:152.4,152.25 1 0
subsnotifpro-go/internal/observability/middleware.go:152.25,163.19 3 0
subsnotifpro-go/internal/observability/middleware.go:163.19,169.6 1 0
subsnotifpro-go/internal/observability/middleware.go:169.11,175.6 1 0
subsnotifpro-go/internal/observability/middleware.go:179.4,183.18 2 0
subsnotifpro-go/internal/observability/middleware.go:183.18,186.5 2 0
subsnotifpro-go/internal/observability/middleware.go:186.10,188.5 1 0
subsnotifpro-go/internal/observability/middleware.go:190.4,190.14 1 0
subsnotifpro-go/internal/observability/middleware.go:196.165,197.66 1 0
subsnotifpro-go/internal/observability/middleware.go:197.66,204.31 3 0
subsnotifpro-go/internal/observability/middleware.go:204.31,208.25 2 0
subsnotifpro-go/internal/observability/middleware.go:208.25,210.119 1 0
subsnotifpro-go/internal/observability/middleware.go:210.119,212.40 2 0
subsnotifpro-go/internal/observability/middleware.go:212.40,213.35 1 0
subsnotifpro-go/internal/observability/middleware.go:213.35,215.8 1 0
subsnotifpro-go/internal/observability/middleware.go:218.6,219.20 2 0
subsnotifpro-go/internal/observability/middleware.go:219.20,221.7 1 0
subsnotifpro-go/internal/observability/middleware.go:223.6,227.13 1 0
subsnotifpro-go/internal/observability/middleware.go:232.4,236.18 2 0
subsnotifpro-go/internal/observability/middleware.go:236.18,239.5 2 0
subsnotifpro-go/internal/observability/middleware.go:239.10,241.5 1 0
subsnotifpro-go/internal/observability/middleware.go:243.4,243.14 1 0
subsnotifpro-go/internal/observability/middleware.go:249.79,250.30 1 0
subsnotifpro-go/internal/observability/middleware.go:250.30,255.67 3 0
subsnotifpro-go/internal/observability/middleware.go:255.67,256.58 1 0
subsnotifpro-go/internal/observability/middleware.go:256.58,258.5 1 0
subsnotifpro-go/internal/observability/middleware.go:258.10,258.64 1 0
subsnotifpro-go/internal/observability/middleware.go:258.64,260.5 1 0
subsnotifpro-go/internal/observability/middleware.go:264.3,276.31 6 0
subsnotifpro-go/internal/observability/middleware.go:276.31,278.4 1 0
subsnotifpro-go/internal/observability/middleware.go:278.9,278.38 1 0
subsnotifpro-go/internal/observability/middleware.go:278.38,280.4 1 0
subsnotifpro-go/internal/observability/middleware.go:283.3,283.24 1 0
subsnotifpro-go/internal/observability/middleware.go:283.24,292.4 2 0
subsnotifpro-go/internal/observability/middleware.go:295.3,300.26 2 0
subsnotifpro-go/internal/observability/middleware.go:300.26,302.4 1 0
subsnotifpro-go/internal/observability/middleware.go:302.9,304.4 1 0
subsnotifpro-go/internal/observability/middleware.go:306.3,306.13 1 0
subsnotifpro-go/internal/observability/middleware.go:311.78,312.30 1 0
subsnotifpro-go/internal/observability/middleware.go:312.30,314.26 2 0
subsnotifpro-go/internal/observability/middleware.go:314.26,316.24 1 0
subsnotifpro-go/internal/observability/middleware.go:316.24,318.5 1 0
subsnotifpro-go/internal/observability/middleware.go:319.4,319.27 1 0
subsnotifpro-go/internal/observability/middleware.go:319.27,321.5 1 0
subsnotifpro-go/internal/observability/middleware.go:325.3,328.23 2 0
subsnotifpro-go/internal/observability/middleware.go:328.23,332.4 1 0
subsnotifpro-go/internal/observability/middleware.go:334.3,334.11 1 0
subsnotifpro-go/internal/observability/middleware.go:339.37,341.2 1 0
subsnotifpro-go/internal/middleware/cache.go:31.68,39.2 2 0
subsnotifpro-go/internal/middleware/cache.go:42.60,44.2 1 0
subsnotifpro-go/internal/middleware/cache.go:47.84,48.30 1 0
subsnotifpro-go/internal/middleware/cache.go:48.30,50.41 1 0
subsnotifpro-go/internal/middleware/cache.go:50.41,53.4 2 0
subsnotifpro-go/internal/middleware/cache.go:56.3,59.60 2 0
subsnotifpro-go/internal/middleware/cache.go:59.60,60.54 1 0
subsnotifpro-go/internal/middleware/cache.go:60.54,64.5 2 0
subsnotifpro-go/internal/middleware/cache.go:68.3,68.47 1 0
subsnotifpro-go/internal/middleware/cache.go:73.80,74.30 1 0
subsnotifpro-go/internal/middleware/cache.go:74.30,78.58 2 0
subsnotifpro-go/internal/middleware/cache.go:78.58,81.63 2 0
subsnotifpro-go/internal/middleware/cache.go:81.63,83.38 1 0
subsnotifpro-go/internal/middleware/cache.go:83.38,90.6 2 0
subsnotifpro-go/internal/middleware/cache.go:97.57,98.30 1 0
subsnotifpro-go/internal/middleware/cache.go:98.30,103.3 2 0
subsnotifpro-go/internal/middleware/cache.go:107.36,108.28 1 0
subsnotifpro-go/internal/middleware/cache.go:108.28,110.3 1 0
subsnotifpro-go/internal/middleware/cache.go:114.62,116.2 1 0
subsnotifpro-go/internal/middleware/cache.go:120.46,125.34 2 0
subsnotifpro-go/internal/middleware/cache.go:125.34,127.3 1 0
subsnotifpro-go/internal/middleware/cache.go:130.2,130.52 1 0
subsnotifpro-go/internal/middleware/cache.go:130.52,132.3 1 0
subsnotifpro-go/internal/middleware/cache.go:134.2,134.12 1 0
subsnotifpro-go/internal/middleware/cache.go:137.109,139.47 1 0
subsnotifpro-go/internal/middleware/cache.go:139.47,140.32 1 0
subsnotifpro-go/internal/middleware/cache.go:140.32,142.4 1 0
subsnotifpro-go/internal/middleware/cache.go:146.2,160.11 6 0
subsnotifpro-go/internal/middleware/cache.go:163.104,179.49 6 0
subsnotifpro-go/internal/middleware/cache.go:179.49,189.45 2 0
subsnotifpro-go/internal/middleware/cache.go:189.45,190.36 1 0
subsnotifpro-go/internal/middleware/cache.go:190.36,192.5 1 0
subsnotifpro-go/internal/middleware/cache.go:196.3,205.30 2 0
subsnotifpro-go/internal/middleware/cache.go:216.58,219.2 2 0
subsnotifpro-go/internal/middleware/cache.go:221.61,224.2 2 0
subsnotifpro-go/internal/middleware/cache.go:226.54,229.2 2 0
subsnotifpro-go/internal/middleware/cache.go:231.39,233.2 1 0
subsnotifpro-go/internal/middleware/cache.go:236.46,245.2 2 0
subsnotifpro-go/internal/middleware/cache.go:260.38,263.2 2 0
subsnotifpro-go/internal/middleware/cache.go:265.39,268.2 2 0
subsnotifpro-go/internal/middleware/cache.go:270.37,273.2 2 0
subsnotifpro-go/internal/middleware/enhanced.go:26.50,44.2 4 0
subsnotifpro-go/internal/middleware/enhanced.go:47.62,48.30 1 0
subsnotifpro-go/internal/middleware/enhanced.go:48.30,50.26 2 0
subsnotifpro-go/internal/middleware/enhanced.go:50.26,52.4 1 0
subsnotifpro-go/internal/middleware/enhanced.go:55.3,69.11 6 0
subsnotifpro-go/internal/middleware/enhanced.go:74.58,75.30 1 0
subsnotifpro-go/internal/middleware/enhanced.go:75.30,76.29 1 0
subsnotifpro-go/internal/middleware/enhanced.go:76.29,87.4 6 0
subsnotifpro-go/internal/middleware/enhanced.go:89.3,89.11 1 0
subsnotifpro-go/internal/middleware/enhanced.go:94.85,98.22 2 0
subsnotifpro-go/internal/middleware/enhanced.go:99.17,100.67 1 0
subsnotifpro-go/internal/middleware/enhanced.go:101.13,102.64 1 0
subsnotifpro-go/internal/middleware/enhanced.go:103.15,104.66 1 0
subsnotifpro-go/internal/middleware/enhanced.go:105.10,106.67 1 0
subsnotifpro-go/internal/middleware/enhanced.go:109.2,109.30 1 0
subsnotifpro-go/internal/middleware/enhanced.go:109.30,110.26 1 0
subsnotifpro-go/internal/middleware/enhanced.go:110.26,123.4 6 0
subsnotifpro-go/internal/middleware/enhanced.go:125.3,125.11 1 0
subsnotifpro-go/internal/middleware/enhanced.go:130.80,132.2 1 0
subsnotifpro-go/internal/middleware/enhanced.go:135.79,137.2 1 0
subsnotifpro-go/internal/middleware/enhanced.go:140.78,141.30 1 0
subsnotifpro-go/internal/middleware/enhanced.go:141.30,150.13 5 0
subsnotifpro-go/internal/middleware/enhanced.go:150.13,153.4 2 0
subsnotifpro-go/internal/middleware/enhanced.go:155.3,155.10 1 0
subsnotifpro-go/internal/middleware/enhanced.go:156.15,156.15 0 0
subsnotifpro-go/internal/middleware/enhanced.go:158.21,167.13 4 0
subsnotifpro-go/internal/middleware/enhanced.go:173.61,174.72 1 0
subsnotifpro-go/internal/middleware/enhanced.go:174.72,177.23 2 0
subsnotifpro-go/internal/middleware/enhanced.go:177.23,185.4 3 0
subsnotifpro-go/internal/middleware/enhanced.go:190.63,191.30 1 0
subsnotifpro-go/internal/middleware/enhanced.go:191.30,209.24 7 0
subsnotifpro-go/internal/middleware/enhanced.go:209.24,211.4 1 0
subsnotifpro-go/internal/middleware/enhanced.go:213.3,214.61 2 0
subsnotifpro-go/internal/middleware/enhanced.go:219.69,220.30 1 0
subsnotifpro-go/internal/middleware/enhanced.go:220.30,224.76 2 0
subsnotifpro-go/internal/middleware/enhanced.go:224.76,228.25 2 0
subsnotifpro-go/internal/middleware/enhanced.go:228.25,230.5 1 0
subsnotifpro-go/internal/middleware/enhanced.go:233.4,233.32 1 0
subsnotifpro-go/internal/middleware/enhanced.go:233.32,235.5 1 0
subsnotifpro-go/internal/middleware/enhanced.go:237.4,237.19 1 0
subsnotifpro-go/internal/middleware/enhanced.go:240.3,242.17 2 0
subsnotifpro-go/internal/middleware/enhanced.go:242.17,250.48 3 0
subsnotifpro-go/internal/middleware/enhanced.go:250.48,252.5 1 0
subsnotifpro-go/internal/middleware/enhanced.go:252.10,254.5 1 0
subsnotifpro-go/internal/middleware/enhanced.go:255.4,255.13 1 0
subsnotifpro-go/internal/middleware/idempotency.go:31.61,33.2 1 0
subsnotifpro-go/internal/middleware/idempotency.go:36.110,37.19 1 0
subsnotifpro-go/internal/middleware/idempotency.go:37.19,39.3 1 0
subsnotifpro-go/internal/middleware/idempotency.go:41.2,46.16 3 0
subsnotifpro-go/internal/middleware/idempotency.go:46.16,49.3 2 0
subsnotifpro-go/internal/middleware/idempotency.go:51.2,52.22 2 0
subsnotifpro-go/internal/middleware/idempotency.go:52.22,54.3 1 0
subsnotifpro-go/internal/middleware/idempotency.go:56.2,56.30 1 0
subsnotifpro-go/internal/middleware/idempotency.go:60.101,61.19 1 0
subsnotifpro-go/internal/middleware/idempotency.go:61.19,63.3 1 0
subsnotifpro-go/internal/middleware/idempotency.go:65.2,75.16 4 0
subsnotifpro-go/internal/middleware/idempotency.go:75.16,78.3 2 0
subsnotifpro-go/internal/middleware/idempotency.go:80.2,81.12 2 0
subsnotifpro-go/internal/middleware/idempotency.go:85.80,90.25 2 0
subsnotifpro-go/internal/middleware/idempotency.go:90.25,93.3 2 0
subsnotifpro-go/internal/middleware/idempotency.go:95.2,95.29 1 0
subsnotifpro-go/internal/middleware/idempotency.go:95.29,97.3 1 0
subsnotifpro-go/internal/middleware/idempotency.go:99.2,99.12 1 0
subsnotifpro-go/internal/middleware/idempotency.go:103.68,104.30 1 0
subsnotifpro-go/internal/middleware/idempotency.go:104.30,107.14 2 0
subsnotifpro-go/internal/middleware/idempotency.go:107.14,111.4 2 0
subsnotifpro-go/internal/middleware/idempotency.go:113.3,114.14 2 0
subsnotifpro-go/internal/middleware/idempotency.go:114.14,116.4 1 0
subsnotifpro-go/internal/middleware/idempotency.go:119.3,120.17 2 0
subsnotifpro-go/internal/middleware/idempotency.go:120.17,125.4 4 0
subsnotifpro-go/internal/middleware/idempotency.go:127.3,127.16 1 0
subsnotifpro-go/internal/middleware/idempotency.go:127.16,132.4 4 0
subsnotifpro-go/internal/middleware/idempotency.go:135.3,138.58 2 0
subsnotifpro-go/internal/middleware/idempotency.go:138.58,140.18 2 0
subsnotifpro-go/internal/middleware/idempotency.go:140.18,142.5 1 0
subsnotifpro-go/internal/middleware/idempotency.go:148.51,150.2 1 0
subsnotifpro-go/internal/middleware/security.go:30.45,53.2 1 0
subsnotifpro-go/internal/middleware/security.go:61.71,65.2 1 0
subsnotifpro-go/internal/middleware/security.go:68.70,69.71 1 0
subsnotifpro-go/internal/middleware/security.go:69.71,74.25 2 0
subsnotifpro-go/internal/middleware/security.go:74.25,76.4 1 0
subsnotifpro-go/internal/middleware/security.go:79.3,79.31 1 0
subsnotifpro-go/internal/middleware/security.go:79.31,81.4 1 0
subsnotifpro-go/internal/middleware/security.go:83.3,83.23 1 0
subsnotifpro-go/internal/middleware/security.go:88.89,97.42 6 0
subsnotifpro-go/internal/middleware/security.go:97.42,99.3 1 0
subsnotifpro-go/internal/middleware/security.go:102.2,102.38 1 0
subsnotifpro-go/internal/middleware/security.go:102.38,104.3 1 0
subsnotifpro-go/internal/middleware/security.go:107.2,110.30 2 0
subsnotifpro-go/internal/middleware/security.go:110.30,114.3 3 0
subsnotifpro-go/internal/middleware/security.go:118.86,122.47 2 0
subsnotifpro-go/internal/middleware/security.go:122.47,125.3 2 0
subsnotifpro-go/internal/middleware/security.go:125.8,125.83 1 0
subsnotifpro-go/internal/middleware/security.go:125.83,127.3 1 0
subsnotifpro-go/internal/middleware/security.go:130.2,130.27 1 0
subsnotifpro-go/internal/middleware/security.go:130.27,136.3 5 0
subsnotifpro-go/internal/middleware/security.go:138.2,138.14 1 0
subsnotifpro-go/internal/middleware/security.go:142.91,145.40 2 0
subsnotifpro-go/internal/middleware/security.go:145.40,148.3 2 0
subsnotifpro-go/internal/middleware/security.go:151.2,151.31 1 0
subsnotifpro-go/internal/middleware/security.go:151.31,154.3 2 0
subsnotifpro-go/internal/middleware/security.go:157.2,157.36 1 0
subsnotifpro-go/internal/middleware/security.go:157.36,160.3 2 0
subsnotifpro-go/internal/middleware/security.go:162.2,162.13 1 0
subsnotifpro-go/internal/middleware/security.go:166.66,167.56 1 0
subsnotifpro-go/internal/middleware/security.go:167.56,168.54 1 0
subsnotifpro-go/internal/middleware/security.go:168.54,170.4 1 0
subsnotifpro-go/internal/middleware/security.go:172.3,172.45 1 0
subsnotifpro-go/internal/middleware/security.go:172.45,174.41 2 0
subsnotifpro-go/internal/middleware/security.go:174.41,176.5 1 0
subsnotifpro-go/internal/middleware/security.go:179.2,179.14 1 0
subsnotifpro-go/internal/middleware/security.go:183.72,192.38 2 0
subsnotifpro-go/internal/middleware/security.go:192.38,193.42 1 0
subsnotifpro-go/internal/middleware/security.go:193.42,195.4 1 0
subsnotifpro-go/internal/middleware/security.go:197.2,197.14 1 0
subsnotifpro-go/internal/middleware/security.go:201.75,202.21 1 0
subsnotifpro-go/internal/middleware/security.go:202.21,204.3 1 0
subsnotifpro-go/internal/middleware/security.go:206.2,213.37 3 0
subsnotifpro-go/internal/middleware/security.go:213.37,214.41 1 0
subsnotifpro-go/internal/middleware/security.go:214.41,216.4 1 0
subsnotifpro-go/internal/middleware/security.go:219.2,219.14 1 0
subsnotifpro-go/internal/middleware/security.go:223.73,234.43 2 0
subsnotifpro-go/internal/middleware/security.go:234.43,235.49 1 0
subsnotifpro-go/internal/middleware/security.go:235.49,238.81 1 0
subsnotifpro-go/internal/middleware/security.go:238.81,240.5 1 0
subsnotifpro-go/internal/middleware/security.go:244.2,244.14 1 0
subsnotifpro-go/internal/middleware/security.go:254.57,259.2 1 0
subsnotifpro-go/internal/middleware/security.go:262.52,263.33 1 0
subsnotifpro-go/internal/middleware/security.go:263.33,265.3 1 0
subsnotifpro-go/internal/middleware/security.go:267.2,271.52 3 0
subsnotifpro-go/internal/middleware/security.go:271.52,273.27 2 0
subsnotifpro-go/internal/middleware/security.go:273.27,274.28 1 0
subsnotifpro-go/internal/middleware/security.go:274.28,276.5 1 0
subsnotifpro-go/internal/middleware/security.go:278.3,278.37 1 0
subsnotifpro-go/internal/middleware/security.go:282.2,282.63 1 0
subsnotifpro-go/internal/middleware/security.go:282.63,284.3 1 0
subsnotifpro-go/internal/middleware/security.go:287.2,288.13 2 0
subsnotifpro-go/internal/middleware/security.go:292.42,295.24 2 0
subsnotifpro-go/internal/middleware/security.go:295.24,298.19 2 0
subsnotifpro-go/internal/middleware/security.go:298.19,300.4 1 0
subsnotifpro-go/internal/middleware/security.go:304.2,304.55 1 0
subsnotifpro-go/internal/middleware/security.go:304.55,306.3 1 0
subsnotifpro-go/internal/middleware/security.go:309.2,310.31 2 0
subsnotifpro-go/internal/middleware/security.go:310.31,312.3 1 0
subsnotifpro-go/internal/middleware/security.go:313.2,313.11 1 0
subsnotifpro-go/internal/middleware/validation.go:18.42,20.2 1 0
subsnotifpro-go/internal/middleware/validation.go:30.45,32.2 1 0
subsnotifpro-go/internal/middleware/validation.go:40.59,41.22 1 0
subsnotifpro-go/internal/middleware/validation.go:41.22,43.3 1 0
subsnotifpro-go/internal/middleware/validation.go:44.2,46.3 1 0
subsnotifpro-go/internal/middleware/validation.go:50.74,51.71 1 0
subsnotifpro-go/internal/middleware/validation.go:51.71,56.64 2 0
subsnotifpro-go/internal/middleware/validation.go:56.64,57.51 1 0
subsnotifpro-go/internal/middleware/validation.go:57.51,60.5 2 0
subsnotifpro-go/internal/middleware/validation.go:64.3,64.49 1 0
subsnotifpro-go/internal/middleware/validation.go:64.49,67.4 2 0
subsnotifpro-go/internal/middleware/validation.go:70.3,70.50 1 0
subsnotifpro-go/internal/middleware/validation.go:70.50,73.4 2 0
subsnotifpro-go/internal/middleware/validation.go:76.3,77.40 2 0
subsnotifpro-go/internal/middleware/validation.go:82.69,84.23 2 0
subsnotifpro-go/internal/middleware/validation.go:84.23,90.3 1 0
subsnotifpro-go/internal/middleware/validation.go:93.2,99.39 2 0
subsnotifpro-go/internal/middleware/validation.go:99.39,100.47 1 0
subsnotifpro-go/internal/middleware/validation.go:100.47,102.4 1 0
subsnotifpro-go/internal/middleware/validation.go:105.2,109.3 1 0
subsnotifpro-go/internal/middleware/validation.go:113.68,119.42 2 0
subsnotifpro-go/internal/middleware/validation.go:119.42,125.3 1 0
subsnotifpro-go/internal/middleware/validation.go:127.2,127.21 1 0
subsnotifpro-go/internal/middleware/validation.go:127.21,133.3 1 0
subsnotifpro-go/internal/middleware/validation.go:135.2,135.12 1 0
subsnotifpro-go/internal/middleware/validation.go:139.69,143.33 3 0
subsnotifpro-go/internal/middleware/validation.go:143.33,145.32 1 0
subsnotifpro-go/internal/middleware/validation.go:145.32,146.37 1 0
subsnotifpro-go/internal/middleware/validation.go:146.37,152.5 1 0
subsnotifpro-go/internal/middleware/validation.go:156.3,156.14 1 0
subsnotifpro-go/internal/middleware/validation.go:157.16,158.63 1 0
subsnotifpro-go/internal/middleware/validation.go:158.63,164.5 1 0
subsnotifpro-go/internal/middleware/validation.go:165.17,166.66 1 0
subsnotifpro-go/internal/middleware/validation.go:166.66,172.5 1 0
subsnotifpro-go/internal/middleware/validation.go:176.2,176.21 1 0
subsnotifpro-go/internal/middleware/validation.go:176.21,182.3 1 0
subsnotifpro-go/internal/middleware/validation.go:184.2,184.12 1 0
subsnotifpro-go/internal/middleware/validation.go:188.68,195.35 3 0
subsnotifpro-go/internal/middleware/validation.go:195.35,196.43 1 0
subsnotifpro-go/internal/middleware/validation.go:196.43,198.4 1 0
subsnotifpro-go/internal/middleware/validation.go:200.2,200.14 1 0
subsnotifpro-go/internal/middleware/validation.go:204.66,212.38 3 0
subsnotifpro-go/internal/middleware/validation.go:212.38,213.44 1 0
subsnotifpro-go/internal/middleware/validation.go:213.44,215.4 1 0
subsnotifpro-go/internal/middleware/validation.go:217.2,217.14 1 0
subsnotifpro-go/internal/middleware/validation.go:221.55,222.41 1 0
subsnotifpro-go/internal/middleware/validation.go:222.41,224.3 1 0
subsnotifpro-go/internal/middleware/validation.go:227.2,227.29 1 0
subsnotifpro-go/internal/middleware/validation.go:227.29,231.32 1 0
subsnotifpro-go/internal/middleware/validation.go:231.32,233.4 1 0
subsnotifpro-go/internal/middleware/validation.go:235.2,235.13 1 0
subsnotifpro-go/internal/middleware/validation.go:239.73,240.21 1 0
subsnotifpro-go/internal/middleware/validation.go:240.21,242.3 1 0
subsnotifpro-go/internal/middleware/validation.go:244.2,245.29 2 0
subsnotifpro-go/internal/middleware/validation.go:245.29,246.31 1 0
subsnotifpro-go/internal/middleware/validation.go:246.31,248.4 1 0
subsnotifpro-go/internal/middleware/validation.go:249.3,250.16 2 0
subsnotifpro-go/internal/middleware/validation.go:250.16,252.4 1 0
subsnotifpro-go/internal/middleware/validation.go:254.2,254.19 1 0
subsnotifpro-go/internal/middleware/validation.go:258.97,264.46 4 0
subsnotifpro-go/internal/middleware/validation.go:264.46,270.3 1 0
subsnotifpro-go/internal/middleware/validation.go:270.8,270.57 1 0
subsnotifpro-go/internal/middleware/validation.go:270.57,272.3 1 0
subsnotifpro-go/internal/middleware/validation.go:272.8,277.3 1 0
subsnotifpro-go/internal/middleware/validation.go:279.2,279.37 1 0
subsnotifpro-go/internal/migrations/indexes.go:8.47,11.41 2 0
subsnotifpro-go/internal/migrations/indexes.go:11.41,12.46 1 0
subsnotifpro-go/internal/migrations/indexes.go:12.46,14.4 1 0
subsnotifpro-go/internal/migrations/indexes.go:16.2,16.12 1 0
subsnotifpro-go/internal/migrations/views.go:91.49,152.29 2 0
subsnotifpro-go/internal/migrations/views.go:152.29,153.45 1 0
subsnotifpro-go/internal/migrations/views.go:153.45,155.4 1 0
subsnotifpro-go/internal/migrations/views.go:157.2,157.12 1 0
subsnotifpro-go/internal/migrations/views.go:161.43,191.32 2 0
subsnotifpro-go/internal/migrations/views.go:191.32,192.46 1 0
subsnotifpro-go/internal/migrations/views.go:192.46,194.4 1 0
subsnotifpro-go/internal/migrations/views.go:197.2,197.12 1 0
subsnotifpro-go/internal/metrics/init.go:7.14,10.2 0 0
subsnotifpro-go/internal/metrics/metrics.go:55.44,57.2 1 0
subsnotifpro-go/internal/metrics/metrics.go:64.45,65.21 1 0
subsnotifpro-go/internal/metrics/metrics.go:65.21,67.3 1 0
subsnotifpro-go/internal/metrics/metrics.go:68.2,68.17 1 0
subsnotifpro-go/internal/metrics/metrics.go:72.52,73.25 1 0
subsnotifpro-go/internal/metrics/metrics.go:73.25,75.3 1 0
subsnotifpro-go/internal/metrics/metrics.go:77.2,266.26 2 0
subsnotifpro-go/internal/metrics/metrics.go:266.26,269.3 2 0
subsnotifpro-go/internal/metrics/metrics.go:271.2,271.17 1 0
subsnotifpro-go/internal/metrics/metrics.go:275.46,301.33 2 0
subsnotifpro-go/internal/metrics/metrics.go:301.33,302.53 1 0
subsnotifpro-go/internal/metrics/metrics.go:302.53,303.61 1 0
subsnotifpro-go/internal/metrics/metrics.go:303.61,306.5 1 0
subsnotifpro-go/internal/metrics/metrics.go:312.13,314.2 1 0
subsnotifpro-go/internal/metrics/metrics.go:317.63,319.2 1 0
subsnotifpro-go/internal/metrics/metrics.go:322.63,324.2 1 0
subsnotifpro-go/internal/metrics/metrics.go:327.84,329.2 1 0
subsnotifpro-go/internal/metrics/metrics.go:332.101,336.2 3 0
subsnotifpro-go/internal/metrics/metrics.go:339.74,342.2 2 0
subsnotifpro-go/internal/metrics/metrics.go:345.86,348.2 2 0
subsnotifpro-go/internal/metrics/metrics.go:351.69,353.2 1 0
subsnotifpro-go/internal/metrics/metrics.go:356.74,358.2 1 0
subsnotifpro-go/internal/metrics/metrics.go:361.72,363.2 1 0
subsnotifpro-go/internal/metrics/metrics.go:366.31,368.2 1 0
subsnotifpro-go/internal/metrics/metrics.go:371.62,373.2 1 0
subsnotifpro-go/internal/metrics/metrics.go:376.51,378.2 1 0
subsnotifpro-go/internal/metrics/metrics.go:381.63,382.13 1 0
subsnotifpro-go/internal/metrics/metrics.go:382.13,384.3 1 0
subsnotifpro-go/internal/metrics/metrics.go:384.8,386.3 1 0
subsnotifpro-go/internal/metrics/metrics.go:390.57,392.2 1 0
subsnotifpro-go/internal/metrics/metrics.go:400.51,404.2 1 0
subsnotifpro-go/internal/metrics/metrics.go:407.58,412.73 3 0
subsnotifpro-go/internal/metrics/metrics.go:412.73,415.3 2 0
subsnotifpro-go/internal/metrics/metrics.go:417.2,424.12 3 0
subsnotifpro-go/internal/metrics/metrics.go:424.12,430.3 5 0
subsnotifpro-go/internal/metrics/metrics.go:432.2,432.32 1 0
subsnotifpro-go/internal/metrics/server.go:15.46,17.16 2 0
subsnotifpro-go/internal/metrics/server.go:17.16,19.3 1 0
subsnotifpro-go/internal/metrics/server.go:20.2,28.74 4 0
subsnotifpro-go/internal/metrics/server.go:28.74,31.3 2 0
subsnotifpro-go/internal/metrics/server.go:33.2,35.12 2 0
subsnotifpro-go/internal/metrics/server.go:35.12,36.63 1 0
subsnotifpro-go/internal/metrics/server.go:36.63,38.4 1 0
subsnotifpro-go/internal/metrics/server.go:42.2,42.12 1 0
subsnotifpro-go/internal/metrics/server.go:42.12,46.3 3 0
subsnotifpro-go/internal/organization/handler/handler.go:14.45,16.2 1 0
subsnotifpro-go/internal/organization/handler/handler.go:18.53,22.16 3 0
subsnotifpro-go/internal/organization/handler/handler.go:22.16,25.3 2 0
subsnotifpro-go/internal/organization/handler/handler.go:27.2,27.28 1 0
subsnotifpro-go/internal/organization/repository/repository.go:20.44,22.2 1 0
subsnotifpro-go/internal/organization/repository/repository.go:24.80,26.2 1 0
subsnotifpro-go/internal/organization/repository/repository.go:28.90,32.2 3 0
subsnotifpro-go/internal/organization/repository/repository.go:34.100,38.2 3 0
subsnotifpro-go/internal/pkg/messaging/consumer.go:39.13,51.2 1 0
subsnotifpro-go/internal/pkg/messaging/consumer.go:54.47,56.16 2 0
subsnotifpro-go/internal/pkg/messaging/consumer.go:56.16,58.3 1 0
subsnotifpro-go/internal/pkg/messaging/consumer.go:60.2,63.37 2 0
subsnotifpro-go/internal/pkg/messaging/consumer.go:63.37,65.3 1 0
subsnotifpro-go/internal/pkg/messaging/consumer.go:67.2,67.14 1 0
subsnotifpro-go/internal/pkg/messaging/consumer.go:71.75,72.6 1 0
subsnotifpro-go/internal/pkg/messaging/consumer.go:72.6,73.10 1 0
subsnotifpro-go/internal/pkg/messaging/consumer.go:74.21,76.10 2 0
subsnotifpro-go/internal/pkg/messaging/consumer.go:77.26,78.11 1 0
subsnotifpro-go/internal/pkg/messaging/consumer.go:78.11,81.5 2 0
subsnotifpro-go/internal/pkg/messaging/consumer.go:82.4,82.30 1 0
subsnotifpro-go/internal/pkg/messaging/consumer.go:88.75,89.15 1 0
subsnotifpro-go/internal/pkg/messaging/consumer.go:89.15,90.31 1 0
subsnotifpro-go/internal/pkg/messaging/consumer.go:90.31,92.48 2 0
subsnotifpro-go/internal/pkg/messaging/consumer.go:92.48,94.5 1 0
subsnotifpro-go/internal/pkg/messaging/consumer.go:99.2,103.32 3 0
subsnotifpro-go/internal/pkg/messaging/consumer.go:103.32,105.48 2 0
subsnotifpro-go/internal/pkg/messaging/consumer.go:105.48,107.4 1 0
subsnotifpro-go/internal/pkg/messaging/consumer.go:108.3,108.9 1 0
subsnotifpro-go/internal/pkg/messaging/consumer.go:112.2,112.49 1 0
subsnotifpro-go/internal/pkg/messaging/consumer.go:112.49,117.3 4 0
subsnotifpro-go/internal/pkg/messaging/consumer.go:120.2,120.39 1 0
subsnotifpro-go/internal/pkg/messaging/consumer.go:120.39,122.3 1 0
subsnotifpro-go/internal/pkg/messaging/consumer.go:125.72,133.32 5 0
subsnotifpro-go/internal/pkg/messaging/consumer.go:133.32,135.3 1 0
subsnotifpro-go/internal/pkg/messaging/consumer.go:136.2,152.16 4 0
subsnotifpro-go/internal/pkg/messaging/consumer.go:152.16,155.55 2 0
subsnotifpro-go/internal/pkg/messaging/consumer.go:155.55,157.4 1 0
subsnotifpro-go/internal/pkg/messaging/consumer.go:158.3,158.9 1 0
subsnotifpro-go/internal/pkg/messaging/consumer.go:162.2,162.45 1 0
subsnotifpro-go/internal/pkg/messaging/consumer.go:162.45,165.3 2 0
subsnotifpro-go/internal/pkg/messaging/consumer.go:167.2,167.93 1 0
subsnotifpro-go/internal/pkg/messaging/consumer.go:171.44,172.61 1 0
subsnotifpro-go/internal/pkg/messaging/consumer.go:172.61,173.34 1 0
subsnotifpro-go/internal/pkg/messaging/consumer.go:174.12,175.12 1 0
subsnotifpro-go/internal/pkg/messaging/consumer.go:176.14,177.17 1 0
subsnotifpro-go/internal/pkg/messaging/consumer.go:178.14,179.17 1 0
subsnotifpro-go/internal/pkg/messaging/consumer.go:180.16,181.17 1 0
subsnotifpro-go/internal/pkg/messaging/consumer.go:182.11,184.52 1 0
subsnotifpro-go/internal/pkg/messaging/consumer.go:184.52,185.51 1 0
subsnotifpro-go/internal/pkg/messaging/consumer.go:185.51,187.6 1 0
subsnotifpro-go/internal/pkg/messaging/consumer.go:191.2,191.10 1 0
subsnotifpro-go/internal/pkg/messaging/factory.go:18.64,20.2 1 0
subsnotifpro-go/internal/pkg/messaging/factory.go:23.88,24.32 1 0
subsnotifpro-go/internal/pkg/messaging/factory.go:25.36,28.10 2 0
subsnotifpro-go/internal/pkg/messaging/factory.go:28.10,30.4 1 0
subsnotifpro-go/internal/pkg/messaging/factory.go:31.3,31.47 1 0
subsnotifpro-go/internal/pkg/messaging/factory.go:33.38,36.10 2 0
subsnotifpro-go/internal/pkg/messaging/factory.go:36.10,38.4 1 0
subsnotifpro-go/internal/pkg/messaging/factory.go:39.3,39.48 1 0
subsnotifpro-go/internal/pkg/messaging/factory.go:41.10,42.83 1 0
subsnotifpro-go/internal/pkg/messaging/factory.go:47.86,48.32 1 0
subsnotifpro-go/internal/pkg/messaging/factory.go:49.36,52.10 2 0
subsnotifpro-go/internal/pkg/messaging/factory.go:52.10,54.4 1 0
subsnotifpro-go/internal/pkg/messaging/factory.go:55.3,55.46 1 0
subsnotifpro-go/internal/pkg/messaging/factory.go:57.38,60.10 2 0
subsnotifpro-go/internal/pkg/messaging/factory.go:60.10,62.4 1 0
subsnotifpro-go/internal/pkg/messaging/factory.go:63.3,63.47 1 0
subsnotifpro-go/internal/pkg/messaging/factory.go:65.10,66.83 1 0
subsnotifpro-go/internal/pkg/messaging/factory.go:90.72,103.2 2 0
subsnotifpro-go/internal/pkg/messaging/factory.go:110.62,112.2 1 0
subsnotifpro-go/internal/pkg/messaging/factory.go:114.49,118.2 1 0
subsnotifpro-go/internal/pkg/messaging/factory.go:121.101,122.32 1 0
subsnotifpro-go/internal/pkg/messaging/factory.go:123.36,126.4 1 0
subsnotifpro-go/internal/pkg/messaging/factory.go:128.38,134.4 1 0
subsnotifpro-go/internal/pkg/messaging/factory.go:136.10,137.13 1 0
subsnotifpro-go/internal/pkg/messaging/factory.go:147.15,148.32 1 0
subsnotifpro-go/internal/pkg/messaging/factory.go:149.36,153.54 2 0
subsnotifpro-go/internal/pkg/messaging/factory.go:153.54,156.4 2 0
subsnotifpro-go/internal/pkg/messaging/factory.go:156.9,156.65 1 0
subsnotifpro-go/internal/pkg/messaging/factory.go:156.65,159.4 2 0
subsnotifpro-go/internal/pkg/messaging/factory.go:159.9,159.68 1 0
subsnotifpro-go/internal/pkg/messaging/factory.go:159.68,162.4 2 0
subsnotifpro-go/internal/pkg/messaging/factory.go:164.3,174.4 1 0
subsnotifpro-go/internal/pkg/messaging/factory.go:176.38,187.4 1 0
subsnotifpro-go/internal/pkg/messaging/factory.go:189.10,190.13 1 0
subsnotifpro-go/internal/pkg/messaging/factory.go:197.65,200.27 2 0
subsnotifpro-go/internal/pkg/messaging/factory.go:201.36,213.17 3 0
subsnotifpro-go/internal/pkg/messaging/factory.go:213.17,215.4 1 0
subsnotifpro-go/internal/pkg/messaging/factory.go:217.3,218.17 2 0
subsnotifpro-go/internal/pkg/messaging/factory.go:218.17,221.4 2 0
subsnotifpro-go/internal/pkg/messaging/factory.go:223.3,228.17 3 0
subsnotifpro-go/internal/pkg/messaging/factory.go:228.17,232.4 3 0
subsnotifpro-go/internal/pkg/messaging/factory.go:235.3,239.9 1 0
subsnotifpro-go/internal/pkg/messaging/factory.go:241.38,248.39 2 0
subsnotifpro-go/internal/pkg/messaging/factory.go:250.10,251.78 1 0
subsnotifpro-go/internal/pkg/messaging/factory.go:256.70,260.2 1 0
subsnotifpro-go/internal/pkg/messaging/factory.go:269.108,271.2 1 0
subsnotifpro-go/internal/pkg/messaging/factory.go:273.122,275.2 1 0
subsnotifpro-go/internal/pkg/messaging/factory.go:277.142,279.2 1 0
subsnotifpro-go/internal/pkg/messaging/factory.go:281.43,283.23 2 0
subsnotifpro-go/internal/pkg/messaging/factory.go:283.23,284.48 1 0
subsnotifpro-go/internal/pkg/messaging/factory.go:284.48,286.4 1 0
subsnotifpro-go/internal/pkg/messaging/factory.go:288.2,288.26 1 0
subsnotifpro-go/internal/pkg/messaging/factory.go:288.26,289.55 1 0
subsnotifpro-go/internal/pkg/messaging/factory.go:289.55,290.18 1 0
subsnotifpro-go/internal/pkg/messaging/factory.go:290.18,292.5 1 0
subsnotifpro-go/internal/pkg/messaging/factory.go:295.2,295.12 1 0
subsnotifpro-go/internal/pkg/messaging/publisher.go:51.69,56.2 1 0
subsnotifpro-go/internal/pkg/messaging/publisher.go:59.108,61.2 1 0
subsnotifpro-go/internal/pkg/messaging/publisher.go:69.9,71.2 1 0
subsnotifpro-go/internal/pkg/messaging/publisher.go:80.9,82.2 1 0
subsnotifpro-go/internal/pkg/messaging/publisher.go:91.9,92.17 1 0
subsnotifpro-go/internal/pkg/messaging/publisher.go:92.17,94.3 1 0
subsnotifpro-go/internal/pkg/messaging/publisher.go:97.2,101.27 3 0
subsnotifpro-go/internal/pkg/messaging/publisher.go:102.23,104.22 2 0
subsnotifpro-go/internal/pkg/messaging/publisher.go:105.21,107.22 2 0
subsnotifpro-go/internal/pkg/messaging/publisher.go:108.10,111.17 3 0
subsnotifpro-go/internal/pkg/messaging/publisher.go:111.17,113.4 1 0
subsnotifpro-go/internal/pkg/messaging/publisher.go:116.2,116.20 1 0
subsnotifpro-go/internal/pkg/messaging/publisher.go:116.20,118.3 1 0
subsnotifpro-go/internal/pkg/messaging/publisher.go:121.2,130.15 2 0
subsnotifpro-go/internal/pkg/messaging/publisher.go:130.15,132.3 1 0
subsnotifpro-go/internal/pkg/messaging/publisher.go:135.2,140.12 4 0
subsnotifpro-go/internal/pkg/messaging/publisher.go:140.12,148.10 2 0
subsnotifpro-go/internal/pkg/messaging/publisher.go:149.20,149.20 0 0
subsnotifpro-go/internal/pkg/messaging/publisher.go:150.28,151.10 1 0
subsnotifpro-go/internal/pkg/messaging/publisher.go:156.2,157.9 2 0
subsnotifpro-go/internal/pkg/messaging/publisher.go:158.20,158.20 0 0
subsnotifpro-go/internal/pkg/messaging/publisher.go:159.27,160.26 1 0
subsnotifpro-go/internal/pkg/messaging/publisher.go:173.2,173.16 1 0
subsnotifpro-go/internal/pkg/messaging/publisher.go:173.16,175.3 1 0
subsnotifpro-go/internal/pkg/messaging/publisher.go:177.2,178.12 2 0
subsnotifpro-go/internal/pkg/messaging/publisher.go:182.43,186.2 1 0
subsnotifpro-go/internal/pkg/messaging/servicebus_consumer.go:39.89,43.29 3 0
subsnotifpro-go/internal/pkg/messaging/servicebus_consumer.go:43.29,46.17 2 0
subsnotifpro-go/internal/pkg/messaging/servicebus_consumer.go:46.17,48.4 1 0
subsnotifpro-go/internal/pkg/messaging/servicebus_consumer.go:50.3,52.17 3 0
subsnotifpro-go/internal/pkg/messaging/servicebus_consumer.go:52.17,54.4 1 0
subsnotifpro-go/internal/pkg/messaging/servicebus_consumer.go:55.8,58.17 2 0
subsnotifpro-go/internal/pkg/messaging/servicebus_consumer.go:58.17,60.4 1 0
subsnotifpro-go/internal/pkg/messaging/servicebus_consumer.go:64.2,65.16 2 0
subsnotifpro-go/internal/pkg/messaging/servicebus_consumer.go:65.16,67.3 1 0
subsnotifpro-go/internal/pkg/messaging/servicebus_consumer.go:69.2,78.8 1 0
subsnotifpro-go/internal/pkg/messaging/servicebus_consumer.go:82.57,86.37 2 0
subsnotifpro-go/internal/pkg/messaging/servicebus_consumer.go:86.37,88.3 1 0
subsnotifpro-go/internal/pkg/messaging/servicebus_consumer.go:90.2,91.67 2 0
subsnotifpro-go/internal/pkg/messaging/servicebus_consumer.go:95.58,96.6 1 0
subsnotifpro-go/internal/pkg/messaging/servicebus_consumer.go:96.6,97.10 1 0
subsnotifpro-go/internal/pkg/messaging/servicebus_consumer.go:98.21,100.10 2 0
subsnotifpro-go/internal/pkg/messaging/servicebus_consumer.go:101.11,105.18 2 0
subsnotifpro-go/internal/pkg/messaging/servicebus_consumer.go:105.18,107.13 2 0
subsnotifpro-go/internal/pkg/messaging/servicebus_consumer.go:111.4,111.37 1 0
subsnotifpro-go/internal/pkg/messaging/servicebus_consumer.go:111.37,113.5 1 0
subsnotifpro-go/internal/pkg/messaging/servicebus_consumer.go:119.105,120.15 1 0
subsnotifpro-go/internal/pkg/messaging/servicebus_consumer.go:120.15,121.31 1 0
subsnotifpro-go/internal/pkg/messaging/servicebus_consumer.go:121.31,124.71 2 0
subsnotifpro-go/internal/pkg/messaging/servicebus_consumer.go:124.71,126.5 1 0
subsnotifpro-go/internal/pkg/messaging/servicebus_consumer.go:131.2,133.32 2 0
subsnotifpro-go/internal/pkg/messaging/servicebus_consumer.go:133.32,141.18 4 0
subsnotifpro-go/internal/pkg/messaging/servicebus_consumer.go:141.18,143.4 1 0
subsnotifpro-go/internal/pkg/messaging/servicebus_consumer.go:144.3,144.9 1 0
subsnotifpro-go/internal/pkg/messaging/servicebus_consumer.go:148.2,148.53 1 0
subsnotifpro-go/internal/pkg/messaging/servicebus_consumer.go:148.53,153.3 4 0
subsnotifpro-go/internal/pkg/messaging/servicebus_consumer.go:156.2,156.70 1 0
subsnotifpro-go/internal/pkg/messaging/servicebus_consumer.go:156.70,158.3 1 0
subsnotifpro-go/internal/pkg/messaging/servicebus_consumer.go:162.123,174.50 4 0
subsnotifpro-go/internal/pkg/messaging/servicebus_consumer.go:174.50,176.3 1 0
subsnotifpro-go/internal/pkg/messaging/servicebus_consumer.go:179.2,186.94 4 0
subsnotifpro-go/internal/pkg/messaging/servicebus_consumer.go:186.94,189.84 2 0
subsnotifpro-go/internal/pkg/messaging/servicebus_consumer.go:189.84,191.4 1 0
subsnotifpro-go/internal/pkg/messaging/servicebus_consumer.go:192.3,192.9 1 0
subsnotifpro-go/internal/pkg/messaging/servicebus_consumer.go:196.2,196.70 1 0
subsnotifpro-go/internal/pkg/messaging/servicebus_consumer.go:196.70,199.3 2 0
subsnotifpro-go/internal/pkg/messaging/servicebus_consumer.go:201.2,201.92 1 0
subsnotifpro-go/internal/pkg/messaging/servicebus_consumer.go:205.87,206.85 1 0
subsnotifpro-go/internal/pkg/messaging/servicebus_consumer.go:206.85,207.36 1 0
subsnotifpro-go/internal/pkg/messaging/servicebus_consumer.go:208.12,209.12 1 0
subsnotifpro-go/internal/pkg/messaging/servicebus_consumer.go:210.14,211.17 1 0
subsnotifpro-go/internal/pkg/messaging/servicebus_consumer.go:212.14,213.17 1 0
subsnotifpro-go/internal/pkg/messaging/servicebus_consumer.go:214.16,215.17 1 0
subsnotifpro-go/internal/pkg/messaging/servicebus_consumer.go:216.11,217.12 1 0
subsnotifpro-go/internal/pkg/messaging/servicebus_consumer.go:220.2,220.10 1 0
subsnotifpro-go/internal/pkg/messaging/servicebus_consumer.go:224.44,225.23 1 0
subsnotifpro-go/internal/pkg/messaging/servicebus_consumer.go:225.23,226.64 1 0
subsnotifpro-go/internal/pkg/messaging/servicebus_consumer.go:226.64,228.4 1 0
subsnotifpro-go/internal/pkg/messaging/servicebus_consumer.go:230.2,230.21 1 0
subsnotifpro-go/internal/pkg/messaging/servicebus_consumer.go:230.21,231.62 1 0
subsnotifpro-go/internal/pkg/messaging/servicebus_consumer.go:231.62,233.4 1 0
subsnotifpro-go/internal/pkg/messaging/servicebus_consumer.go:235.2,235.12 1 0
subsnotifpro-go/internal/pkg/messaging/servicebus_publisher.go:30.92,34.29 3 0
subsnotifpro-go/internal/pkg/messaging/servicebus_publisher.go:34.29,37.17 2 0
subsnotifpro-go/internal/pkg/messaging/servicebus_publisher.go:37.17,39.4 1 0
subsnotifpro-go/internal/pkg/messaging/servicebus_publisher.go:41.3,43.17 3 0
subsnotifpro-go/internal/pkg/messaging/servicebus_publisher.go:43.17,45.4 1 0
subsnotifpro-go/internal/pkg/messaging/servicebus_publisher.go:46.8,49.17 2 0
subsnotifpro-go/internal/pkg/messaging/servicebus_publisher.go:49.17,51.4 1 0
subsnotifpro-go/internal/pkg/messaging/servicebus_publisher.go:55.2,56.16 2 0
subsnotifpro-go/internal/pkg/messaging/servicebus_publisher.go:56.16,58.3 1 0
subsnotifpro-go/internal/pkg/messaging/servicebus_publisher.go:60.2,64.8 1 0
subsnotifpro-go/internal/pkg/messaging/servicebus_publisher.go:68.110,70.2 1 0
subsnotifpro-go/internal/pkg/messaging/servicebus_publisher.go:73.125,76.16 2 0
subsnotifpro-go/internal/pkg/messaging/servicebus_publisher.go:76.16,78.3 1 0
subsnotifpro-go/internal/pkg/messaging/servicebus_publisher.go:81.2,90.22 2 0
subsnotifpro-go/internal/pkg/messaging/servicebus_publisher.go:90.22,92.3 1 0
subsnotifpro-go/internal/pkg/messaging/servicebus_publisher.go:95.2,95.64 1 0
subsnotifpro-go/internal/pkg/messaging/servicebus_publisher.go:95.64,97.3 1 0
subsnotifpro-go/internal/pkg/messaging/servicebus_publisher.go:99.2,100.12 2 0
subsnotifpro-go/internal/pkg/messaging/servicebus_publisher.go:104.145,107.16 2 0
subsnotifpro-go/internal/pkg/messaging/servicebus_publisher.go:107.16,109.3 1 0
subsnotifpro-go/internal/pkg/messaging/servicebus_publisher.go:112.2,123.22 3 0
subsnotifpro-go/internal/pkg/messaging/servicebus_publisher.go:123.22,125.3 1 0
subsnotifpro-go/internal/pkg/messaging/servicebus_publisher.go:128.2,128.64 1 0
subsnotifpro-go/internal/pkg/messaging/servicebus_publisher.go:128.64,130.3 1 0
subsnotifpro-go/internal/pkg/messaging/servicebus_publisher.go:132.2,133.12 2 0
subsnotifpro-go/internal/pkg/messaging/servicebus_publisher.go:137.45,138.21 1 0
subsnotifpro-go/internal/pkg/messaging/servicebus_publisher.go:138.21,139.62 1 0
subsnotifpro-go/internal/pkg/messaging/servicebus_publisher.go:139.62,141.4 1 0
subsnotifpro-go/internal/pkg/messaging/servicebus_publisher.go:143.2,143.21 1 0
subsnotifpro-go/internal/pkg/messaging/servicebus_publisher.go:143.21,144.62 1 0
subsnotifpro-go/internal/pkg/messaging/servicebus_publisher.go:144.62,146.4 1 0
subsnotifpro-go/internal/pkg/messaging/servicebus_publisher.go:148.2,148.12 1 0
subsnotifpro-go/internal/organization/service/service.go:21.53,23.2 1 0
subsnotifpro-go/internal/organization/service/service.go:25.122,34.2 3 0
subsnotifpro-go/internal/organization/service/service.go:36.113,38.2 1 0
subsnotifpro-go/internal/pkg/apperrors/errors.go:19.35,20.23 1 0
subsnotifpro-go/internal/pkg/apperrors/errors.go:20.23,22.3 1 0
subsnotifpro-go/internal/pkg/apperrors/errors.go:23.2,23.18 1 0
subsnotifpro-go/internal/pkg/apperrors/errors.go:26.35,28.2 1 0
subsnotifpro-go/internal/pkg/apperrors/errors.go:45.67,51.22 2 0
subsnotifpro-go/internal/pkg/apperrors/errors.go:51.22,53.3 1 0
subsnotifpro-go/internal/pkg/apperrors/errors.go:54.2,54.12 1 0
subsnotifpro-go/internal/pkg/apperrors/errors.go:57.62,64.2 1 0
subsnotifpro-go/internal/pkg/apperrors/errors.go:66.65,73.2 1 0
subsnotifpro-go/internal/pkg/apperrors/errors.go:75.62,82.2 1 0
subsnotifpro-go/internal/pkg/apperrors/errors.go:84.61,91.2 1 0
subsnotifpro-go/internal/pkg/apperrors/errors.go:93.47,99.2 1 0
subsnotifpro-go/internal/pkg/apperrors/errors.go:101.62,108.2 1 0
subsnotifpro-go/internal/pkg/apperrors/errors.go:125.83,131.22 2 0
subsnotifpro-go/internal/pkg/apperrors/errors.go:131.22,133.3 1 0
subsnotifpro-go/internal/pkg/apperrors/errors.go:134.2,134.17 1 0
subsnotifpro-go/internal/pkg/apperrors/errors.go:137.83,142.22 2 0
subsnotifpro-go/internal/pkg/apperrors/errors.go:142.22,144.3 1 0
subsnotifpro-go/internal/pkg/apperrors/errors.go:145.2,145.17 1 0
subsnotifpro-go/internal/pkg/apperrors/errors.go:149.48,150.39 1 0
subsnotifpro-go/internal/pkg/apperrors/errors.go:150.39,153.3 2 0
subsnotifpro-go/internal/pkg/apperrors/errors.go:156.2,160.4 1 0
subsnotifpro-go/internal/pkg/apperrors/errors.go:164.53,169.2 1 0
subsnotifpro-go/internal/pkg/apperrors/errors.go:171.60,176.2 1 0
subsnotifpro-go/internal/pkg/apperrors/errors.go:178.53,179.22 1 0
subsnotifpro-go/internal/pkg/apperrors/errors.go:179.22,181.3 1 0
subsnotifpro-go/internal/pkg/apperrors/errors.go:182.2,185.3 1 0
subsnotifpro-go/internal/pkg/logger/context.go:20.61,21.33 1 0
subsnotifpro-go/internal/pkg/logger/context.go:21.33,23.3 1 0
subsnotifpro-go/internal/pkg/logger/context.go:24.2,24.70 1 0
subsnotifpro-go/internal/pkg/logger/context.go:27.88,29.2 1 0
subsnotifpro-go/internal/pkg/logger/context.go:31.51,32.56 1 0
subsnotifpro-go/internal/pkg/logger/context.go:32.56,34.3 1 0
subsnotifpro-go/internal/pkg/logger/context.go:35.2,35.11 1 0
subsnotifpro-go/internal/pkg/logger/context.go:39.69,41.2 1 0
subsnotifpro-go/internal/pkg/logger/context.go:43.44,44.49 1 0
subsnotifpro-go/internal/pkg/logger/context.go:44.49,46.3 1 0
subsnotifpro-go/internal/pkg/logger/context.go:47.2,47.11 1 0
subsnotifpro-go/internal/pkg/logger/context.go:51.54,53.2 1 0
subsnotifpro-go/internal/pkg/logger/context.go:55.78,57.2 1 0
subsnotifpro-go/internal/pkg/logger/context.go:60.53,63.65 2 0
subsnotifpro-go/internal/pkg/logger/context.go:63.65,65.3 1 0
subsnotifpro-go/internal/pkg/logger/context.go:67.2,67.44 1 0
subsnotifpro-go/internal/pkg/logger/context.go:67.44,69.3 1 0
subsnotifpro-go/internal/pkg/logger/context.go:71.2,71.64 1 0
subsnotifpro-go/internal/pkg/logger/context.go:71.64,73.3 1 0
subsnotifpro-go/internal/pkg/logger/context.go:75.2,75.31 1 0
subsnotifpro-go/internal/pkg/logger/context.go:79.48,80.30 1 0
subsnotifpro-go/internal/pkg/logger/context.go:80.30,82.26 2 0
subsnotifpro-go/internal/pkg/logger/context.go:82.26,84.4 1 0
subsnotifpro-go/internal/pkg/logger/context.go:87.3,93.11 4 0
subsnotifpro-go/internal/pkg/logger/context.go:98.49,99.30 1 0
subsnotifpro-go/internal/pkg/logger/context.go:99.30,120.3 4 0
subsnotifpro-go/internal/pkg/logger/context.go:124.79,126.2 1 0
subsnotifpro-go/internal/pkg/logger/context.go:128.75,130.2 1 0
subsnotifpro-go/internal/pkg/logger/context.go:132.83,134.2 1 0
subsnotifpro-go/internal/pkg/logger/context.go:136.61,139.84 2 0
subsnotifpro-go/internal/pkg/logger/context.go:139.84,141.3 1 0
subsnotifpro-go/internal/pkg/logger/context.go:143.2,143.78 1 0
subsnotifpro-go/internal/pkg/logger/context.go:143.78,145.3 1 0
subsnotifpro-go/internal/pkg/logger/context.go:147.2,147.90 1 0
subsnotifpro-go/internal/pkg/logger/context.go:147.90,149.3 1 0
subsnotifpro-go/internal/pkg/logger/context.go:151.2,151.14 1 0
subsnotifpro-go/internal/pkg/logger/context.go:155.88,158.21 2 0
subsnotifpro-go/internal/pkg/logger/context.go:158.21,160.3 1 0
subsnotifpro-go/internal/pkg/logger/context.go:162.2,162.22 1 0
subsnotifpro-go/internal/pkg/logger/context.go:165.79,168.21 2 0
subsnotifpro-go/internal/pkg/logger/context.go:168.21,170.3 1 0
subsnotifpro-go/internal/pkg/logger/context.go:172.2,172.21 1 0
subsnotifpro-go/internal/pkg/logger/context.go:175.76,178.21 2 0
subsnotifpro-go/internal/pkg/logger/context.go:178.21,180.3 1 0
subsnotifpro-go/internal/pkg/logger/context.go:182.2,182.21 1 0
subsnotifpro-go/internal/pkg/logger/context.go:185.77,188.21 2 0
subsnotifpro-go/internal/pkg/logger/context.go:188.21,190.3 1 0
subsnotifpro-go/internal/pkg/logger/context.go:192.2,192.22 1 0
subsnotifpro-go/internal/pkg/logger/context.go:196.62,197.31 1 0
subsnotifpro-go/internal/pkg/logger/context.go:197.31,199.3 1 0
subsnotifpro-go/internal/pkg/logger/context.go:200.2,200.36 1 0
subsnotifpro-go/internal/pkg/logger/logger.go:14.13,18.2 3 0
subsnotifpro-go/internal/pkg/logger/logger.go:38.45,40.2 1 0
subsnotifpro-go/internal/pkg/logger/logger.go:49.33,64.2 6 0
subsnotifpro-go/internal/pkg/logger/logger.go:67.61,69.2 1 0
subsnotifpro-go/internal/pkg/logger/logger.go:72.60,74.2 1 0
subsnotifpro-go/internal/pkg/logger/logger.go:77.60,79.2 1 0
subsnotifpro-go/internal/pkg/logger/logger.go:82.61,84.2 1 0
subsnotifpro-go/internal/pkg/logger/logger.go:87.61,89.2 1 0
subsnotifpro-go/internal/pkg/logger/logger.go:92.61,97.2 1 0
subsnotifpro-go/internal/pkg/logger/logger.go:100.66,104.64 2 0
subsnotifpro-go/internal/pkg/logger/logger.go:104.64,106.3 1 0
subsnotifpro-go/internal/pkg/logger/logger.go:108.2,111.3 1 0
subsnotifpro-go/internal/pkg/logger/logger.go:115.70,117.31 2 0
subsnotifpro-go/internal/pkg/logger/logger.go:117.31,119.3 1 0
subsnotifpro-go/internal/pkg/logger/logger.go:120.2,120.21 1 0
subsnotifpro-go/internal/pkg/logger/logger.go:129.58,130.52 1 0
subsnotifpro-go/internal/pkg/logger/logger.go:130.52,132.3 1 0
subsnotifpro-go/internal/pkg/logger/logger.go:133.2,133.11 1 0
subsnotifpro-go/internal/pkg/logger/logger.go:137.75,139.2 1 0
subsnotifpro-go/internal/pkg/contextutil/contextutil.go:21.83,23.2 1 0
subsnotifpro-go/internal/pkg/contextutil/contextutil.go:25.70,28.2 2 0
subsnotifpro-go/internal/pkg/contextutil/contextutil.go:31.63,33.2 1 0
subsnotifpro-go/internal/pkg/contextutil/contextutil.go:36.58,39.2 2 0
subsnotifpro-go/internal/pkg/contextutil/contextutil.go:42.43,44.9 2 0
subsnotifpro-go/internal/pkg/contextutil/contextutil.go:44.9,45.43 1 0
subsnotifpro-go/internal/pkg/contextutil/contextutil.go:47.2,47.11 1 0
subsnotifpro-go/internal/pkg/ratelimit/ratelimit.go:19.85,24.2 1 0
subsnotifpro-go/internal/pkg/ratelimit/ratelimit.go:27.56,29.2 1 0
subsnotifpro-go/internal/pkg/ratelimit/ratelimit.go:32.37,34.2 1 0
subsnotifpro-go/internal/pkg/ratelimit/ratelimit.go:38.52,40.2 1 0
subsnotifpro-go/internal/pkg/ratelimit/ratelimit.go:43.68,46.2 2 0
subsnotifpro-go/internal/pkg/ratelimit/ratelimit.go:49.38,51.2 1 0
subsnotifpro-go/internal/pkg/ratelimit/ratelimit.go:60.38,64.2 1 0
subsnotifpro-go/internal/pkg/ratelimit/ratelimit.go:67.94,72.2 3 0
subsnotifpro-go/internal/pkg/ratelimit/ratelimit.go:75.77,80.13 4 0
subsnotifpro-go/internal/pkg/ratelimit/ratelimit.go:80.13,82.3 1 0
subsnotifpro-go/internal/pkg/ratelimit/ratelimit.go:84.2,84.26 1 0
subsnotifpro-go/internal/pkg/ratelimit/ratelimit.go:88.56,93.13 4 0
subsnotifpro-go/internal/pkg/ratelimit/ratelimit.go:93.13,95.3 1 0
subsnotifpro-go/internal/pkg/ratelimit/ratelimit.go:97.2,97.24 1 0
subsnotifpro-go/internal/pkg/ratelimit/ratelimit.go:101.69,106.2 3 0
subsnotifpro-go/internal/pkg/ratelimit/ratelimit.go:109.59,114.2 3 0
subsnotifpro-go/internal/pkg/ratelimit/ratelimit.go:117.49,122.35 4 0
subsnotifpro-go/internal/pkg/ratelimit/ratelimit.go:122.35,124.3 1 0
subsnotifpro-go/internal/pkg/ratelimit/ratelimit.go:126.2,126.17 1 0
subsnotifpro-go/internal/pkg/ratelimit/ratelimit.go:146.47,162.2 8 0
subsnotifpro-go/internal/pkg/ratelimit/ratelimit.go:165.68,174.2 5 0
subsnotifpro-go/internal/pkg/ratelimit/ratelimit.go:190.105,199.2 2 0
subsnotifpro-go/internal/pkg/ratelimit/ratelimit.go:202.65,204.2 1 0
subsnotifpro-go/internal/pkg/ratelimit/ratelimit.go:207.46,209.2 1 0
subsnotifpro-go/internal/pkg/ratelimit/ratelimit.go:212.49,218.2 4 0
subsnotifpro-go/internal/pkg/ratelimit/ratelimit.go:221.47,227.2 4 0
subsnotifpro-go/internal/pkg/ratelimit/ratelimit.go:230.50,232.56 2 0
subsnotifpro-go/internal/pkg/ratelimit/ratelimit.go:232.56,234.3 1 0
subsnotifpro-go/internal/pkg/ratelimit/ratelimit.go:236.2,237.24 2 0
subsnotifpro-go/internal/pkg/ratelimit/ratelimit.go:237.24,239.3 1 0
subsnotifpro-go/internal/pkg/ratelimit/ratelimit.go:241.2,245.25 3 0
subsnotifpro-go/internal/pkg/ratelimit/ratelimit.go:245.25,247.3 1 0
subsnotifpro-go/internal/pkg/ratelimit/ratelimit.go:247.8,247.33 1 0
subsnotifpro-go/internal/pkg/ratelimit/ratelimit.go:247.33,249.3 1 0
subsnotifpro-go/internal/pkg/ratelimit/ratelimit.go:249.8,251.3 1 0
subsnotifpro-go/internal/pkg/ratelimit/ratelimit.go:253.2,259.20 5 0
subsnotifpro-go/internal/pkg/ratelimit/ratelimit.go:263.62,267.2 3 0
subsnotifpro-go/internal/pkg/ratelimit/ratelimit.go:270.56,274.2 3 0
subsnotifpro-go/internal/pkg/cache/cache.go:21.38,23.2 1 0
subsnotifpro-go/internal/pkg/cache/cache.go:37.95,49.2 4 0
subsnotifpro-go/internal/pkg/cache/cache.go:52.61,57.13 4 0
subsnotifpro-go/internal/pkg/cache/cache.go:57.13,59.3 1 0
subsnotifpro-go/internal/pkg/cache/cache.go:61.2,61.22 1 0
subsnotifpro-go/internal/pkg/cache/cache.go:61.22,65.3 2 0
subsnotifpro-go/internal/pkg/cache/cache.go:67.2,67.24 1 0
subsnotifpro-go/internal/pkg/cache/cache.go:71.60,73.2 1 0
subsnotifpro-go/internal/pkg/cache/cache.go:76.86,85.2 3 0
subsnotifpro-go/internal/pkg/cache/cache.go:88.44,93.2 3 0
subsnotifpro-go/internal/pkg/cache/cache.go:96.33,101.2 3 0
subsnotifpro-go/internal/pkg/cache/cache.go:104.36,109.2 3 0
subsnotifpro-go/internal/pkg/cache/cache.go:112.33,113.28 1 0
subsnotifpro-go/internal/pkg/cache/cache.go:113.28,115.3 1 0
subsnotifpro-go/internal/pkg/cache/cache.go:116.2,116.15 1 0
subsnotifpro-go/internal/pkg/cache/cache.go:120.40,121.6 1 0
subsnotifpro-go/internal/pkg/cache/cache.go:121.6,122.10 1 0
subsnotifpro-go/internal/pkg/cache/cache.go:123.28,124.15 1 0
subsnotifpro-go/internal/pkg/cache/cache.go:125.17,126.10 1 0
subsnotifpro-go/internal/pkg/cache/cache.go:132.35,139.33 5 0
subsnotifpro-go/internal/pkg/cache/cache.go:139.33,140.32 1 0
subsnotifpro-go/internal/pkg/cache/cache.go:140.32,142.4 1 0
subsnotifpro-go/internal/pkg/cache/cache.go:145.2,145.34 1 0
subsnotifpro-go/internal/pkg/cache/cache.go:145.34,147.3 1 0
subsnotifpro-go/internal/pkg/cache/cache.go:149.2,149.26 1 0
subsnotifpro-go/internal/pkg/cache/cache.go:149.26,151.3 1 0
subsnotifpro-go/internal/pkg/cache/cache.go:160.79,164.2 1 0
subsnotifpro-go/internal/pkg/cache/cache.go:167.120,169.46 1 0
subsnotifpro-go/internal/pkg/cache/cache.go:169.46,172.3 2 0
subsnotifpro-go/internal/pkg/cache/cache.go:175.2,177.16 3 0
subsnotifpro-go/internal/pkg/cache/cache.go:177.16,179.3 1 0
subsnotifpro-go/internal/pkg/cache/cache.go:182.2,185.19 3 0
subsnotifpro-go/internal/pkg/cache/cache.go:189.146,191.46 1 0
subsnotifpro-go/internal/pkg/cache/cache.go:191.46,194.3 2 0
subsnotifpro-go/internal/pkg/cache/cache.go:197.2,199.16 3 0
subsnotifpro-go/internal/pkg/cache/cache.go:199.16,201.3 1 0
subsnotifpro-go/internal/pkg/cache/cache.go:204.2,207.19 3 0
subsnotifpro-go/internal/pkg/cache/cache.go:211.48,214.2 2 0
subsnotifpro-go/internal/pkg/cache/cache.go:217.59,222.34 4 0
subsnotifpro-go/internal/pkg/cache/cache.go:222.34,223.35 1 0
subsnotifpro-go/internal/pkg/cache/cache.go:223.35,225.4 1 0
subsnotifpro-go/internal/pkg/cache/cache.go:228.2,228.35 1 0
subsnotifpro-go/internal/pkg/cache/cache.go:228.35,230.3 1 0
subsnotifpro-go/internal/pkg/cache/cache.go:232.2,235.39 1 0
subsnotifpro-go/internal/pkg/cache/cache.go:239.59,247.38 6 0
subsnotifpro-go/internal/pkg/cache/cache.go:247.38,248.32 1 0
subsnotifpro-go/internal/pkg/cache/cache.go:248.32,250.4 1 0
subsnotifpro-go/internal/pkg/cache/cache.go:253.2,258.3 1 0
subsnotifpro-go/internal/pkg/cache/cache.go:262.33,264.2 1 0
subsnotifpro-go/internal/pkg/cache/cache.go:267.61,269.2 1 0
subsnotifpro-go/internal/pkg/cache/cache.go:272.86,274.2 1 0
subsnotifpro-go/internal/pkg/cache/cache.go:277.60,279.2 1 0
subsnotifpro-go/internal/pkg/cache/cache.go:282.47,283.20 1 0
subsnotifpro-go/internal/pkg/cache/cache.go:283.20,285.3 1 0
subsnotifpro-go/internal/pkg/cache/cache.go:289.2,289.66 1 0
subsnotifpro-go/internal/pkg/cache/cache.go:293.68,295.31 2 0
subsnotifpro-go/internal/pkg/cache/cache.go:295.31,297.3 1 0
subsnotifpro-go/internal/pkg/cache/cache.go:298.2,298.12 1 0
subsnotifpro-go/internal/pkg/cache/cache.go:302.78,304.16 2 0
subsnotifpro-go/internal/pkg/cache/cache.go:304.16,306.3 1 0
subsnotifpro-go/internal/pkg/cache/cache.go:307.2,307.61 1 0
subsnotifpro-go/internal/pkg/resilience/circuit_breaker.go:28.68,36.2 1 0
subsnotifpro-go/internal/pkg/resilience/circuit_breaker.go:39.69,45.51 1 0
subsnotifpro-go/internal/pkg/resilience/circuit_breaker.go:45.51,47.4 1 0
subsnotifpro-go/internal/pkg/resilience/circuit_breaker.go:48.78,51.4 1 0
subsnotifpro-go/internal/pkg/resilience/circuit_breaker.go:54.2,57.3 1 0
subsnotifpro-go/internal/pkg/resilience/circuit_breaker.go:61.110,63.2 1 0
subsnotifpro-go/internal/pkg/resilience/circuit_breaker.go:66.51,68.2 1 0
subsnotifpro-go/internal/pkg/resilience/circuit_breaker.go:71.41,73.2 1 0
subsnotifpro-go/internal/pkg/resilience/circuit_breaker.go:84.39,91.2 1 0
subsnotifpro-go/internal/pkg/resilience/circuit_breaker.go:94.80,97.60 2 0
subsnotifpro-go/internal/pkg/resilience/circuit_breaker.go:97.60,98.10 1 0
subsnotifpro-go/internal/pkg/resilience/circuit_breaker.go:99.21,100.20 1 0
subsnotifpro-go/internal/pkg/resilience/circuit_breaker.go:101.11,101.11 0 0
subsnotifpro-go/internal/pkg/resilience/circuit_breaker.go:104.3,104.30 1 0
subsnotifpro-go/internal/pkg/resilience/circuit_breaker.go:104.30,106.4 1 0
subsnotifpro-go/internal/pkg/resilience/circuit_breaker.go:106.9,108.4 1 0
subsnotifpro-go/internal/pkg/resilience/circuit_breaker.go:111.3,111.37 1 0
subsnotifpro-go/internal/pkg/resilience/circuit_breaker.go:111.37,113.31 2 0
subsnotifpro-go/internal/pkg/resilience/circuit_breaker.go:113.31,115.5 1 0
subsnotifpro-go/internal/pkg/resilience/circuit_breaker.go:117.4,117.11 1 0
subsnotifpro-go/internal/pkg/resilience/circuit_breaker.go:118.29,118.29 0 0
subsnotifpro-go/internal/pkg/resilience/circuit_breaker.go:119.22,120.21 1 0
subsnotifpro-go/internal/pkg/resilience/circuit_breaker.go:125.2,125.88 1 0
subsnotifpro-go/internal/pkg/resilience/circuit_breaker.go:129.119,132.60 2 0
subsnotifpro-go/internal/pkg/resilience/circuit_breaker.go:132.60,133.10 1 0
subsnotifpro-go/internal/pkg/resilience/circuit_breaker.go:134.21,135.25 1 0
subsnotifpro-go/internal/pkg/resilience/circuit_breaker.go:136.11,136.11 0 0
subsnotifpro-go/internal/pkg/resilience/circuit_breaker.go:139.3,139.38 1 0
subsnotifpro-go/internal/pkg/resilience/circuit_breaker.go:139.38,141.4 1 0
subsnotifpro-go/internal/pkg/resilience/circuit_breaker.go:141.9,143.4 1 0
subsnotifpro-go/internal/pkg/resilience/circuit_breaker.go:146.3,146.37 1 0
subsnotifpro-go/internal/pkg/resilience/circuit_breaker.go:146.37,148.31 2 0
subsnotifpro-go/internal/pkg/resilience/circuit_breaker.go:148.31,150.5 1 0
subsnotifpro-go/internal/pkg/resilience/circuit_breaker.go:152.4,152.11 1 0
subsnotifpro-go/internal/pkg/resilience/circuit_breaker.go:153.29,153.29 0 0
subsnotifpro-go/internal/pkg/resilience/circuit_breaker.go:154.22,155.26 1 0
subsnotifpro-go/internal/pkg/resilience/circuit_breaker.go:160.2,160.93 1 0
subsnotifpro-go/internal/pkg/resilience/circuit_breaker.go:170.102,175.2 1 0
subsnotifpro-go/internal/pkg/resilience/circuit_breaker.go:178.82,179.53 1 0
subsnotifpro-go/internal/pkg/resilience/circuit_breaker.go:179.53,180.72 1 0
subsnotifpro-go/internal/pkg/resilience/circuit_breaker.go:180.72,182.4 1 0
subsnotifpro-go/internal/pkg/resilience/circuit_breaker.go:183.3,183.13 1 0
subsnotifpro-go/internal/pkg/resilience/circuit_breaker.go:188.122,189.77 1 0
subsnotifpro-go/internal/pkg/resilience/circuit_breaker.go:189.77,190.77 1 0
subsnotifpro-go/internal/pkg/resilience/circuit_breaker.go:190.77,192.4 1 0
subsnotifpro-go/internal/pkg/resilience/circuit_breaker.go:193.3,193.17 1 0
subsnotifpro-go/internal/pkg/resilience/circuit_breaker.go:193.17,195.4 1 0
subsnotifpro-go/internal/pkg/resilience/circuit_breaker.go:196.3,196.21 1 0
subsnotifpro-go/internal/pkg/resilience/circuit_breaker.go:201.71,203.2 1 0
subsnotifpro-go/internal/pkg/resilience/circuit_breaker.go:206.39,207.16 1 0
subsnotifpro-go/internal/pkg/resilience/circuit_breaker.go:207.16,209.3 1 0
subsnotifpro-go/internal/pkg/resilience/circuit_breaker.go:213.2,213.13 1 0
subsnotifpro-go/internal/pkg/resilience/circuit_breaker.go:214.50,215.15 1 0
subsnotifpro-go/internal/pkg/resilience/circuit_breaker.go:216.10,217.14 1 0
subsnotifpro-go/internal/pkg/resilience/circuit_breaker.go:222.117,225.60 2 0
subsnotifpro-go/internal/pkg/resilience/circuit_breaker.go:225.60,226.10 1 0
subsnotifpro-go/internal/pkg/resilience/circuit_breaker.go:227.21,228.20 1 0
subsnotifpro-go/internal/pkg/resilience/circuit_breaker.go:229.11,229.11 0 0
subsnotifpro-go/internal/pkg/resilience/circuit_breaker.go:232.3,232.30 1 0
subsnotifpro-go/internal/pkg/resilience/circuit_breaker.go:232.30,234.4 1 0
subsnotifpro-go/internal/pkg/resilience/circuit_breaker.go:234.9,236.25 2 0
subsnotifpro-go/internal/pkg/resilience/circuit_breaker.go:236.25,238.5 1 0
subsnotifpro-go/internal/pkg/resilience/circuit_breaker.go:242.3,242.37 1 0
subsnotifpro-go/internal/pkg/resilience/circuit_breaker.go:242.37,244.31 2 0
subsnotifpro-go/internal/pkg/resilience/circuit_breaker.go:244.31,246.5 1 0
subsnotifpro-go/internal/pkg/resilience/circuit_breaker.go:248.4,248.11 1 0
subsnotifpro-go/internal/pkg/resilience/circuit_breaker.go:249.29,249.29 0 0
subsnotifpro-go/internal/pkg/resilience/circuit_breaker.go:250.22,251.21 1 0
subsnotifpro-go/internal/pkg/resilience/circuit_breaker.go:256.2,256.88 1 0
subsnotifpro-go/internal/pkg/validation/validation.go:15.13,22.2 4 0
subsnotifpro-go/internal/pkg/validation/validation.go:45.65,46.30 1 0
subsnotifpro-go/internal/pkg/validation/validation.go:46.30,47.60 1 0
subsnotifpro-go/internal/pkg/validation/validation.go:47.60,51.56 2 0
subsnotifpro-go/internal/pkg/validation/validation.go:51.56,52.28 1 0
subsnotifpro-go/internal/pkg/validation/validation.go:52.28,54.6 1 0
subsnotifpro-go/internal/pkg/validation/validation.go:55.10,57.5 1 0
subsnotifpro-go/internal/pkg/validation/validation.go:59.4,66.10 4 0
subsnotifpro-go/internal/pkg/validation/validation.go:70.3,71.11 2 0
subsnotifpro-go/internal/pkg/validation/validation.go:76.64,77.30 1 0
subsnotifpro-go/internal/pkg/validation/validation.go:77.30,78.59 1 0
subsnotifpro-go/internal/pkg/validation/validation.go:78.59,81.56 2 0
subsnotifpro-go/internal/pkg/validation/validation.go:81.56,82.28 1 0
subsnotifpro-go/internal/pkg/validation/validation.go:82.28,84.6 1 0
subsnotifpro-go/internal/pkg/validation/validation.go:85.10,87.5 1 0
subsnotifpro-go/internal/pkg/validation/validation.go:89.4,96.10 4 0
subsnotifpro-go/internal/pkg/validation/validation.go:100.3,101.11 2 0
subsnotifpro-go/internal/pkg/validation/validation.go:106.53,107.57 1 0
subsnotifpro-go/internal/pkg/validation/validation.go:107.57,109.3 1 0
subsnotifpro-go/internal/pkg/validation/validation.go:110.2,110.12 1 0
subsnotifpro-go/internal/pkg/validation/validation.go:114.51,115.53 1 0
subsnotifpro-go/internal/pkg/validation/validation.go:115.53,117.3 1 0
subsnotifpro-go/internal/pkg/validation/validation.go:118.2,118.12 1 0
subsnotifpro-go/internal/pkg/validation/validation.go:122.56,124.52 2 0
subsnotifpro-go/internal/pkg/validation/validation.go:124.52,126.3 1 0
subsnotifpro-go/internal/pkg/validation/validation.go:129.2,129.43 1 0
subsnotifpro-go/internal/pkg/validation/validation.go:132.54,134.48 2 0
subsnotifpro-go/internal/pkg/validation/validation.go:134.48,136.3 1 0
subsnotifpro-go/internal/pkg/validation/validation.go:139.2,139.13 1 0
subsnotifpro-go/internal/pkg/validation/validation.go:142.58,144.41 2 0
subsnotifpro-go/internal/pkg/validation/validation.go:144.41,146.3 1 0
subsnotifpro-go/internal/pkg/validation/validation.go:149.2,149.29 1 0
subsnotifpro-go/internal/pkg/validation/validation.go:149.29,153.47 1 0
subsnotifpro-go/internal/pkg/validation/validation.go:153.47,155.4 1 0
subsnotifpro-go/internal/pkg/validation/validation.go:158.2,158.13 1 0
subsnotifpro-go/internal/pkg/validation/validation.go:162.61,166.13 3 0
subsnotifpro-go/internal/pkg/validation/validation.go:167.18,168.54 1 0
subsnotifpro-go/internal/pkg/validation/validation.go:169.13,170.86 1 0
subsnotifpro-go/internal/pkg/validation/validation.go:171.13,172.85 1 0
subsnotifpro-go/internal/pkg/validation/validation.go:173.13,174.85 1 0
subsnotifpro-go/internal/pkg/validation/validation.go:175.22,176.95 1 0
subsnotifpro-go/internal/pkg/validation/validation.go:177.20,178.69 1 0
subsnotifpro-go/internal/pkg/validation/validation.go:179.24,180.73 1 0
subsnotifpro-go/internal/pkg/validation/validation.go:181.10,182.75 1 0
subsnotifpro-go/internal/pkg/validation/validation.go:187.47,190.2 1 0
subsnotifpro-go/internal/pkg/validation/validation.go:192.60,198.2 5 0
subsnotifpro-go/internal/pkg/validation/validation.go:200.58,204.2 3 0
subsnotifpro-go/internal/pkg/validation/validation.go:206.66,209.2 2 0
subsnotifpro-go/internal/pkg/validation/validation.go:212.75,215.44 2 0
subsnotifpro-go/internal/pkg/validation/validation.go:215.44,216.42 1 0
subsnotifpro-go/internal/pkg/validation/validation.go:216.42,218.4 1 0
subsnotifpro-go/internal/pkg/validation/validation.go:221.2,221.28 1 0
subsnotifpro-go/internal/pkg/validation/validation.go:221.28,223.3 1 0
subsnotifpro-go/internal/pkg/validation/validation.go:225.2,225.12 1 0
subsnotifpro-go/internal/pkg/validation/validation.go:228.72,229.91 1 0
subsnotifpro-go/internal/pkg/validation/validation.go:229.91,231.3 1 0
subsnotifpro-go/internal/pkg/validation/validation.go:232.2,232.12 1 0
subsnotifpro-go/internal/pkg/validation/validation.go:235.68,236.41 1 0
subsnotifpro-go/internal/pkg/validation/validation.go:236.41,238.3 1 0
subsnotifpro-go/internal/pkg/validation/validation.go:241.2,241.29 1 0
subsnotifpro-go/internal/pkg/validation/validation.go:241.29,245.47 1 0
subsnotifpro-go/internal/pkg/validation/validation.go:245.47,247.4 1 0
subsnotifpro-go/internal/pkg/validation/validation.go:250.2,250.12 1 0
subsnotifpro-go/internal/playstore/api/handler/enhanced_handler.go:24.99,26.2 1 0
subsnotifpro-go/internal/playstore/api/handler/enhanced_handler.go:32.83,44.74 5 0
subsnotifpro-go/internal/playstore/api/handler/enhanced_handler.go:44.74,47.3 2 0
subsnotifpro-go/internal/playstore/api/handler/enhanced_handler.go:50.2,50.74 1 0
subsnotifpro-go/internal/playstore/api/handler/enhanced_handler.go:50.74,53.3 2 0
subsnotifpro-go/internal/playstore/api/handler/enhanced_handler.go:56.2,65.16 4 0
subsnotifpro-go/internal/playstore/api/handler/enhanced_handler.go:65.16,73.47 2 0
subsnotifpro-go/internal/playstore/api/handler/enhanced_handler.go:73.47,76.4 2 0
subsnotifpro-go/internal/playstore/api/handler/enhanced_handler.go:77.3,77.39 1 0
subsnotifpro-go/internal/playstore/api/handler/enhanced_handler.go:77.39,80.4 2 0
subsnotifpro-go/internal/playstore/api/handler/enhanced_handler.go:83.3,84.9 2 0
subsnotifpro-go/internal/playstore/api/handler/enhanced_handler.go:87.2,87.33 1 0
subsnotifpro-go/internal/playstore/api/handler/enhanced_handler.go:87.33,91.3 3 0
subsnotifpro-go/internal/playstore/api/handler/enhanced_handler.go:94.2,100.115 2 0
subsnotifpro-go/internal/playstore/api/handler/enhanced_handler.go:106.80,116.74 4 0
subsnotifpro-go/internal/playstore/api/handler/enhanced_handler.go:116.74,119.3 2 0
subsnotifpro-go/internal/playstore/api/handler/enhanced_handler.go:121.2,121.74 1 0
subsnotifpro-go/internal/playstore/api/handler/enhanced_handler.go:121.74,124.3 2 0
subsnotifpro-go/internal/playstore/api/handler/enhanced_handler.go:127.2,136.16 5 0
subsnotifpro-go/internal/playstore/api/handler/enhanced_handler.go:136.16,141.47 2 0
subsnotifpro-go/internal/playstore/api/handler/enhanced_handler.go:141.47,144.4 2 0
subsnotifpro-go/internal/playstore/api/handler/enhanced_handler.go:145.3,145.39 1 0
subsnotifpro-go/internal/playstore/api/handler/enhanced_handler.go:145.39,148.4 2 0
subsnotifpro-go/internal/playstore/api/handler/enhanced_handler.go:150.3,151.9 2 0
subsnotifpro-go/internal/playstore/api/handler/enhanced_handler.go:155.2,160.104 2 0
subsnotifpro-go/internal/playstore/api/handler/enhanced_handler.go:166.78,173.81 3 0
subsnotifpro-go/internal/playstore/api/handler/enhanced_handler.go:173.81,174.70 1 0
subsnotifpro-go/internal/playstore/api/handler/enhanced_handler.go:174.70,176.4 1 0
subsnotifpro-go/internal/playstore/api/handler/enhanced_handler.go:176.9,184.4 3 0
subsnotifpro-go/internal/playstore/api/handler/enhanced_handler.go:185.8,187.52 1 0
subsnotifpro-go/internal/playstore/api/handler/enhanced_handler.go:187.52,193.4 3 0
subsnotifpro-go/internal/playstore/api/handler/enhanced_handler.go:196.3,203.75 3 0
subsnotifpro-go/internal/playstore/api/handler/enhanced_handler.go:203.75,206.4 2 0
subsnotifpro-go/internal/playstore/api/handler/enhanced_handler.go:209.3,209.82 1 0
subsnotifpro-go/internal/playstore/api/handler/enhanced_handler.go:209.82,212.4 2 0
subsnotifpro-go/internal/playstore/api/handler/enhanced_handler.go:216.2,227.16 6 0
subsnotifpro-go/internal/playstore/api/handler/enhanced_handler.go:227.16,233.47 2 0
subsnotifpro-go/internal/playstore/api/handler/enhanced_handler.go:233.47,236.4 2 0
subsnotifpro-go/internal/playstore/api/handler/enhanced_handler.go:237.3,237.39 1 0
subsnotifpro-go/internal/playstore/api/handler/enhanced_handler.go:237.39,240.4 2 0
subsnotifpro-go/internal/playstore/api/handler/enhanced_handler.go:242.3,243.9 2 0
subsnotifpro-go/internal/playstore/api/handler/enhanced_handler.go:246.2,246.20 1 0
subsnotifpro-go/internal/playstore/api/handler/enhanced_handler.go:246.20,253.3 3 0
subsnotifpro-go/internal/playstore/api/handler/enhanced_handler.go:256.2,262.102 2 0
subsnotifpro-go/internal/playstore/api/handler/enhanced_handler.go:266.67,271.22 3 0
subsnotifpro-go/internal/playstore/api/handler/enhanced_handler.go:271.22,275.3 3 0
subsnotifpro-go/internal/playstore/api/handler/enhanced_handler.go:277.2,281.27 2 0
subsnotifpro-go/internal/playstore/api/handler/handler.go:22.86,24.2 1 0
subsnotifpro-go/internal/playstore/api/handler/handler.go:33.75,39.25 4 0
subsnotifpro-go/internal/playstore/api/handler/handler.go:39.25,42.3 2 0
subsnotifpro-go/internal/playstore/api/handler/handler.go:43.2,43.23 1 0
subsnotifpro-go/internal/playstore/api/handler/handler.go:43.23,46.3 2 0
subsnotifpro-go/internal/playstore/api/handler/handler.go:47.2,47.49 1 0
subsnotifpro-go/internal/playstore/api/handler/handler.go:47.49,51.3 3 0
subsnotifpro-go/internal/playstore/api/handler/handler.go:54.2,55.16 2 0
subsnotifpro-go/internal/playstore/api/handler/handler.go:55.16,61.47 2 0
subsnotifpro-go/internal/playstore/api/handler/handler.go:61.47,64.4 2 0
subsnotifpro-go/internal/playstore/api/handler/handler.go:65.3,65.39 1 0
subsnotifpro-go/internal/playstore/api/handler/handler.go:65.39,68.4 2 0
subsnotifpro-go/internal/playstore/api/handler/handler.go:70.3,71.9 2 0
subsnotifpro-go/internal/playstore/api/handler/handler.go:74.2,74.33 1 0
subsnotifpro-go/internal/playstore/api/handler/handler.go:74.33,78.3 3 0
subsnotifpro-go/internal/playstore/api/handler/handler.go:80.2,85.4 2 0
subsnotifpro-go/internal/playstore/api/handler/handler.go:91.72,96.23 3 0
subsnotifpro-go/internal/playstore/api/handler/handler.go:96.23,99.3 2 0
subsnotifpro-go/internal/playstore/api/handler/handler.go:102.2,103.16 2 0
subsnotifpro-go/internal/playstore/api/handler/handler.go:103.16,111.3 3 0
subsnotifpro-go/internal/playstore/api/handler/handler.go:113.2,113.67 1 0
subsnotifpro-go/internal/playstore/api/handler/handler.go:113.67,117.3 3 0
subsnotifpro-go/internal/playstore/api/handler/handler.go:119.2,124.4 2 0
subsnotifpro-go/internal/playstore/api/handler/handler.go:130.77,136.21 4 0
subsnotifpro-go/internal/playstore/api/handler/handler.go:136.21,139.3 2 0
subsnotifpro-go/internal/playstore/api/handler/handler.go:140.2,140.23 1 0
subsnotifpro-go/internal/playstore/api/handler/handler.go:140.23,143.3 2 0
subsnotifpro-go/internal/playstore/api/handler/handler.go:146.2,147.16 2 0
subsnotifpro-go/internal/playstore/api/handler/handler.go:147.16,155.3 3 0
subsnotifpro-go/internal/playstore/api/handler/handler.go:157.2,157.32 1 0
subsnotifpro-go/internal/playstore/api/handler/handler.go:157.32,161.3 3 0
subsnotifpro-go/internal/playstore/api/handler/handler.go:163.2,168.4 2 0
subsnotifpro-go/internal/playstore/api/handler/handler.go:174.69,181.21 5 0
subsnotifpro-go/internal/playstore/api/handler/handler.go:181.21,184.3 2 0
subsnotifpro-go/internal/playstore/api/handler/handler.go:185.2,185.23 1 0
subsnotifpro-go/internal/playstore/api/handler/handler.go:185.23,188.3 2 0
subsnotifpro-go/internal/playstore/api/handler/handler.go:189.2,189.22 1 0
subsnotifpro-go/internal/playstore/api/handler/handler.go:189.22,192.3 2 0
subsnotifpro-go/internal/playstore/api/handler/handler.go:195.2,196.16 2 0
subsnotifpro-go/internal/playstore/api/handler/handler.go:196.16,205.3 3 0
subsnotifpro-go/internal/playstore/api/handler/handler.go:207.2,207.22 1 0
subsnotifpro-go/internal/playstore/api/handler/handler.go:207.22,215.3 3 0
subsnotifpro-go/internal/playstore/api/handler/handler.go:217.2,226.4 2 0
subsnotifpro-go/internal/playstore/api/service/service.go:44.101,46.2 1 0
subsnotifpro-go/internal/playstore/api/service/service.go:51.133,54.16 2 0
subsnotifpro-go/internal/playstore/api/service/service.go:54.16,56.3 1 0
subsnotifpro-go/internal/playstore/api/service/service.go:59.2,60.16 2 0
subsnotifpro-go/internal/playstore/api/service/service.go:60.16,63.3 1 0
subsnotifpro-go/internal/playstore/api/service/service.go:65.2,65.18 1 0
subsnotifpro-go/internal/playstore/api/service/service.go:71.152,74.16 2 0
subsnotifpro-go/internal/playstore/api/service/service.go:74.16,76.3 1 0
subsnotifpro-go/internal/playstore/api/service/service.go:79.2,80.16 2 0
subsnotifpro-go/internal/playstore/api/service/service.go:80.16,82.3 1 0
subsnotifpro-go/internal/playstore/api/service/service.go:85.2,86.16 2 0
subsnotifpro-go/internal/playstore/api/service/service.go:86.16,89.3 2 0
subsnotifpro-go/internal/playstore/api/service/service.go:91.2,93.26 2 0
subsnotifpro-go/internal/playstore/api/service/service.go:99.150,102.16 2 0
subsnotifpro-go/internal/playstore/api/service/service.go:102.16,104.3 1 0
subsnotifpro-go/internal/playstore/api/service/service.go:107.2,108.16 2 0
subsnotifpro-go/internal/playstore/api/service/service.go:108.16,110.3 1 0
subsnotifpro-go/internal/playstore/api/service/service.go:112.2,113.18 2 0
subsnotifpro-go/internal/playstore/api/service/service.go:119.153,122.16 2 0
subsnotifpro-go/internal/playstore/api/service/service.go:122.16,124.3 1 0
subsnotifpro-go/internal/playstore/api/service/service.go:127.2,128.16 2 0
subsnotifpro-go/internal/playstore/api/service/service.go:128.16,130.3 1 0
subsnotifpro-go/internal/playstore/api/service/service.go:132.2,133.26 2 0
subsnotifpro-go/internal/playstore/api/service/service.go:139.164,142.16 2 0
subsnotifpro-go/internal/playstore/api/service/service.go:142.16,144.3 1 0
subsnotifpro-go/internal/playstore/api/service/service.go:147.2,148.16 2 0
subsnotifpro-go/internal/playstore/api/service/service.go:148.16,150.3 1 0
subsnotifpro-go/internal/playstore/api/service/service.go:152.2,153.37 2 0
subsnotifpro-go/internal/playstore/api/service/service.go:161.9,163.16 2 0
subsnotifpro-go/internal/playstore/api/service/service.go:163.16,165.3 1 0
subsnotifpro-go/internal/playstore/api/service/service.go:167.2,172.16 3 0
subsnotifpro-go/internal/playstore/api/service/service.go:172.16,174.3 1 0
subsnotifpro-go/internal/playstore/api/service/service.go:176.2,177.12 2 0
subsnotifpro-go/internal/playstore/api/mapper/subscription_purchase_mapper.go:11.120,20.41 2 0
subsnotifpro-go/internal/playstore/api/mapper/subscription_purchase_mapper.go:20.41,22.3 1 0
subsnotifpro-go/internal/playstore/api/mapper/subscription_purchase_mapper.go:25.2,25.81 1 0
subsnotifpro-go/internal/playstore/api/mapper/subscription_purchase_mapper.go:25.81,27.3 1 0
subsnotifpro-go/internal/playstore/api/mapper/subscription_purchase_mapper.go:29.2,29.49 1 0
subsnotifpro-go/internal/playstore/api/mapper/subscription_purchase_mapper.go:29.49,31.3 1 0
subsnotifpro-go/internal/playstore/api/mapper/subscription_purchase_mapper.go:33.2,33.46 1 0
subsnotifpro-go/internal/playstore/api/mapper/subscription_purchase_mapper.go:33.46,35.3 1 0
subsnotifpro-go/internal/playstore/api/mapper/subscription_purchase_mapper.go:38.2,38.35 1 0
subsnotifpro-go/internal/playstore/api/mapper/subscription_purchase_mapper.go:38.35,40.3 1 0
subsnotifpro-go/internal/playstore/api/mapper/subscription_purchase_mapper.go:40.8,42.3 1 0
subsnotifpro-go/internal/playstore/api/mapper/subscription_purchase_mapper.go:45.2,45.43 1 0
subsnotifpro-go/internal/playstore/api/mapper/subscription_purchase_mapper.go:45.43,46.18 1 0
subsnotifpro-go/internal/playstore/api/mapper/subscription_purchase_mapper.go:46.18,47.12 1 0
subsnotifpro-go/internal/playstore/api/mapper/subscription_purchase_mapper.go:49.3,50.50 2 0
subsnotifpro-go/internal/playstore/api/mapper/subscription_purchase_mapper.go:54.2,54.41 1 0
subsnotifpro-go/internal/playstore/api/mapper/subscription_purchase_mapper.go:54.41,56.3 1 0
subsnotifpro-go/internal/playstore/api/mapper/subscription_purchase_mapper.go:58.2,58.43 1 0
subsnotifpro-go/internal/playstore/api/mapper/subscription_purchase_mapper.go:58.43,60.3 1 0
subsnotifpro-go/internal/playstore/api/mapper/subscription_purchase_mapper.go:62.2,62.17 1 0
subsnotifpro-go/internal/playstore/api/mapper/subscription_purchase_mapper.go:65.88,70.27 2 0
subsnotifpro-go/internal/playstore/api/mapper/subscription_purchase_mapper.go:70.27,71.71 1 0
subsnotifpro-go/internal/playstore/api/mapper/subscription_purchase_mapper.go:71.71,73.4 1 0
subsnotifpro-go/internal/playstore/api/mapper/subscription_purchase_mapper.go:77.2,77.34 1 0
subsnotifpro-go/internal/playstore/api/mapper/subscription_purchase_mapper.go:77.34,80.3 2 0
subsnotifpro-go/internal/playstore/api/mapper/subscription_purchase_mapper.go:80.8,80.36 1 0
subsnotifpro-go/internal/playstore/api/mapper/subscription_purchase_mapper.go:80.36,83.3 2 0
subsnotifpro-go/internal/playstore/api/mapper/subscription_purchase_mapper.go:86.2,86.30 1 0
subsnotifpro-go/internal/playstore/api/mapper/subscription_purchase_mapper.go:86.30,88.3 1 0
subsnotifpro-go/internal/playstore/api/mapper/subscription_purchase_mapper.go:90.2,90.41 1 0
subsnotifpro-go/internal/playstore/api/mapper/subscription_purchase_mapper.go:90.41,94.3 1 0
subsnotifpro-go/internal/playstore/api/mapper/subscription_purchase_mapper.go:96.2,96.33 1 0
subsnotifpro-go/internal/playstore/api/mapper/subscription_purchase_mapper.go:96.33,98.3 1 0
subsnotifpro-go/internal/playstore/api/mapper/subscription_purchase_mapper.go:100.2,100.11 1 0
subsnotifpro-go/internal/playstore/api/mapper/subscription_purchase_mapper.go:103.93,104.17 1 0
subsnotifpro-go/internal/playstore/api/mapper/subscription_purchase_mapper.go:104.17,106.3 1 0
subsnotifpro-go/internal/playstore/api/mapper/subscription_purchase_mapper.go:108.2,117.36 2 0
subsnotifpro-go/internal/playstore/api/mapper/subscription_purchase_mapper.go:117.36,127.63 2 0
subsnotifpro-go/internal/playstore/api/mapper/subscription_purchase_mapper.go:127.63,128.106 1 0
subsnotifpro-go/internal/playstore/api/mapper/subscription_purchase_mapper.go:128.106,130.5 1 0
subsnotifpro-go/internal/playstore/api/mapper/subscription_purchase_mapper.go:134.2,134.36 1 0
subsnotifpro-go/internal/playstore/api/mapper/subscription_purchase_mapper.go:134.36,140.57 2 0
subsnotifpro-go/internal/playstore/api/mapper/subscription_purchase_mapper.go:140.57,142.4 1 0
subsnotifpro-go/internal/playstore/api/mapper/subscription_purchase_mapper.go:142.9,144.4 1 0
subsnotifpro-go/internal/playstore/api/mapper/subscription_purchase_mapper.go:147.2,147.12 1 0
subsnotifpro-go/internal/playstore/api/mapper/subscription_purchase_mapper.go:149.78,150.17 1 0
subsnotifpro-go/internal/playstore/api/mapper/subscription_purchase_mapper.go:150.17,152.3 1 0
subsnotifpro-go/internal/playstore/api/mapper/subscription_purchase_mapper.go:154.2,157.37 2 0
subsnotifpro-go/internal/playstore/api/mapper/subscription_purchase_mapper.go:157.37,158.80 1 0
subsnotifpro-go/internal/playstore/api/mapper/subscription_purchase_mapper.go:158.80,160.4 1 0
subsnotifpro-go/internal/playstore/api/mapper/subscription_purchase_mapper.go:160.9,163.4 1 0
subsnotifpro-go/internal/playstore/api/mapper/subscription_purchase_mapper.go:166.2,166.11 1 0
subsnotifpro-go/internal/playstore/api/mapper/subscription_purchase_mapper.go:169.84,170.20 1 0
subsnotifpro-go/internal/playstore/api/mapper/subscription_purchase_mapper.go:170.20,172.3 1 0
subsnotifpro-go/internal/playstore/api/mapper/subscription_purchase_mapper.go:174.2,178.3 1 0
subsnotifpro-go/internal/playstore/api/mapper/subscription_purchase_mapper.go:181.91,182.18 1 0
subsnotifpro-go/internal/playstore/api/mapper/subscription_purchase_mapper.go:182.18,184.3 1 0
subsnotifpro-go/internal/playstore/api/mapper/subscription_purchase_mapper.go:186.2,188.9 2 0
subsnotifpro-go/internal/playstore/api/mapper/subscription_purchase_mapper.go:189.32,190.41 1 0
subsnotifpro-go/internal/playstore/api/mapper/subscription_purchase_mapper.go:191.71,194.22 3 0
subsnotifpro-go/internal/playstore/api/mapper/subscription_purchase_mapper.go:195.10,196.13 1 0
subsnotifpro-go/internal/playstore/api/mapper/subscription_purchase_mapper.go:199.2,199.15 1 0
subsnotifpro-go/internal/playstore/api/mapper/subscription_purchase_mapper.go:203.98,204.16 1 0
subsnotifpro-go/internal/playstore/api/mapper/subscription_purchase_mapper.go:204.16,206.3 1 0
subsnotifpro-go/internal/playstore/api/mapper/subscription_purchase_mapper.go:208.2,209.30 2 0
subsnotifpro-go/internal/playstore/api/mapper/subscription_purchase_mapper.go:209.30,210.73 1 0
subsnotifpro-go/internal/playstore/api/mapper/subscription_purchase_mapper.go:210.73,212.4 1 0
subsnotifpro-go/internal/playstore/api/mapper/subscription_purchase_mapper.go:214.2,214.12 1 0
subsnotifpro-go/internal/playstore/api/mapper/subscription_purchase_mapper.go:218.104,219.16 1 0
subsnotifpro-go/internal/playstore/api/mapper/subscription_purchase_mapper.go:219.16,221.3 1 0
subsnotifpro-go/internal/playstore/api/mapper/subscription_purchase_mapper.go:223.2,225.9 2 0
subsnotifpro-go/internal/playstore/api/mapper/subscription_purchase_mapper.go:226.44,228.104 2 0
subsnotifpro-go/internal/playstore/api/mapper/subscription_purchase_mapper.go:228.104,230.4 1 0
subsnotifpro-go/internal/playstore/api/mapper/subscription_purchase_mapper.go:231.3,231.80 1 0
subsnotifpro-go/internal/playstore/api/mapper/subscription_purchase_mapper.go:231.80,239.4 1 0
subsnotifpro-go/internal/playstore/api/mapper/subscription_purchase_mapper.go:241.46,242.56 1 0
subsnotifpro-go/internal/playstore/api/mapper/subscription_purchase_mapper.go:244.49,245.59 1 0
subsnotifpro-go/internal/playstore/api/mapper/subscription_purchase_mapper.go:247.42,248.52 1 0
subsnotifpro-go/internal/playstore/api/mapper/subscription_purchase_mapper.go:251.2,251.15 1 0
subsnotifpro-go/internal/playstore/api/mapper/subscription_purchase_mapper.go:254.70,255.16 1 0
subsnotifpro-go/internal/playstore/api/mapper/subscription_purchase_mapper.go:256.47,257.46 1 0
subsnotifpro-go/internal/playstore/api/mapper/subscription_purchase_mapper.go:258.47,259.47 1 0
subsnotifpro-go/internal/playstore/api/mapper/subscription_purchase_mapper.go:260.43,261.43 1 0
subsnotifpro-go/internal/playstore/api/mapper/subscription_purchase_mapper.go:262.47,263.46 1 0
subsnotifpro-go/internal/playstore/api/mapper/subscription_purchase_mapper.go:264.37,265.38 1 0
subsnotifpro-go/internal/playstore/api/mapper/subscription_purchase_mapper.go:266.10,267.43 1 0
subsnotifpro-go/internal/playstore/api/mapper/subscription_purchase_mapper.go:271.35,272.13 1 0
subsnotifpro-go/internal/playstore/api/mapper/subscription_purchase_mapper.go:272.13,274.3 1 0
subsnotifpro-go/internal/playstore/api/mapper/subscription_purchase_mapper.go:275.2,275.11 1 0
subsnotifpro-go/internal/playstore/api/mapper/subscription_purchase_mapper.go:280.121,283.16 2 0
subsnotifpro-go/internal/playstore/api/mapper/subscription_purchase_mapper.go:283.16,285.34 1 0
subsnotifpro-go/internal/playstore/api/mapper/subscription_purchase_mapper.go:285.34,287.4 1 0
subsnotifpro-go/internal/playstore/api/mapper/subscription_purchase_mapper.go:288.3,288.44 1 0
subsnotifpro-go/internal/playstore/api/mapper/subscription_purchase_mapper.go:288.44,290.4 1 0
subsnotifpro-go/internal/playstore/api/mapper/subscription_purchase_mapper.go:291.3,291.44 1 0
subsnotifpro-go/internal/playstore/api/mapper/subscription_purchase_mapper.go:291.44,293.4 1 0
subsnotifpro-go/internal/playstore/api/mapper/subscription_purchase_mapper.go:296.2,296.15 1 0
subsnotifpro-go/internal/playstore/api/mapper/subscription_purchase_mapper.go:299.114,300.17 1 0
subsnotifpro-go/internal/playstore/api/mapper/subscription_purchase_mapper.go:300.17,302.3 1 0
subsnotifpro-go/internal/playstore/api/mapper/subscription_purchase_mapper.go:304.2,307.26 2 0
subsnotifpro-go/internal/playstore/api/mapper/subscription_purchase_mapper.go:307.26,309.3 1 0
subsnotifpro-go/internal/playstore/api/mapper/subscription_purchase_mapper.go:310.2,310.28 1 0
subsnotifpro-go/internal/playstore/api/mapper/subscription_purchase_mapper.go:310.28,312.3 1 0
subsnotifpro-go/internal/playstore/api/mapper/subscription_purchase_mapper.go:313.2,313.29 1 0
subsnotifpro-go/internal/playstore/api/mapper/subscription_purchase_mapper.go:313.29,315.3 1 0
subsnotifpro-go/internal/playstore/api/mapper/subscription_purchase_mapper.go:316.2,316.26 1 0
subsnotifpro-go/internal/playstore/api/mapper/subscription_purchase_mapper.go:316.26,318.3 1 0
subsnotifpro-go/internal/playstore/api/mapper/subscription_purchase_mapper.go:319.2,319.27 1 0
subsnotifpro-go/internal/playstore/api/mapper/subscription_purchase_mapper.go:319.27,321.3 1 0
subsnotifpro-go/internal/playstore/api/mapper/subscription_purchase_mapper.go:324.2,328.28 1 0
subsnotifpro-go/internal/playstore/api/mapper/subscription_purchase_mapper.go:328.28,330.3 1 0
subsnotifpro-go/internal/playstore/api/mapper/subscription_purchase_mapper.go:332.2,332.15 1 0
subsnotifpro-go/internal/playstore/api/utils/utils.go:10.42,11.16 1 0
subsnotifpro-go/internal/playstore/api/utils/utils.go:11.16,13.3 1 0
subsnotifpro-go/internal/playstore/api/utils/utils.go:14.2,15.29 2 0
subsnotifpro-go/internal/playstore/api/utils/utils.go:15.29,17.3 1 0
subsnotifpro-go/internal/playstore/api/utils/utils.go:18.2,18.14 1 0
subsnotifpro-go/internal/playstore/products/models/money.go:20.46,22.2 1 0
subsnotifpro-go/internal/playstore/products/models/money.go:25.47,27.9 2 0
subsnotifpro-go/internal/playstore/products/models/money.go:27.9,29.3 1 0
subsnotifpro-go/internal/playstore/products/models/money.go:30.2,30.33 1 0
subsnotifpro-go/internal/playstore/products/repository/repository.go:60.97,65.2 1 0
subsnotifpro-go/internal/playstore/products/repository/repository.go:68.137,69.67 1 0
subsnotifpro-go/internal/playstore/products/repository/repository.go:69.67,75.17 2 0
subsnotifpro-go/internal/playstore/products/repository/repository.go:75.17,77.4 1 0
subsnotifpro-go/internal/playstore/products/repository/repository.go:79.3,79.13 1 0
subsnotifpro-go/internal/playstore/products/repository/repository.go:83.98,84.67 1 0
subsnotifpro-go/internal/playstore/products/repository/repository.go:84.67,85.98 1 0
subsnotifpro-go/internal/playstore/products/repository/repository.go:85.98,87.4 1 0
subsnotifpro-go/internal/playstore/products/repository/repository.go:88.3,88.13 1 0
subsnotifpro-go/internal/playstore/products/repository/repository.go:93.130,94.67 1 0
subsnotifpro-go/internal/playstore/products/repository/repository.go:94.67,100.17 2 0
subsnotifpro-go/internal/playstore/products/repository/repository.go:100.17,102.4 1 0
subsnotifpro-go/internal/playstore/products/repository/repository.go:104.3,104.13 1 0
subsnotifpro-go/internal/playstore/products/repository/repository.go:109.128,110.22 1 0
subsnotifpro-go/internal/playstore/products/repository/repository.go:110.22,112.3 1 0
subsnotifpro-go/internal/playstore/products/repository/repository.go:114.2,114.67 1 0
subsnotifpro-go/internal/playstore/products/repository/repository.go:114.67,116.47 2 0
subsnotifpro-go/internal/playstore/products/repository/repository.go:116.47,118.25 2 0
subsnotifpro-go/internal/playstore/products/repository/repository.go:118.25,120.5 1 0
subsnotifpro-go/internal/playstore/products/repository/repository.go:122.4,127.18 2 0
subsnotifpro-go/internal/playstore/products/repository/repository.go:127.18,129.5 1 0
subsnotifpro-go/internal/playstore/products/repository/repository.go:131.3,131.13 1 0
subsnotifpro-go/internal/playstore/products/repository/repository.go:136.153,141.2 1 0
subsnotifpro-go/internal/playstore/products/repository/repository.go:146.125,153.16 3 0
subsnotifpro-go/internal/playstore/products/repository/repository.go:153.16,155.3 1 0
subsnotifpro-go/internal/playstore/products/repository/repository.go:157.2,157.22 1 0
subsnotifpro-go/internal/playstore/products/repository/repository.go:161.153,178.16 3 0
subsnotifpro-go/internal/playstore/products/repository/repository.go:178.16,179.45 1 0
subsnotifpro-go/internal/playstore/products/repository/repository.go:179.45,181.4 1 0
subsnotifpro-go/internal/playstore/products/repository/repository.go:182.3,182.73 1 0
subsnotifpro-go/internal/playstore/products/repository/repository.go:185.2,185.22 1 0
subsnotifpro-go/internal/playstore/products/repository/repository.go:191.17,202.16 3 0
subsnotifpro-go/internal/playstore/products/repository/repository.go:202.16,203.36 1 0
subsnotifpro-go/internal/playstore/products/repository/repository.go:203.36,205.4 1 0
subsnotifpro-go/internal/playstore/products/repository/repository.go:206.3,206.85 1 0
subsnotifpro-go/internal/playstore/products/repository/repository.go:209.2,209.18 1 0
subsnotifpro-go/internal/playstore/products/repository/repository.go:213.157,226.16 3 0
subsnotifpro-go/internal/playstore/products/repository/repository.go:226.16,227.45 1 0
subsnotifpro-go/internal/playstore/products/repository/repository.go:227.45,229.4 1 0
subsnotifpro-go/internal/playstore/products/repository/repository.go:230.3,230.62 1 0
subsnotifpro-go/internal/playstore/products/repository/repository.go:233.2,233.23 1 0
subsnotifpro-go/internal/playstore/products/repository/repository.go:237.136,245.16 3 0
subsnotifpro-go/internal/playstore/products/repository/repository.go:245.16,247.3 1 0
subsnotifpro-go/internal/playstore/products/repository/repository.go:249.2,249.23 1 0
subsnotifpro-go/internal/playstore/products/repository/repository.go:255.17,267.16 3 0
subsnotifpro-go/internal/playstore/products/repository/repository.go:267.16,268.36 1 0
subsnotifpro-go/internal/playstore/products/repository/repository.go:268.36,270.4 1 0
subsnotifpro-go/internal/playstore/products/repository/repository.go:271.3,271.87 1 0
subsnotifpro-go/internal/playstore/products/repository/repository.go:274.2,274.18 1 0
subsnotifpro-go/internal/playstore/products/repository/repository.go:278.129,288.16 3 0
subsnotifpro-go/internal/playstore/products/repository/repository.go:288.16,290.3 1 0
subsnotifpro-go/internal/playstore/products/repository/repository.go:292.2,292.23 1 0
subsnotifpro-go/internal/playstore/products/repository/repository.go:298.26,306.16 3 0
subsnotifpro-go/internal/playstore/products/repository/repository.go:306.16,307.36 1 0
subsnotifpro-go/internal/playstore/products/repository/repository.go:307.36,309.4 1 0
subsnotifpro-go/internal/playstore/products/repository/repository.go:310.3,310.77 1 0
subsnotifpro-go/internal/playstore/products/repository/repository.go:313.2,313.35 1 0
subsnotifpro-go/internal/playstore/products/repository/repository.go:319.26,327.16 3 0
subsnotifpro-go/internal/playstore/products/repository/repository.go:327.16,328.36 1 0
subsnotifpro-go/internal/playstore/products/repository/repository.go:328.36,330.4 1 0
subsnotifpro-go/internal/playstore/products/repository/repository.go:331.3,331.82 1 0
subsnotifpro-go/internal/playstore/products/repository/repository.go:335.2,335.18 1 0
subsnotifpro-go/internal/playstore/products/repository/repository.go:336.13,337.54 1 0
subsnotifpro-go/internal/playstore/products/repository/repository.go:337.54,339.4 1 0
subsnotifpro-go/internal/playstore/products/repository/repository.go:340.13,341.54 1 0
subsnotifpro-go/internal/playstore/products/repository/repository.go:341.54,343.4 1 0
subsnotifpro-go/internal/playstore/products/repository/repository.go:344.10,345.81 1 0
subsnotifpro-go/internal/playstore/products/repository/repository.go:348.2,348.75 1 0
subsnotifpro-go/internal/playstore/products/repository/repository.go:352.170,367.16 3 0
subsnotifpro-go/internal/playstore/products/repository/repository.go:367.16,368.36 1 0
subsnotifpro-go/internal/playstore/products/repository/repository.go:368.36,370.4 1 0
subsnotifpro-go/internal/playstore/products/repository/repository.go:371.3,371.71 1 0
subsnotifpro-go/internal/playstore/products/repository/repository.go:374.2,374.20 1 0
subsnotifpro-go/internal/playstore/products/repository/repository.go:380.21,390.16 3 0
subsnotifpro-go/internal/playstore/products/repository/repository.go:390.16,392.3 1 0
subsnotifpro-go/internal/playstore/products/repository/repository.go:394.2,394.24 1 0
subsnotifpro-go/internal/playstore/products/repository/repository.go:400.17,412.16 3 0
subsnotifpro-go/internal/playstore/products/repository/repository.go:412.16,413.36 1 0
subsnotifpro-go/internal/playstore/products/repository/repository.go:413.36,415.4 1 0
subsnotifpro-go/internal/playstore/products/repository/repository.go:416.3,416.80 1 0
subsnotifpro-go/internal/playstore/products/repository/repository.go:419.2,419.18 1 0
subsnotifpro-go/internal/playstore/products/repository/repository.go:423.182,433.16 3 0
subsnotifpro-go/internal/playstore/products/repository/repository.go:433.16,435.3 1 0
subsnotifpro-go/internal/playstore/products/repository/repository.go:436.2,436.20 1 0
subsnotifpro-go/internal/playstore/products/repository/repository.go:442.17,454.16 3 0
subsnotifpro-go/internal/playstore/products/repository/repository.go:454.16,455.36 1 0
subsnotifpro-go/internal/playstore/products/repository/repository.go:455.36,457.4 1 0
subsnotifpro-go/internal/playstore/products/repository/repository.go:458.3,458.89 1 0
subsnotifpro-go/internal/playstore/products/repository/repository.go:461.2,461.18 1 0
subsnotifpro-go/internal/playstore/products/repository/repository.go:467.57,475.16 3 0
subsnotifpro-go/internal/playstore/products/repository/repository.go:475.16,476.36 1 0
subsnotifpro-go/internal/playstore/products/repository/repository.go:476.36,478.4 1 0
subsnotifpro-go/internal/playstore/products/repository/repository.go:479.3,479.80 1 0
subsnotifpro-go/internal/playstore/products/repository/repository.go:482.2,482.34 1 0
subsnotifpro-go/internal/playstore/products/repository/repository.go:488.61,497.16 3 0
subsnotifpro-go/internal/playstore/products/repository/repository.go:497.16,498.36 1 0
subsnotifpro-go/internal/playstore/products/repository/repository.go:498.36,500.4 1 0
subsnotifpro-go/internal/playstore/products/repository/repository.go:501.3,501.85 1 0
subsnotifpro-go/internal/playstore/products/repository/repository.go:504.2,504.38 1 0
subsnotifpro-go/internal/playstore/products/mapper/mapper.go:13.115,16.25 2 0
subsnotifpro-go/internal/playstore/products/mapper/mapper.go:16.25,17.40 1 0
subsnotifpro-go/internal/playstore/products/mapper/mapper.go:17.40,26.4 1 0
subsnotifpro-go/internal/playstore/products/mapper/mapper.go:30.2,31.41 2 0
subsnotifpro-go/internal/playstore/products/mapper/mapper.go:31.41,38.3 1 0
subsnotifpro-go/internal/playstore/products/mapper/mapper.go:38.8,43.3 1 0
subsnotifpro-go/internal/playstore/products/mapper/mapper.go:46.2,47.43 2 0
subsnotifpro-go/internal/playstore/products/mapper/mapper.go:47.43,53.3 1 0
subsnotifpro-go/internal/playstore/products/mapper/mapper.go:53.8,59.3 1 0
subsnotifpro-go/internal/playstore/products/mapper/mapper.go:62.2,69.3 1 0
subsnotifpro-go/internal/playstore/products/mapper/mapper.go:77.119,78.50 1 0
subsnotifpro-go/internal/playstore/products/mapper/mapper.go:78.50,80.3 1 0
subsnotifpro-go/internal/playstore/products/mapper/mapper.go:83.2,84.9 2 0
subsnotifpro-go/internal/playstore/products/mapper/mapper.go:85.48,86.37 1 0
subsnotifpro-go/internal/playstore/products/mapper/mapper.go:87.43,88.32 1 0
subsnotifpro-go/internal/playstore/products/mapper/mapper.go:89.48,90.37 1 0
subsnotifpro-go/internal/playstore/products/mapper/mapper.go:91.10,92.140 1 0
subsnotifpro-go/internal/playstore/products/mapper/mapper.go:96.2,97.54 2 0
subsnotifpro-go/internal/playstore/products/mapper/mapper.go:97.54,109.3 1 0
subsnotifpro-go/internal/playstore/products/mapper/mapper.go:112.2,113.49 2 0
subsnotifpro-go/internal/playstore/products/mapper/mapper.go:113.49,120.3 1 0
subsnotifpro-go/internal/playstore/products/mapper/mapper.go:123.2,124.54 2 0
subsnotifpro-go/internal/playstore/products/mapper/mapper.go:124.54,136.3 1 0
subsnotifpro-go/internal/playstore/products/mapper/mapper.go:139.2,140.37 2 0
subsnotifpro-go/internal/playstore/products/mapper/mapper.go:140.37,141.51 1 0
subsnotifpro-go/internal/playstore/products/mapper/mapper.go:141.51,142.27 1 0
subsnotifpro-go/internal/playstore/products/mapper/mapper.go:142.27,154.5 1 0
subsnotifpro-go/internal/playstore/products/mapper/mapper.go:159.2,160.31 2 0
subsnotifpro-go/internal/playstore/products/mapper/mapper.go:160.31,161.42 1 0
subsnotifpro-go/internal/playstore/products/mapper/mapper.go:161.42,167.4 1 0
subsnotifpro-go/internal/playstore/products/mapper/mapper.go:171.2,172.48 2 0
subsnotifpro-go/internal/playstore/products/mapper/mapper.go:172.48,179.24 2 0
subsnotifpro-go/internal/playstore/products/mapper/mapper.go:179.24,185.4 1 0
subsnotifpro-go/internal/playstore/products/mapper/mapper.go:187.3,187.24 1 0
subsnotifpro-go/internal/playstore/products/mapper/mapper.go:187.24,193.4 1 0
subsnotifpro-go/internal/playstore/products/mapper/mapper.go:197.2,209.3 1 0
subsnotifpro-go/internal/playstore/products/mapper/subscription_offer_mapper.go:11.161,12.41 1 0
subsnotifpro-go/internal/playstore/products/mapper/subscription_offer_mapper.go:12.41,15.3 2 0
subsnotifpro-go/internal/playstore/products/mapper/subscription_offer_mapper.go:18.2,19.46 2 0
subsnotifpro-go/internal/playstore/products/mapper/subscription_offer_mapper.go:19.46,21.3 1 0
subsnotifpro-go/internal/playstore/products/mapper/subscription_offer_mapper.go:24.2,43.3 4 0
subsnotifpro-go/internal/playstore/products/mapper/subscription_offer_mapper.go:47.228,48.28 1 0
subsnotifpro-go/internal/playstore/products/mapper/subscription_offer_mapper.go:48.28,50.3 1 0
subsnotifpro-go/internal/playstore/products/mapper/subscription_offer_mapper.go:52.2,53.41 2 0
subsnotifpro-go/internal/playstore/products/mapper/subscription_offer_mapper.go:53.41,62.3 1 0
subsnotifpro-go/internal/playstore/products/mapper/subscription_offer_mapper.go:63.2,63.25 1 0
subsnotifpro-go/internal/playstore/products/mapper/subscription_offer_mapper.go:67.207,68.19 1 0
subsnotifpro-go/internal/playstore/products/mapper/subscription_offer_mapper.go:68.19,70.3 1 0
subsnotifpro-go/internal/playstore/products/mapper/subscription_offer_mapper.go:72.2,78.3 1 0
subsnotifpro-go/internal/playstore/products/mapper/subscription_offer_mapper.go:82.182,83.18 1 0
subsnotifpro-go/internal/playstore/products/mapper/subscription_offer_mapper.go:83.18,86.3 2 0
subsnotifpro-go/internal/playstore/products/mapper/subscription_offer_mapper.go:89.2,105.3 3 0
subsnotifpro-go/internal/playstore/products/mapper/subscription_offer_mapper.go:109.259,110.28 1 0
subsnotifpro-go/internal/playstore/products/mapper/subscription_offer_mapper.go:110.28,112.3 1 0
subsnotifpro-go/internal/playstore/products/mapper/subscription_offer_mapper.go:114.2,115.41 2 0
subsnotifpro-go/internal/playstore/products/mapper/subscription_offer_mapper.go:115.41,116.20 1 0
subsnotifpro-go/internal/playstore/products/mapper/subscription_offer_mapper.go:116.20,117.12 1 0
subsnotifpro-go/internal/playstore/products/mapper/subscription_offer_mapper.go:120.3,131.5 1 0
subsnotifpro-go/internal/playstore/products/mapper/subscription_offer_mapper.go:133.2,133.25 1 0
subsnotifpro-go/internal/playstore/products/mapper/subscription_offer_mapper.go:137.259,138.19 1 0
subsnotifpro-go/internal/playstore/products/mapper/subscription_offer_mapper.go:138.19,140.3 1 0
subsnotifpro-go/internal/playstore/products/mapper/subscription_offer_mapper.go:142.2,152.3 1 0
subsnotifpro-go/internal/playstore/products/mapper/subscription_offer_mapper.go:156.237,157.19 1 0
subsnotifpro-go/internal/playstore/products/mapper/subscription_offer_mapper.go:157.19,159.3 1 0
subsnotifpro-go/internal/playstore/products/mapper/subscription_offer_mapper.go:161.2,170.28 2 0
subsnotifpro-go/internal/playstore/products/mapper/subscription_offer_mapper.go:170.28,172.3 1 0
subsnotifpro-go/internal/playstore/products/mapper/subscription_offer_mapper.go:175.2,175.28 1 0
subsnotifpro-go/internal/playstore/products/mapper/subscription_offer_mapper.go:175.28,177.3 1 0
subsnotifpro-go/internal/playstore/products/mapper/subscription_offer_mapper.go:179.2,179.24 1 0
subsnotifpro-go/internal/playstore/products/mapper/subscription_offer_mapper.go:183.64,184.18 1 0
subsnotifpro-go/internal/playstore/products/mapper/subscription_offer_mapper.go:184.18,186.3 1 0
subsnotifpro-go/internal/playstore/products/mapper/subscription_offer_mapper.go:188.2,192.3 1 0
subsnotifpro-go/internal/playstore/products/mapper/subscription_offer_mapper.go:196.54,197.18 1 0
subsnotifpro-go/internal/playstore/products/mapper/subscription_offer_mapper.go:197.18,199.3 1 0
subsnotifpro-go/internal/playstore/products/mapper/subscription_offer_mapper.go:200.2,200.12 1 0
subsnotifpro-go/internal/playstore/products/mapper/subscription_offer_mapper.go:204.183,205.22 1 0
subsnotifpro-go/internal/playstore/products/mapper/subscription_offer_mapper.go:205.22,207.3 1 0
subsnotifpro-go/internal/playstore/products/mapper/subscription_offer_mapper.go:209.2,216.3 1 0
subsnotifpro-go/internal/playstore/products/mapper/subscription_offer_mapper.go:220.172,221.17 1 0
subsnotifpro-go/internal/playstore/products/mapper/subscription_offer_mapper.go:221.17,223.3 1 0
subsnotifpro-go/internal/playstore/products/mapper/subscription_offer_mapper.go:225.2,231.3 1 0
subsnotifpro-go/internal/playstore/products/mapper/subscription_offer_mapper.go:235.160,236.17 1 0
subsnotifpro-go/internal/playstore/products/mapper/subscription_offer_mapper.go:236.17,238.3 1 0
subsnotifpro-go/internal/playstore/products/mapper/subscription_offer_mapper.go:240.2,248.3 1 0
subsnotifpro-go/internal/playstore/products/mapper/subscription_offer_mapper.go:252.102,253.18 1 0
subsnotifpro-go/internal/playstore/products/mapper/subscription_offer_mapper.go:253.18,255.3 1 0
subsnotifpro-go/internal/playstore/products/mapper/subscription_offer_mapper.go:257.2,261.3 1 0
subsnotifpro-go/internal/playstore/products/mapper/subscription_offer_mapper.go:265.32,266.12 1 0
subsnotifpro-go/internal/playstore/products/mapper/subscription_offer_mapper.go:266.12,268.3 1 0
subsnotifpro-go/internal/playstore/products/mapper/subscription_offer_mapper.go:269.2,269.15 1 0
subsnotifpro-go/internal/playstore/products/mapper/subscription_offer_mapper.go:272.38,273.17 1 0
subsnotifpro-go/internal/playstore/products/mapper/subscription_offer_mapper.go:273.17,275.3 1 0
subsnotifpro-go/internal/playstore/products/mapper/subscription_offer_mapper.go:276.2,276.15 1 0
subsnotifpro-go/internal/playstore/client/service/service.go:41.58,43.2 1 0
subsnotifpro-go/internal/playstore/client/service/service.go:45.86,47.2 1 0
subsnotifpro-go/internal/playstore/client/service/service.go:51.130,52.48 1 0
subsnotifpro-go/internal/playstore/client/service/service.go:52.48,54.3 1 0
subsnotifpro-go/internal/playstore/client/service/service.go:56.2,60.48 3 0
subsnotifpro-go/internal/playstore/client/service/service.go:60.48,62.3 1 0
subsnotifpro-go/internal/playstore/client/service/service.go:64.2,68.32 4 0
subsnotifpro-go/internal/playstore/client/service/service.go:68.32,70.3 1 0
subsnotifpro-go/internal/playstore/client/service/service.go:70.8,72.3 1 0
subsnotifpro-go/internal/playstore/client/service/service.go:74.2,74.46 1 0
subsnotifpro-go/internal/playstore/client/service/service.go:78.131,81.16 2 0
subsnotifpro-go/internal/playstore/client/service/service.go:81.16,84.3 2 0
subsnotifpro-go/internal/playstore/client/service/service.go:86.2,89.16 3 0
subsnotifpro-go/internal/playstore/client/service/service.go:89.16,94.3 3 0
subsnotifpro-go/internal/playstore/client/service/service.go:96.2,97.21 2 0
subsnotifpro-go/internal/playstore/products/handler/handler.go:19.104,21.2 1 0
subsnotifpro-go/internal/playstore/products/handler/handler.go:24.106,46.2 17 0
subsnotifpro-go/internal/playstore/products/handler/handler.go:51.85,58.47 3 0
subsnotifpro-go/internal/playstore/products/handler/handler.go:58.47,61.3 2 0
subsnotifpro-go/internal/playstore/products/handler/handler.go:62.2,65.12 2 0
subsnotifpro-go/internal/playstore/products/handler/handler.go:65.12,67.76 2 0
subsnotifpro-go/internal/playstore/products/handler/handler.go:67.76,69.4 1 0
subsnotifpro-go/internal/playstore/products/handler/handler.go:69.9,71.4 1 0
subsnotifpro-go/internal/playstore/products/handler/handler.go:75.2,75.104 1 0
subsnotifpro-go/internal/playstore/products/handler/handler.go:79.89,81.16 2 0
subsnotifpro-go/internal/playstore/products/handler/handler.go:81.16,84.3 2 0
subsnotifpro-go/internal/playstore/products/handler/handler.go:86.2,86.52 1 0
subsnotifpro-go/internal/playstore/products/handler/handler.go:90.91,96.42 3 0
subsnotifpro-go/internal/playstore/products/handler/handler.go:96.42,99.3 2 0
subsnotifpro-go/internal/playstore/products/handler/handler.go:102.2,103.16 2 0
subsnotifpro-go/internal/playstore/products/handler/handler.go:103.16,107.3 3 0
subsnotifpro-go/internal/playstore/products/handler/handler.go:110.2,110.50 1 0
subsnotifpro-go/internal/playstore/products/handler/handler.go:114.92,120.42 3 0
subsnotifpro-go/internal/playstore/products/handler/handler.go:120.42,123.3 2 0
subsnotifpro-go/internal/playstore/products/handler/handler.go:126.2,127.16 2 0
subsnotifpro-go/internal/playstore/products/handler/handler.go:127.16,131.3 3 0
subsnotifpro-go/internal/playstore/products/handler/handler.go:134.2,134.48 1 0
subsnotifpro-go/internal/playstore/products/handler/handler.go:138.80,145.23 4 0
subsnotifpro-go/internal/playstore/products/handler/handler.go:145.23,148.3 2 0
subsnotifpro-go/internal/playstore/products/handler/handler.go:149.2,149.21 1 0
subsnotifpro-go/internal/playstore/products/handler/handler.go:149.21,152.3 2 0
subsnotifpro-go/internal/playstore/products/handler/handler.go:153.2,153.22 1 0
subsnotifpro-go/internal/playstore/products/handler/handler.go:153.22,156.3 2 0
subsnotifpro-go/internal/playstore/products/handler/handler.go:158.2,159.16 2 0
subsnotifpro-go/internal/playstore/products/handler/handler.go:159.16,162.3 2 0
subsnotifpro-go/internal/playstore/products/handler/handler.go:164.2,164.52 1 0
subsnotifpro-go/internal/playstore/products/handler/handler.go:168.81,175.23 4 0
subsnotifpro-go/internal/playstore/products/handler/handler.go:175.23,178.3 2 0
subsnotifpro-go/internal/playstore/products/handler/handler.go:179.2,179.21 1 0
subsnotifpro-go/internal/playstore/products/handler/handler.go:179.21,182.3 2 0
subsnotifpro-go/internal/playstore/products/handler/handler.go:183.2,183.22 1 0
subsnotifpro-go/internal/playstore/products/handler/handler.go:183.22,186.3 2 0
subsnotifpro-go/internal/playstore/products/handler/handler.go:188.2,189.16 2 0
subsnotifpro-go/internal/playstore/products/handler/handler.go:189.16,192.3 2 0
subsnotifpro-go/internal/playstore/products/handler/handler.go:194.2,194.53 1 0
subsnotifpro-go/internal/playstore/products/handler/handler.go:198.95,207.23 6 0
subsnotifpro-go/internal/playstore/products/handler/handler.go:207.23,209.3 1 0
subsnotifpro-go/internal/playstore/products/handler/handler.go:210.2,210.21 1 0
subsnotifpro-go/internal/playstore/products/handler/handler.go:210.21,212.3 1 0
subsnotifpro-go/internal/playstore/products/handler/handler.go:213.2,213.22 1 0
subsnotifpro-go/internal/playstore/products/handler/handler.go:213.22,215.3 1 0
subsnotifpro-go/internal/playstore/products/handler/handler.go:216.2,216.22 1 0
subsnotifpro-go/internal/playstore/products/handler/handler.go:216.22,218.3 1 0
subsnotifpro-go/internal/playstore/products/handler/handler.go:220.2,220.28 1 0
subsnotifpro-go/internal/playstore/products/handler/handler.go:220.28,226.3 2 0
subsnotifpro-go/internal/playstore/products/handler/handler.go:229.2,230.16 2 0
subsnotifpro-go/internal/playstore/products/handler/handler.go:230.16,233.3 2 0
subsnotifpro-go/internal/playstore/products/handler/handler.go:236.2,236.54 1 0
subsnotifpro-go/internal/playstore/products/handler/handler.go:240.79,244.42 3 0
subsnotifpro-go/internal/playstore/products/handler/handler.go:244.42,247.3 2 0
subsnotifpro-go/internal/playstore/products/handler/handler.go:249.2,250.16 2 0
subsnotifpro-go/internal/playstore/products/handler/handler.go:250.16,253.3 2 0
subsnotifpro-go/internal/playstore/products/handler/handler.go:255.2,255.55 1 0
subsnotifpro-go/internal/playstore/products/handler/handler.go:259.86,268.23 6 0
subsnotifpro-go/internal/playstore/products/handler/handler.go:268.23,270.3 1 0
subsnotifpro-go/internal/playstore/products/handler/handler.go:271.2,271.21 1 0
subsnotifpro-go/internal/playstore/products/handler/handler.go:271.21,273.3 1 0
subsnotifpro-go/internal/playstore/products/handler/handler.go:274.2,274.22 1 0
subsnotifpro-go/internal/playstore/products/handler/handler.go:274.22,276.3 1 0
subsnotifpro-go/internal/playstore/products/handler/handler.go:277.2,277.22 1 0
subsnotifpro-go/internal/playstore/products/handler/handler.go:277.22,279.3 1 0
subsnotifpro-go/internal/playstore/products/handler/handler.go:281.2,281.28 1 0
subsnotifpro-go/internal/playstore/products/handler/handler.go:281.28,287.3 2 0
subsnotifpro-go/internal/playstore/products/handler/handler.go:290.2,291.16 2 0
subsnotifpro-go/internal/playstore/products/handler/handler.go:291.16,294.3 2 0
subsnotifpro-go/internal/playstore/products/handler/handler.go:296.2,296.56 1 0
subsnotifpro-go/internal/playstore/products/handler/handler.go:300.90,308.23 5 0
subsnotifpro-go/internal/playstore/products/handler/handler.go:308.23,311.3 2 0
subsnotifpro-go/internal/playstore/products/handler/handler.go:312.2,312.21 1 0
subsnotifpro-go/internal/playstore/products/handler/handler.go:312.21,315.3 2 0
subsnotifpro-go/internal/playstore/products/handler/handler.go:316.2,316.22 1 0
subsnotifpro-go/internal/playstore/products/handler/handler.go:316.22,319.3 2 0
subsnotifpro-go/internal/playstore/products/handler/handler.go:320.2,320.20 1 0
subsnotifpro-go/internal/playstore/products/handler/handler.go:320.20,323.3 2 0
subsnotifpro-go/internal/playstore/products/handler/handler.go:326.2,327.16 2 0
subsnotifpro-go/internal/playstore/products/handler/handler.go:327.16,330.3 2 0
subsnotifpro-go/internal/playstore/products/handler/handler.go:333.2,333.46 1 0
subsnotifpro-go/internal/playstore/products/handler/handler.go:337.89,344.23 5 0
subsnotifpro-go/internal/playstore/products/handler/handler.go:344.23,347.3 2 0
subsnotifpro-go/internal/playstore/products/handler/handler.go:348.2,348.21 1 0
subsnotifpro-go/internal/playstore/products/handler/handler.go:348.21,351.3 2 0
subsnotifpro-go/internal/playstore/products/handler/handler.go:352.2,352.22 1 0
subsnotifpro-go/internal/playstore/products/handler/handler.go:352.22,355.3 2 0
subsnotifpro-go/internal/playstore/products/handler/handler.go:356.2,356.19 1 0
subsnotifpro-go/internal/playstore/products/handler/handler.go:356.19,359.3 2 0
subsnotifpro-go/internal/playstore/products/handler/handler.go:362.2,363.16 2 0
subsnotifpro-go/internal/playstore/products/handler/handler.go:363.16,366.3 2 0
subsnotifpro-go/internal/playstore/products/handler/handler.go:368.2,368.46 1 0
subsnotifpro-go/internal/playstore/products/handler/handler.go:372.87,378.23 4 0
subsnotifpro-go/internal/playstore/products/handler/handler.go:378.23,381.3 2 0
subsnotifpro-go/internal/playstore/products/handler/handler.go:382.2,382.21 1 0
subsnotifpro-go/internal/playstore/products/handler/handler.go:382.21,385.3 2 0
subsnotifpro-go/internal/playstore/products/handler/handler.go:386.2,386.22 1 0
subsnotifpro-go/internal/playstore/products/handler/handler.go:386.22,389.3 2 0
subsnotifpro-go/internal/playstore/products/handler/handler.go:392.2,393.16 2 0
subsnotifpro-go/internal/playstore/products/handler/handler.go:393.16,396.3 2 0
subsnotifpro-go/internal/playstore/products/handler/handler.go:399.2,399.57 1 0
subsnotifpro-go/internal/playstore/products/handler/handler.go:403.90,410.23 5 0
subsnotifpro-go/internal/playstore/products/handler/handler.go:410.23,413.3 2 0
subsnotifpro-go/internal/playstore/products/handler/handler.go:414.2,414.21 1 0
subsnotifpro-go/internal/playstore/products/handler/handler.go:414.21,417.3 2 0
subsnotifpro-go/internal/playstore/products/handler/handler.go:418.2,418.22 1 0
subsnotifpro-go/internal/playstore/products/handler/handler.go:418.22,421.3 2 0
subsnotifpro-go/internal/playstore/products/handler/handler.go:422.2,422.19 1 0
subsnotifpro-go/internal/playstore/products/handler/handler.go:422.19,425.3 2 0
subsnotifpro-go/internal/playstore/products/handler/handler.go:427.2,428.16 2 0
subsnotifpro-go/internal/playstore/products/handler/handler.go:428.16,431.3 2 0
subsnotifpro-go/internal/playstore/products/handler/handler.go:433.2,433.53 1 0
subsnotifpro-go/internal/playstore/products/handler/handler.go:437.76,444.23 5 0
subsnotifpro-go/internal/playstore/products/handler/handler.go:444.23,447.3 2 0
subsnotifpro-go/internal/playstore/products/handler/handler.go:448.2,448.21 1 0
subsnotifpro-go/internal/playstore/products/handler/handler.go:448.21,451.3 2 0
subsnotifpro-go/internal/playstore/products/handler/handler.go:452.2,452.22 1 0
subsnotifpro-go/internal/playstore/products/handler/handler.go:452.22,455.3 2 0
subsnotifpro-go/internal/playstore/products/handler/handler.go:456.2,456.19 1 0
subsnotifpro-go/internal/playstore/products/handler/handler.go:456.19,459.3 2 0
subsnotifpro-go/internal/playstore/products/handler/handler.go:461.2,462.16 2 0
subsnotifpro-go/internal/playstore/products/handler/handler.go:462.16,465.3 2 0
subsnotifpro-go/internal/playstore/products/handler/handler.go:467.2,467.48 1 0
subsnotifpro-go/internal/playstore/products/handler/handler.go:471.95,478.23 5 0
subsnotifpro-go/internal/playstore/products/handler/handler.go:478.23,481.3 2 0
subsnotifpro-go/internal/playstore/products/handler/handler.go:482.2,482.21 1 0
subsnotifpro-go/internal/playstore/products/handler/handler.go:482.21,485.3 2 0
subsnotifpro-go/internal/playstore/products/handler/handler.go:486.2,486.22 1 0
subsnotifpro-go/internal/playstore/products/handler/handler.go:486.22,489.3 2 0
subsnotifpro-go/internal/playstore/products/handler/handler.go:490.2,490.19 1 0
subsnotifpro-go/internal/playstore/products/handler/handler.go:490.19,493.3 2 0
subsnotifpro-go/internal/playstore/products/handler/handler.go:496.2,497.16 2 0
subsnotifpro-go/internal/playstore/products/handler/handler.go:497.16,500.3 2 0
subsnotifpro-go/internal/playstore/products/handler/handler.go:503.2,503.48 1 0
subsnotifpro-go/internal/playstore/products/handler/handler.go:507.82,517.23 7 0
subsnotifpro-go/internal/playstore/products/handler/handler.go:517.23,520.3 2 0
subsnotifpro-go/internal/playstore/products/handler/handler.go:521.2,521.21 1 0
subsnotifpro-go/internal/playstore/products/handler/handler.go:521.21,524.3 2 0
subsnotifpro-go/internal/playstore/products/handler/handler.go:525.2,525.22 1 0
subsnotifpro-go/internal/playstore/products/handler/handler.go:525.22,528.3 2 0
subsnotifpro-go/internal/playstore/products/handler/handler.go:529.2,529.19 1 0
subsnotifpro-go/internal/playstore/products/handler/handler.go:529.19,532.3 2 0
subsnotifpro-go/internal/playstore/products/handler/handler.go:533.2,533.24 1 0
subsnotifpro-go/internal/playstore/products/handler/handler.go:533.24,536.3 2 0
subsnotifpro-go/internal/playstore/products/handler/handler.go:538.2,538.24 1 0
subsnotifpro-go/internal/playstore/products/handler/handler.go:538.24,541.3 2 0
subsnotifpro-go/internal/playstore/products/handler/handler.go:544.2,550.16 5 0
subsnotifpro-go/internal/playstore/products/handler/handler.go:550.16,553.17 2 0
subsnotifpro-go/internal/playstore/products/handler/handler.go:553.17,556.4 2 0
subsnotifpro-go/internal/playstore/products/handler/handler.go:560.2,561.16 2 0
subsnotifpro-go/internal/playstore/products/handler/handler.go:561.16,564.17 2 0
subsnotifpro-go/internal/playstore/products/handler/handler.go:564.17,567.4 2 0
subsnotifpro-go/internal/playstore/products/handler/handler.go:571.2,572.16 2 0
subsnotifpro-go/internal/playstore/products/handler/handler.go:572.16,575.3 2 0
subsnotifpro-go/internal/playstore/products/handler/handler.go:578.2,578.72 1 0
subsnotifpro-go/internal/playstore/products/handler/handler.go:582.88,592.23 7 0
subsnotifpro-go/internal/playstore/products/handler/handler.go:592.23,595.3 2 0
subsnotifpro-go/internal/playstore/products/handler/handler.go:596.2,596.21 1 0
subsnotifpro-go/internal/playstore/products/handler/handler.go:596.21,599.3 2 0
subsnotifpro-go/internal/playstore/products/handler/handler.go:600.2,600.22 1 0
subsnotifpro-go/internal/playstore/products/handler/handler.go:600.22,603.3 2 0
subsnotifpro-go/internal/playstore/products/handler/handler.go:604.2,604.19 1 0
subsnotifpro-go/internal/playstore/products/handler/handler.go:604.19,607.3 2 0
subsnotifpro-go/internal/playstore/products/handler/handler.go:608.2,608.25 1 0
subsnotifpro-go/internal/playstore/products/handler/handler.go:608.25,611.3 2 0
subsnotifpro-go/internal/playstore/products/handler/handler.go:612.2,612.22 1 0
subsnotifpro-go/internal/playstore/products/handler/handler.go:612.22,615.3 2 0
subsnotifpro-go/internal/playstore/products/handler/handler.go:618.2,619.16 2 0
subsnotifpro-go/internal/playstore/products/handler/handler.go:619.16,622.3 2 0
subsnotifpro-go/internal/playstore/products/handler/handler.go:625.2,626.16 2 0
subsnotifpro-go/internal/playstore/products/handler/handler.go:626.16,629.3 2 0
subsnotifpro-go/internal/playstore/products/handler/handler.go:632.2,632.46 1 0
subsnotifpro-go/internal/playstore/dispatch/consumer.go:32.23,42.52 1 0
subsnotifpro-go/internal/playstore/dispatch/consumer.go:42.52,45.12 2 0
subsnotifpro-go/internal/playstore/dispatch/consumer.go:45.12,47.6 1 0
subsnotifpro-go/internal/playstore/dispatch/consumer.go:48.5,48.65 1 0
subsnotifpro-go/internal/playstore/dispatch/consumer.go:64.9,70.65 5 0
subsnotifpro-go/internal/playstore/dispatch/consumer.go:70.65,74.3 3 0
subsnotifpro-go/internal/playstore/dispatch/consumer.go:76.2,76.69 1 0
subsnotifpro-go/internal/playstore/dispatch/consumer.go:76.69,82.17 3 0
subsnotifpro-go/internal/playstore/dispatch/consumer.go:82.17,85.4 2 0
subsnotifpro-go/internal/playstore/dispatch/consumer.go:86.3,86.14 1 0
subsnotifpro-go/internal/playstore/dispatch/consumer.go:86.14,89.4 2 0
subsnotifpro-go/internal/playstore/dispatch/consumer.go:92.3,93.21 2 0
subsnotifpro-go/internal/playstore/dispatch/consumer.go:93.21,95.77 2 0
subsnotifpro-go/internal/playstore/dispatch/consumer.go:95.77,98.5 2 0
subsnotifpro-go/internal/playstore/dispatch/consumer.go:101.3,101.81 1 0
subsnotifpro-go/internal/playstore/dispatch/consumer.go:101.81,104.4 2 0
subsnotifpro-go/internal/playstore/dispatch/consumer.go:107.3,107.72 1 0
subsnotifpro-go/internal/playstore/dispatch/consumer.go:107.72,110.4 2 0
subsnotifpro-go/internal/playstore/dispatch/consumer.go:113.3,113.97 1 0
subsnotifpro-go/internal/playstore/dispatch/consumer.go:113.97,116.4 2 0
subsnotifpro-go/internal/playstore/dispatch/consumer.go:119.3,119.13 1 0
subsnotifpro-go/internal/playstore/dispatch/publisher.go:23.24,27.2 1 0
subsnotifpro-go/internal/playstore/dispatch/publisher.go:30.111,32.2 1 0
subsnotifpro-go/internal/playstore/products/service/service.go:53.30,59.2 1 0
subsnotifpro-go/internal/playstore/products/service/service.go:64.88,70.16 4 0
subsnotifpro-go/internal/playstore/products/service/service.go:70.16,73.3 2 0
subsnotifpro-go/internal/playstore/products/service/service.go:75.2,75.57 1 0
subsnotifpro-go/internal/playstore/products/service/service.go:75.57,78.3 2 0
subsnotifpro-go/internal/playstore/products/service/service.go:80.2,84.68 3 0
subsnotifpro-go/internal/playstore/products/service/service.go:84.68,87.3 2 0
subsnotifpro-go/internal/playstore/products/service/service.go:90.2,90.45 1 0
subsnotifpro-go/internal/playstore/products/service/service.go:90.45,93.80 2 0
subsnotifpro-go/internal/playstore/products/service/service.go:93.80,95.12 2 0
subsnotifpro-go/internal/playstore/products/service/service.go:99.3,99.42 1 0
subsnotifpro-go/internal/playstore/products/service/service.go:99.42,102.83 2 0
subsnotifpro-go/internal/playstore/products/service/service.go:102.83,104.13 2 0
subsnotifpro-go/internal/playstore/products/service/service.go:108.4,108.100 1 0
subsnotifpro-go/internal/playstore/products/service/service.go:108.100,110.5 1 0
subsnotifpro-go/internal/playstore/products/service/service.go:114.2,115.12 2 0
subsnotifpro-go/internal/playstore/products/service/service.go:121.110,126.102 3 0
subsnotifpro-go/internal/playstore/products/service/service.go:126.102,128.3 1 0
subsnotifpro-go/internal/playstore/products/service/service.go:131.2,133.16 3 0
subsnotifpro-go/internal/playstore/products/service/service.go:133.16,136.3 2 0
subsnotifpro-go/internal/playstore/products/service/service.go:139.2,139.22 1 0
subsnotifpro-go/internal/playstore/products/service/service.go:139.22,142.3 2 0
subsnotifpro-go/internal/playstore/products/service/service.go:144.2,148.31 3 0
subsnotifpro-go/internal/playstore/products/service/service.go:148.31,151.3 2 0
subsnotifpro-go/internal/playstore/products/service/service.go:154.2,154.76 1 0
subsnotifpro-go/internal/playstore/products/service/service.go:154.76,157.3 2 0
subsnotifpro-go/internal/playstore/products/service/service.go:159.2,160.12 2 0
subsnotifpro-go/internal/playstore/products/service/service.go:164.129,166.16 2 0
subsnotifpro-go/internal/playstore/products/service/service.go:166.16,168.3 1 0
subsnotifpro-go/internal/playstore/products/service/service.go:169.2,169.21 1 0
subsnotifpro-go/internal/playstore/products/service/service.go:173.114,175.16 2 0
subsnotifpro-go/internal/playstore/products/service/service.go:175.16,177.3 1 0
subsnotifpro-go/internal/playstore/products/service/service.go:178.2,178.22 1 0
subsnotifpro-go/internal/playstore/products/service/service.go:182.94,184.16 2 0
subsnotifpro-go/internal/playstore/products/service/service.go:184.16,186.3 1 0
subsnotifpro-go/internal/playstore/products/service/service.go:189.2,190.35 2 0
subsnotifpro-go/internal/playstore/products/service/service.go:190.35,195.3 1 0
subsnotifpro-go/internal/playstore/products/service/service.go:197.2,197.22 1 0
subsnotifpro-go/internal/playstore/products/service/service.go:201.133,203.2 1 0
subsnotifpro-go/internal/playstore/products/service/service.go:206.112,208.2 1 0
subsnotifpro-go/internal/playstore/products/service/service.go:213.17,215.2 1 0
subsnotifpro-go/internal/playstore/products/service/service.go:218.105,220.16 2 0
subsnotifpro-go/internal/playstore/products/service/service.go:220.16,222.3 1 0
subsnotifpro-go/internal/playstore/products/service/service.go:223.2,223.23 1 0
subsnotifpro-go/internal/playstore/products/service/service.go:229.26,232.16 2 0
subsnotifpro-go/internal/playstore/products/service/service.go:232.16,234.3 1 0
subsnotifpro-go/internal/playstore/products/service/service.go:236.2,236.19 1 0
subsnotifpro-go/internal/playstore/products/service/service.go:242.26,245.16 2 0
subsnotifpro-go/internal/playstore/products/service/service.go:245.16,247.3 1 0
subsnotifpro-go/internal/playstore/products/service/service.go:250.2,250.18 1 0
subsnotifpro-go/internal/playstore/products/service/service.go:250.18,252.3 1 0
subsnotifpro-go/internal/playstore/products/service/service.go:254.2,254.19 1 0
subsnotifpro-go/internal/playstore/products/service/service.go:258.146,261.16 2 0
subsnotifpro-go/internal/playstore/products/service/service.go:261.16,263.3 1 0
subsnotifpro-go/internal/playstore/products/service/service.go:266.2,266.28 1 0
subsnotifpro-go/internal/playstore/products/service/service.go:266.28,268.3 1 0
subsnotifpro-go/internal/playstore/products/service/service.go:270.2,270.19 1 0
subsnotifpro-go/internal/playstore/products/service/service.go:274.130,276.16 2 0
subsnotifpro-go/internal/playstore/products/service/service.go:276.16,278.3 1 0
subsnotifpro-go/internal/playstore/products/service/service.go:279.2,279.22 1 0
subsnotifpro-go/internal/playstore/products/service/service.go:283.125,285.16 2 0
subsnotifpro-go/internal/playstore/products/service/service.go:285.16,287.3 1 0
subsnotifpro-go/internal/playstore/products/service/service.go:288.2,288.24 1 0
subsnotifpro-go/internal/playstore/products/service/service.go:292.146,294.16 2 0
subsnotifpro-go/internal/playstore/products/service/service.go:294.16,296.3 1 0
subsnotifpro-go/internal/playstore/products/service/service.go:297.2,297.20 1 0
subsnotifpro-go/internal/playstore/products/service/service.go:301.123,303.16 2 0
subsnotifpro-go/internal/playstore/products/service/service.go:303.16,305.3 1 0
subsnotifpro-go/internal/playstore/products/service/service.go:306.2,306.20 1 0
subsnotifpro-go/internal/playstore/products/service/service.go:312.17,315.16 2 0
subsnotifpro-go/internal/playstore/products/service/service.go:315.16,317.3 1 0
subsnotifpro-go/internal/playstore/products/service/service.go:320.2,320.22 1 0
subsnotifpro-go/internal/playstore/products/service/service.go:320.22,322.3 1 0
subsnotifpro-go/internal/playstore/products/service/service.go:325.2,327.31 2 0
subsnotifpro-go/internal/playstore/products/service/service.go:327.31,329.32 1 0
subsnotifpro-go/internal/playstore/products/service/service.go:329.32,331.4 1 0
subsnotifpro-go/internal/playstore/products/service/service.go:334.3,334.33 1 0
subsnotifpro-go/internal/playstore/products/service/service.go:334.33,335.12 1 0
subsnotifpro-go/internal/playstore/products/service/service.go:339.3,340.22 2 0
subsnotifpro-go/internal/playstore/products/service/service.go:340.22,342.4 1 0
subsnotifpro-go/internal/playstore/products/service/service.go:345.3,351.72 3 0
subsnotifpro-go/internal/playstore/products/service/service.go:351.72,353.4 1 0
subsnotifpro-go/internal/playstore/products/service/service.go:356.3,356.32 1 0
subsnotifpro-go/internal/playstore/products/service/service.go:360.2,360.17 1 0
subsnotifpro-go/internal/playstore/products/service/service.go:366.26,370.16 2 0
subsnotifpro-go/internal/playstore/products/service/service.go:370.16,372.3 1 0
subsnotifpro-go/internal/playstore/products/service/service.go:375.2,375.27 1 0
subsnotifpro-go/internal/playstore/products/service/service.go:375.27,377.3 1 0
subsnotifpro-go/internal/playstore/products/service/service.go:380.2,380.35 1 0
subsnotifpro-go/internal/playstore/products/service/service.go:380.35,382.3 1 0
subsnotifpro-go/internal/playstore/products/service/service.go:385.2,385.90 1 0
subsnotifpro-go/internal/playstore/products/service/service.go:385.90,387.3 1 0
subsnotifpro-go/internal/playstore/products/service/service.go:390.2,391.16 2 0
subsnotifpro-go/internal/playstore/products/service/service.go:391.16,393.3 1 0
subsnotifpro-go/internal/playstore/products/service/service.go:394.2,394.26 1 0
subsnotifpro-go/internal/playstore/products/service/service.go:394.26,396.3 1 0
subsnotifpro-go/internal/playstore/products/service/service.go:399.2,402.46 2 0
subsnotifpro-go/internal/playstore/products/service/service.go:402.46,406.53 2 0
subsnotifpro-go/internal/playstore/products/service/service.go:406.53,408.4 1 0
subsnotifpro-go/internal/playstore/products/service/service.go:411.3,422.63 4 0
subsnotifpro-go/internal/playstore/products/service/service.go:426.2,426.46 1 0
subsnotifpro-go/internal/playstore/products/service/service.go:426.46,428.3 1 0
subsnotifpro-go/internal/playstore/products/service/service.go:431.2,431.26 1 0
subsnotifpro-go/internal/playstore/products/service/service.go:431.26,434.3 2 0
subsnotifpro-go/internal/playstore/products/service/service.go:437.2,437.25 1 0
subsnotifpro-go/internal/playstore/rtdn/dto/one_time_product_notification.go:11.57,12.11 1 0
subsnotifpro-go/internal/playstore/rtdn/dto/one_time_product_notification.go:13.31,14.38 1 0
subsnotifpro-go/internal/playstore/rtdn/dto/one_time_product_notification.go:15.30,16.37 1 0
subsnotifpro-go/internal/playstore/rtdn/dto/one_time_product_notification.go:17.10,18.19 1 0
subsnotifpro-go/internal/playstore/rtdn/dto/rtdn_events.go:41.41,42.22 1 0
subsnotifpro-go/internal/playstore/rtdn/dto/rtdn_events.go:42.22,46.17 2 0
subsnotifpro-go/internal/playstore/rtdn/dto/rtdn_events.go:46.17,49.4 2 0
subsnotifpro-go/internal/playstore/rtdn/dto/rtdn_events.go:50.3,50.16 1 0
subsnotifpro-go/internal/playstore/rtdn/dto/rtdn_events.go:52.2,52.27 1 0
subsnotifpro-go/internal/playstore/rtdn/dto/rtdn_events.go:52.27,54.3 1 0
subsnotifpro-go/internal/playstore/rtdn/dto/rtdn_events.go:58.63,59.9 1 0
subsnotifpro-go/internal/playstore/rtdn/dto/rtdn_events.go:60.29,61.24 1 0
subsnotifpro-go/internal/playstore/rtdn/dto/rtdn_events.go:62.31,63.28 1 0
subsnotifpro-go/internal/playstore/rtdn/dto/rtdn_events.go:64.31,65.27 1 0
subsnotifpro-go/internal/playstore/rtdn/dto/rtdn_events.go:66.21,67.16 1 0
subsnotifpro-go/internal/playstore/rtdn/dto/rtdn_events.go:68.10,69.19 1 0
subsnotifpro-go/internal/playstore/rtdn/dto/subscription_notification.go:22.55,23.11 1 0
subsnotifpro-go/internal/playstore/rtdn/dto/subscription_notification.go:24.29,25.34 1 0
subsnotifpro-go/internal/playstore/rtdn/dto/subscription_notification.go:26.27,27.32 1 0
subsnotifpro-go/internal/playstore/rtdn/dto/subscription_notification.go:28.28,29.33 1 0
subsnotifpro-go/internal/playstore/rtdn/dto/subscription_notification.go:30.29,31.34 1 0
subsnotifpro-go/internal/playstore/rtdn/dto/subscription_notification.go:32.26,33.32 1 0
subsnotifpro-go/internal/playstore/rtdn/dto/subscription_notification.go:34.33,35.40 1 0
subsnotifpro-go/internal/playstore/rtdn/dto/subscription_notification.go:36.29,37.34 1 0
subsnotifpro-go/internal/playstore/rtdn/dto/subscription_notification.go:38.40,39.47 1 0
subsnotifpro-go/internal/playstore/rtdn/dto/subscription_notification.go:40.28,41.33 1 0
subsnotifpro-go/internal/playstore/rtdn/dto/subscription_notification.go:42.26,43.31 1 0
subsnotifpro-go/internal/playstore/rtdn/dto/subscription_notification.go:44.40,45.47 1 0
subsnotifpro-go/internal/playstore/rtdn/dto/subscription_notification.go:46.27,47.32 1 0
subsnotifpro-go/internal/playstore/rtdn/dto/subscription_notification.go:48.27,49.32 1 0
subsnotifpro-go/internal/playstore/rtdn/dto/subscription_notification.go:50.43,51.50 1 0
subsnotifpro-go/internal/playstore/rtdn/dto/subscription_notification.go:52.10,53.19 1 0
subsnotifpro-go/internal/playstore/rtdn/dto/voided_purchases_notification.go:11.52,12.11 1 0
subsnotifpro-go/internal/playstore/rtdn/dto/voided_purchases_notification.go:13.31,14.37 1 0
subsnotifpro-go/internal/playstore/rtdn/dto/voided_purchases_notification.go:15.26,16.33 1 0
subsnotifpro-go/internal/playstore/rtdn/dto/voided_purchases_notification.go:17.10,18.19 1 0
subsnotifpro-go/internal/playstore/rtdn/dto/voided_purchases_notification.go:30.51,31.11 1 0
subsnotifpro-go/internal/playstore/rtdn/dto/voided_purchases_notification.go:32.22,33.23 1 0
subsnotifpro-go/internal/playstore/rtdn/dto/voided_purchases_notification.go:34.25,35.26 1 0
subsnotifpro-go/internal/playstore/rtdn/dto/voided_purchases_notification.go:36.10,37.31 1 0
subsnotifpro-go/internal/playstore/products/utils/utils.go:12.39,14.2 1 0
subsnotifpro-go/internal/playstore/products/utils/utils.go:17.91,23.20 3 0
subsnotifpro-go/internal/playstore/products/utils/utils.go:23.20,25.3 1 0
subsnotifpro-go/internal/playstore/products/utils/utils.go:28.2,39.22 7 0
subsnotifpro-go/internal/playstore/products/utils/utils.go:43.39,44.17 1 0
subsnotifpro-go/internal/playstore/products/utils/utils.go:44.17,46.3 1 0
subsnotifpro-go/internal/playstore/products/utils/utils.go:47.2,47.14 1 0
subsnotifpro-go/internal/playstore/products/utils/utils.go:51.52,56.22 3 0
subsnotifpro-go/internal/playstore/products/utils/utils.go:56.22,59.3 2 0
subsnotifpro-go/internal/playstore/products/utils/utils.go:62.2,64.15 2 0
subsnotifpro-go/internal/auth/handlers.go:22.92,28.2 1 0
subsnotifpro-go/internal/auth/handlers.go:31.48,33.47 2 0
subsnotifpro-go/internal/auth/handlers.go:33.47,40.3 2 0
subsnotifpro-go/internal/auth/handlers.go:43.2,43.48 1 0
subsnotifpro-go/internal/auth/handlers.go:43.48,50.3 2 0
subsnotifpro-go/internal/auth/handlers.go:53.2,54.16 2 0
subsnotifpro-go/internal/auth/handlers.go:54.16,60.3 2 0
subsnotifpro-go/internal/auth/handlers.go:62.2,62.12 1 0
subsnotifpro-go/internal/auth/handlers.go:62.12,68.3 2 0
subsnotifpro-go/internal/auth/handlers.go:71.2,72.16 2 0
subsnotifpro-go/internal/auth/handlers.go:72.16,78.3 2 0
subsnotifpro-go/internal/auth/handlers.go:81.2,88.58 2 0
subsnotifpro-go/internal/auth/handlers.go:88.58,94.3 2 0
subsnotifpro-go/internal/auth/handlers.go:97.2,98.16 2 0
subsnotifpro-go/internal/auth/handlers.go:98.16,104.3 2 0
subsnotifpro-go/internal/auth/handlers.go:107.2,113.4 2 0
subsnotifpro-go/internal/auth/handlers.go:117.45,119.47 2 0
subsnotifpro-go/internal/auth/handlers.go:119.47,126.3 2 0
subsnotifpro-go/internal/auth/handlers.go:129.2,129.48 1 0
subsnotifpro-go/internal/auth/handlers.go:129.48,136.3 2 0
subsnotifpro-go/internal/auth/handlers.go:139.2,140.16 2 0
subsnotifpro-go/internal/auth/handlers.go:140.16,146.3 2 0
subsnotifpro-go/internal/auth/handlers.go:149.2,149.67 1 0
subsnotifpro-go/internal/auth/handlers.go:149.67,155.3 2 0
subsnotifpro-go/internal/auth/handlers.go:158.2,159.16 2 0
subsnotifpro-go/internal/auth/handlers.go:159.16,165.3 2 0
subsnotifpro-go/internal/auth/handlers.go:168.2,174.4 2 0
subsnotifpro-go/internal/auth/handlers.go:178.52,180.22 2 0
subsnotifpro-go/internal/auth/handlers.go:180.22,186.3 2 0
subsnotifpro-go/internal/auth/handlers.go:189.2,190.45 2 0
subsnotifpro-go/internal/auth/handlers.go:190.45,196.3 2 0
subsnotifpro-go/internal/auth/handlers.go:198.2,202.16 3 0
subsnotifpro-go/internal/auth/handlers.go:202.16,209.3 2 0
subsnotifpro-go/internal/auth/handlers.go:211.2,214.4 1 0
subsnotifpro-go/internal/auth/handlers.go:218.50,220.13 2 0
subsnotifpro-go/internal/auth/handlers.go:220.13,226.3 2 0
subsnotifpro-go/internal/auth/handlers.go:228.2,229.16 2 0
subsnotifpro-go/internal/auth/handlers.go:229.16,235.3 2 0
subsnotifpro-go/internal/auth/handlers.go:238.2,242.4 2 0
subsnotifpro-go/internal/auth/handlers.go:246.53,248.13 2 0
subsnotifpro-go/internal/auth/handlers.go:248.13,254.3 2 0
subsnotifpro-go/internal/auth/handlers.go:256.2,261.47 2 0
subsnotifpro-go/internal/auth/handlers.go:261.47,268.3 2 0
subsnotifpro-go/internal/auth/handlers.go:271.2,271.48 1 0
subsnotifpro-go/internal/auth/handlers.go:271.48,278.3 2 0
subsnotifpro-go/internal/auth/handlers.go:280.2,281.16 2 0
subsnotifpro-go/internal/auth/handlers.go:281.16,287.3 2 0
subsnotifpro-go/internal/auth/handlers.go:290.2,290.24 1 0
subsnotifpro-go/internal/auth/handlers.go:290.24,292.3 1 0
subsnotifpro-go/internal/auth/handlers.go:293.2,293.21 1 0
subsnotifpro-go/internal/auth/handlers.go:293.21,295.3 1 0
subsnotifpro-go/internal/auth/handlers.go:297.2,297.58 1 0
subsnotifpro-go/internal/auth/handlers.go:297.58,303.3 2 0
subsnotifpro-go/internal/auth/handlers.go:306.2,310.4 2 0
subsnotifpro-go/internal/auth/handlers.go:314.49,320.16 4 0
subsnotifpro-go/internal/auth/handlers.go:320.16,322.3 1 0
subsnotifpro-go/internal/auth/handlers.go:324.2,325.16 2 0
subsnotifpro-go/internal/auth/handlers.go:325.16,327.3 1 0
subsnotifpro-go/internal/auth/handlers.go:329.2,330.16 2 0
subsnotifpro-go/internal/auth/handlers.go:330.16,336.3 2 0
subsnotifpro-go/internal/auth/handlers.go:338.2,339.16 2 0
subsnotifpro-go/internal/auth/handlers.go:339.16,345.3 2 0
subsnotifpro-go/internal/auth/handlers.go:348.2,348.23 1 0
subsnotifpro-go/internal/auth/handlers.go:348.23,350.3 1 0
subsnotifpro-go/internal/auth/handlers.go:352.2,357.4 1 0
subsnotifpro-go/internal/auth/handlers.go:361.55,368.47 3 0
subsnotifpro-go/internal/auth/handlers.go:368.47,375.3 2 0
subsnotifpro-go/internal/auth/handlers.go:378.2,378.48 1 0
subsnotifpro-go/internal/auth/handlers.go:378.48,385.3 2 0
subsnotifpro-go/internal/auth/handlers.go:387.2,387.76 1 0
subsnotifpro-go/internal/auth/handlers.go:387.76,393.3 2 0
subsnotifpro-go/internal/auth/handlers.go:395.2,397.4 1 0
subsnotifpro-go/internal/auth/handlers.go:401.50,404.60 2 0
subsnotifpro-go/internal/auth/handlers.go:404.60,410.3 2 0
subsnotifpro-go/internal/auth/handlers.go:412.2,414.4 1 0
subsnotifpro-go/internal/auth/jwt.go:20.81,25.2 1 1
subsnotifpro-go/internal/auth/jwt.go:68.69,70.16 2 1
subsnotifpro-go/internal/auth/jwt.go:70.16,72.3 1 0
subsnotifpro-go/internal/auth/jwt.go:73.2,73.27 1 1
subsnotifpro-go/internal/auth/jwt.go:77.65,80.2 2 1
subsnotifpro-go/internal/auth/jwt.go:83.64,101.16 5 1
subsnotifpro-go/internal/auth/jwt.go:101.16,103.3 1 0
subsnotifpro-go/internal/auth/jwt.go:105.2,105.25 1 1
subsnotifpro-go/internal/auth/jwt.go:109.78,110.108 1 1
subsnotifpro-go/internal/auth/jwt.go:110.108,111.58 1 1
subsnotifpro-go/internal/auth/jwt.go:111.58,113.4 1 0
subsnotifpro-go/internal/auth/jwt.go:114.3,114.26 1 1
subsnotifpro-go/internal/auth/jwt.go:117.2,117.16 1 1
subsnotifpro-go/internal/auth/jwt.go:117.16,119.3 1 1
subsnotifpro-go/internal/auth/jwt.go:121.2,121.65 1 1
subsnotifpro-go/internal/auth/jwt.go:121.65,123.46 1 1
subsnotifpro-go/internal/auth/jwt.go:123.46,125.4 1 0
subsnotifpro-go/internal/auth/jwt.go:126.3,126.21 1 1
subsnotifpro-go/internal/auth/jwt.go:129.2,129.41 1 0
subsnotifpro-go/internal/auth/jwt.go:133.72,135.16 2 0
subsnotifpro-go/internal/auth/jwt.go:135.16,137.3 1 0
subsnotifpro-go/internal/auth/jwt.go:140.2,147.30 2 0
subsnotifpro-go/internal/auth/jwt.go:151.69,152.40 1 1
subsnotifpro-go/internal/auth/jwt.go:152.40,153.23 1 1
subsnotifpro-go/internal/auth/jwt.go:153.23,155.4 1 1
subsnotifpro-go/internal/auth/jwt.go:157.2,157.14 1 1
subsnotifpro-go/internal/auth/jwt.go:161.75,162.29 1 1
subsnotifpro-go/internal/auth/jwt.go:162.29,163.30 1 1
subsnotifpro-go/internal/auth/jwt.go:163.30,165.4 1 1
subsnotifpro-go/internal/auth/jwt.go:167.2,167.14 1 1
subsnotifpro-go/internal/auth/jwt.go:179.33,181.2 1 1
subsnotifpro-go/internal/auth/middleware.go:25.66,29.2 1 0
subsnotifpro-go/internal/auth/middleware.go:32.56,33.30 1 0
subsnotifpro-go/internal/auth/middleware.go:33.30,35.18 2 0
subsnotifpro-go/internal/auth/middleware.go:35.18,42.4 3 0
subsnotifpro-go/internal/auth/middleware.go:44.3,45.17 2 0
subsnotifpro-go/internal/auth/middleware.go:45.17,53.4 3 0
subsnotifpro-go/internal/auth/middleware.go:56.3,57.11 2 0
subsnotifpro-go/internal/auth/middleware.go:62.67,63.30 1 0
subsnotifpro-go/internal/auth/middleware.go:63.30,65.14 2 0
subsnotifpro-go/internal/auth/middleware.go:65.14,72.4 3 0
subsnotifpro-go/internal/auth/middleware.go:74.3,75.10 2 0
subsnotifpro-go/internal/auth/middleware.go:75.10,82.4 3 0
subsnotifpro-go/internal/auth/middleware.go:84.3,84.47 1 0
subsnotifpro-go/internal/auth/middleware.go:84.47,92.4 3 0
subsnotifpro-go/internal/auth/middleware.go:94.3,94.11 1 0
subsnotifpro-go/internal/auth/middleware.go:99.73,100.30 1 0
subsnotifpro-go/internal/auth/middleware.go:100.30,102.14 2 0
subsnotifpro-go/internal/auth/middleware.go:102.14,109.4 3 0
subsnotifpro-go/internal/auth/middleware.go:111.3,112.10 2 0
subsnotifpro-go/internal/auth/middleware.go:112.10,119.4 3 0
subsnotifpro-go/internal/auth/middleware.go:121.3,121.51 1 0
subsnotifpro-go/internal/auth/middleware.go:121.51,129.4 3 0
subsnotifpro-go/internal/auth/middleware.go:131.3,131.11 1 0
subsnotifpro-go/internal/auth/middleware.go:136.57,137.30 1 0
subsnotifpro-go/internal/auth/middleware.go:137.30,139.18 2 0
subsnotifpro-go/internal/auth/middleware.go:139.18,142.4 2 0
subsnotifpro-go/internal/auth/middleware.go:144.3,145.17 2 0
subsnotifpro-go/internal/auth/middleware.go:145.17,149.4 2 0
subsnotifpro-go/internal/auth/middleware.go:152.3,153.11 2 0
subsnotifpro-go/internal/auth/middleware.go:158.75,159.22 1 0
subsnotifpro-go/internal/auth/middleware.go:159.22,161.3 1 0
subsnotifpro-go/internal/auth/middleware.go:164.2,165.45 2 0
subsnotifpro-go/internal/auth/middleware.go:165.45,167.3 1 0
subsnotifpro-go/internal/auth/middleware.go:169.2,169.17 1 0
subsnotifpro-go/internal/auth/middleware.go:173.56,175.13 2 0
subsnotifpro-go/internal/auth/middleware.go:175.13,177.3 1 0
subsnotifpro-go/internal/auth/middleware.go:179.2,180.9 2 0
subsnotifpro-go/internal/auth/middleware.go:180.9,182.3 1 0
subsnotifpro-go/internal/auth/middleware.go:184.2,184.25 1 0
subsnotifpro-go/internal/auth/middleware.go:188.72,190.9 2 0
subsnotifpro-go/internal/auth/middleware.go:190.9,192.3 1 0
subsnotifpro-go/internal/auth/middleware.go:193.2,193.21 1 0
subsnotifpro-go/internal/auth/middleware.go:197.78,199.2 1 0
subsnotifpro-go/internal/auth/middleware.go:202.43,205.2 2 0
subsnotifpro-go/internal/auth/middleware.go:208.48,210.13 2 0
subsnotifpro-go/internal/auth/middleware.go:210.13,212.3 1 0
subsnotifpro-go/internal/auth/middleware.go:214.2,214.40 1 0
subsnotifpro-go/internal/auth/middleware.go:214.40,215.23 1 0
subsnotifpro-go/internal/auth/middleware.go:215.23,217.4 1 0
subsnotifpro-go/internal/auth/middleware.go:219.2,219.14 1 0
subsnotifpro-go/internal/auth/middleware.go:223.54,225.13 2 0
subsnotifpro-go/internal/auth/middleware.go:225.13,227.3 1 0
subsnotifpro-go/internal/auth/middleware.go:229.2,229.29 1 0
subsnotifpro-go/internal/auth/middleware.go:229.29,230.41 1 0
subsnotifpro-go/internal/auth/middleware.go:230.41,231.24 1 0
subsnotifpro-go/internal/auth/middleware.go:231.24,233.5 1 0
subsnotifpro-go/internal/auth/middleware.go:236.2,236.14 1 0
subsnotifpro-go/internal/auth/middleware.go:240.65,242.13 2 0
subsnotifpro-go/internal/auth/middleware.go:242.13,244.3 1 0
subsnotifpro-go/internal/auth/middleware.go:246.2,246.65 1 0
subsnotifpro-go/internal/auth/repository.go:18.53,22.2 1 0
subsnotifpro-go/internal/auth/repository.go:25.55,26.19 1 0
subsnotifpro-go/internal/auth/repository.go:26.19,28.3 1 0
subsnotifpro-go/internal/auth/repository.go:30.2,30.26 1 0
subsnotifpro-go/internal/auth/repository.go:30.26,32.3 1 0
subsnotifpro-go/internal/auth/repository.go:34.2,37.48 3 0
subsnotifpro-go/internal/auth/repository.go:37.48,39.3 1 0
subsnotifpro-go/internal/auth/repository.go:41.2,41.12 1 0
subsnotifpro-go/internal/auth/repository.go:45.64,47.68 2 0
subsnotifpro-go/internal/auth/repository.go:47.68,48.36 1 0
subsnotifpro-go/internal/auth/repository.go:48.36,50.4 1 0
subsnotifpro-go/internal/auth/repository.go:51.3,51.62 1 0
subsnotifpro-go/internal/auth/repository.go:54.2,54.19 1 0
subsnotifpro-go/internal/auth/repository.go:58.70,60.74 2 0
subsnotifpro-go/internal/auth/repository.go:60.74,61.36 1 0
subsnotifpro-go/internal/auth/repository.go:61.36,63.4 1 0
subsnotifpro-go/internal/auth/repository.go:64.3,64.65 1 0
subsnotifpro-go/internal/auth/repository.go:67.2,67.19 1 0
subsnotifpro-go/internal/auth/repository.go:71.76,73.80 2 0
subsnotifpro-go/internal/auth/repository.go:73.80,74.36 1 0
subsnotifpro-go/internal/auth/repository.go:74.36,76.4 1 0
subsnotifpro-go/internal/auth/repository.go:77.3,77.68 1 0
subsnotifpro-go/internal/auth/repository.go:80.2,80.19 1 0
subsnotifpro-go/internal/auth/repository.go:84.55,87.46 2 0
subsnotifpro-go/internal/auth/repository.go:87.46,89.3 1 0
subsnotifpro-go/internal/auth/repository.go:91.2,91.12 1 0
subsnotifpro-go/internal/auth/repository.go:95.54,97.25 2 0
subsnotifpro-go/internal/auth/repository.go:97.25,99.3 1 0
subsnotifpro-go/internal/auth/repository.go:101.2,101.30 1 0
subsnotifpro-go/internal/auth/repository.go:101.30,103.3 1 0
subsnotifpro-go/internal/auth/repository.go:105.2,105.12 1 0
subsnotifpro-go/internal/auth/repository.go:109.75,111.116 2 0
subsnotifpro-go/internal/auth/repository.go:111.116,113.3 1 0
subsnotifpro-go/internal/auth/repository.go:115.2,115.23 1 0
subsnotifpro-go/internal/auth/repository.go:119.71,121.76 2 0
subsnotifpro-go/internal/auth/repository.go:121.76,123.3 1 0
subsnotifpro-go/internal/auth/repository.go:125.2,125.19 1 0
subsnotifpro-go/internal/auth/repository.go:129.54,131.64 2 0
subsnotifpro-go/internal/auth/repository.go:131.64,133.3 1 0
subsnotifpro-go/internal/auth/repository.go:135.2,135.19 1 0
subsnotifpro-go/internal/auth/repository.go:139.79,141.16 2 0
subsnotifpro-go/internal/auth/repository.go:141.16,143.3 1 0
subsnotifpro-go/internal/auth/repository.go:145.2,148.46 3 0
subsnotifpro-go/internal/auth/repository.go:148.46,150.3 1 0
subsnotifpro-go/internal/auth/repository.go:152.2,152.12 1 0
subsnotifpro-go/internal/auth/repository.go:156.70,158.99 2 0
subsnotifpro-go/internal/auth/repository.go:158.99,160.3 1 0
subsnotifpro-go/internal/auth/repository.go:162.2,162.19 1 0
subsnotifpro-go/internal/auth/repository.go:166.115,168.16 2 0
subsnotifpro-go/internal/auth/repository.go:168.16,170.3 1 0
subsnotifpro-go/internal/auth/repository.go:172.2,172.15 1 0
subsnotifpro-go/internal/auth/repository.go:172.15,174.3 1 0
subsnotifpro-go/internal/auth/repository.go:176.2,177.16 2 0
subsnotifpro-go/internal/auth/repository.go:177.16,179.3 1 0
subsnotifpro-go/internal/auth/repository.go:181.2,191.48 2 0
subsnotifpro-go/internal/auth/repository.go:191.48,193.3 1 0
subsnotifpro-go/internal/auth/repository.go:195.2,195.12 1 0
subsnotifpro-go/internal/auth/repository.go:199.51,200.50 1 0
subsnotifpro-go/internal/auth/repository.go:200.50,202.3 1 0
subsnotifpro-go/internal/auth/repository.go:204.2,204.12 1 0
subsnotifpro-go/internal/playstore/settings/mocks/mock_repository.go:17.123,20.2 2 0
subsnotifpro-go/internal/playstore/settings/mocks/mock_repository.go:23.129,27.2 3 0
subsnotifpro-go/internal/playstore/settings/mocks/mock_repository.go:30.121,33.2 2 0
subsnotifpro-go/internal/playstore/settings/mocks/mock_repository.go:36.99,39.2 2 0
subsnotifpro-go/internal/playstore/settings/mocks/mock_repository.go:42.108,45.2 2 0
subsnotifpro-go/internal/playstore/settings/mocks/mock_repository.go:48.97,51.2 2 0
subsnotifpro-go/internal/playstore/settings/mocks/mock_repository.go:54.111,58.2 3 0
subsnotifpro-go/internal/playstore/settings/mocks/mock_repository.go:61.119,64.2 2 0
subsnotifpro-go/internal/playstore/settings/mocks/mock_repository.go:67.88,70.2 2 0
subsnotifpro-go/internal/playstore/rtdn/models/one_time_product_notification.go:11.57,12.11 1 0
subsnotifpro-go/internal/playstore/rtdn/models/one_time_product_notification.go:13.31,14.38 1 0
subsnotifpro-go/internal/playstore/rtdn/models/one_time_product_notification.go:15.30,16.37 1 0
subsnotifpro-go/internal/playstore/rtdn/models/one_time_product_notification.go:17.10,18.19 1 0
subsnotifpro-go/internal/playstore/rtdn/models/rtdn_events.go:53.81,55.16 2 0
subsnotifpro-go/internal/playstore/rtdn/models/rtdn_events.go:55.16,57.3 1 0
subsnotifpro-go/internal/playstore/rtdn/models/rtdn_events.go:59.2,68.29 8 0
subsnotifpro-go/internal/playstore/rtdn/models/rtdn_events.go:68.29,75.3 1 0
subsnotifpro-go/internal/playstore/rtdn/models/rtdn_events.go:77.2,77.31 1 0
subsnotifpro-go/internal/playstore/rtdn/models/rtdn_events.go:77.31,84.3 1 0
subsnotifpro-go/internal/playstore/rtdn/models/rtdn_events.go:86.2,86.31 1 0
subsnotifpro-go/internal/playstore/rtdn/models/rtdn_events.go:86.31,93.3 1 0
subsnotifpro-go/internal/playstore/rtdn/models/rtdn_events.go:95.2,95.21 1 0
subsnotifpro-go/internal/playstore/rtdn/models/rtdn_events.go:95.21,99.3 1 0
subsnotifpro-go/internal/playstore/rtdn/models/rtdn_events.go:101.2,101.12 1 0
subsnotifpro-go/internal/playstore/rtdn/models/rtdn_events.go:105.79,107.67 2 0
subsnotifpro-go/internal/playstore/rtdn/models/rtdn_events.go:107.67,109.3 1 0
subsnotifpro-go/internal/playstore/rtdn/models/rtdn_events.go:110.2,110.18 1 0
subsnotifpro-go/internal/playstore/rtdn/models/rtdn_events.go:115.53,120.2 4 0
subsnotifpro-go/internal/playstore/rtdn/models/rtdn_events.go:122.52,127.2 4 0
subsnotifpro-go/internal/playstore/rtdn/models/rtdn_events.go:129.58,136.2 6 0
subsnotifpro-go/internal/playstore/rtdn/models/rtdn_events.go:138.49,142.2 3 0
subsnotifpro-go/internal/playstore/rtdn/models/rtdn_events.go:144.53,148.2 3 0
subsnotifpro-go/internal/playstore/rtdn/models/rtdn_events.go:152.57,154.2 1 0
subsnotifpro-go/internal/playstore/rtdn/models/rtdn_events.go:156.50,158.2 1 0
subsnotifpro-go/internal/playstore/rtdn/models/rtdn_events.go:160.72,162.2 1 0
subsnotifpro-go/internal/playstore/rtdn/models/rtdn_events.go:166.66,167.22 1 0
subsnotifpro-go/internal/playstore/rtdn/models/rtdn_events.go:167.22,169.3 1 0
subsnotifpro-go/internal/playstore/rtdn/models/rtdn_events.go:170.2,170.27 1 0
subsnotifpro-go/internal/playstore/rtdn/models/rtdn_events.go:170.27,172.3 1 0
subsnotifpro-go/internal/playstore/rtdn/models/rtdn_events.go:173.2,173.20 1 0
subsnotifpro-go/internal/playstore/rtdn/models/rtdn_events.go:173.20,175.3 1 0
subsnotifpro-go/internal/playstore/rtdn/models/rtdn_events.go:176.2,176.12 1 0
subsnotifpro-go/internal/playstore/rtdn/models/rtdn_events.go:179.66,180.93 1 0
subsnotifpro-go/internal/playstore/rtdn/models/rtdn_events.go:180.93,183.3 2 0
subsnotifpro-go/internal/playstore/rtdn/models/rtdn_events.go:184.2,184.12 1 0
subsnotifpro-go/internal/playstore/rtdn/models/subscription_notification.go:22.55,23.11 1 0
subsnotifpro-go/internal/playstore/rtdn/models/subscription_notification.go:24.29,25.34 1 0
subsnotifpro-go/internal/playstore/rtdn/models/subscription_notification.go:26.27,27.32 1 0
subsnotifpro-go/internal/playstore/rtdn/models/subscription_notification.go:28.28,29.33 1 0
subsnotifpro-go/internal/playstore/rtdn/models/subscription_notification.go:30.29,31.34 1 0
subsnotifpro-go/internal/playstore/rtdn/models/subscription_notification.go:32.26,33.32 1 0
subsnotifpro-go/internal/playstore/rtdn/models/subscription_notification.go:34.33,35.40 1 0
subsnotifpro-go/internal/playstore/rtdn/models/subscription_notification.go:36.29,37.34 1 0
subsnotifpro-go/internal/playstore/rtdn/models/subscription_notification.go:38.40,39.47 1 0
subsnotifpro-go/internal/playstore/rtdn/models/subscription_notification.go:40.28,41.33 1 0
subsnotifpro-go/internal/playstore/rtdn/models/subscription_notification.go:42.26,43.31 1 0
subsnotifpro-go/internal/playstore/rtdn/models/subscription_notification.go:44.40,45.47 1 0
subsnotifpro-go/internal/playstore/rtdn/models/subscription_notification.go:46.27,47.32 1 0
subsnotifpro-go/internal/playstore/rtdn/models/subscription_notification.go:48.27,49.32 1 0
subsnotifpro-go/internal/playstore/rtdn/models/subscription_notification.go:50.43,51.50 1 0
subsnotifpro-go/internal/playstore/rtdn/models/subscription_notification.go:52.10,53.19 1 0
subsnotifpro-go/internal/playstore/rtdn/models/voided_purchases_notification.go:11.52,12.11 1 0
subsnotifpro-go/internal/playstore/rtdn/models/voided_purchases_notification.go:13.31,14.37 1 0
subsnotifpro-go/internal/playstore/rtdn/models/voided_purchases_notification.go:15.26,16.33 1 0
subsnotifpro-go/internal/playstore/rtdn/models/voided_purchases_notification.go:17.10,18.19 1 0
subsnotifpro-go/internal/playstore/rtdn/models/voided_purchases_notification.go:30.51,31.11 1 0
subsnotifpro-go/internal/playstore/rtdn/models/voided_purchases_notification.go:32.22,33.23 1 0
subsnotifpro-go/internal/playstore/rtdn/models/voided_purchases_notification.go:34.25,35.26 1 0
subsnotifpro-go/internal/playstore/rtdn/models/voided_purchases_notification.go:36.10,37.31 1 0
subsnotifpro-go/internal/playstore/rtdn/parser/parser.go:13.80,15.16 2 0
subsnotifpro-go/internal/playstore/rtdn/parser/parser.go:15.16,18.3 2 0
subsnotifpro-go/internal/playstore/rtdn/parser/parser.go:20.2,20.36 1 0
subsnotifpro-go/internal/playstore/rtdn/parser/parser.go:22.78,24.62 2 0
subsnotifpro-go/internal/playstore/rtdn/parser/parser.go:24.62,26.3 1 0
subsnotifpro-go/internal/playstore/rtdn/parser/parser.go:28.2,29.16 2 0
subsnotifpro-go/internal/playstore/rtdn/parser/parser.go:29.16,31.3 1 0
subsnotifpro-go/internal/playstore/rtdn/parser/parser.go:33.2,42.73 3 0
subsnotifpro-go/internal/playstore/rtdn/parser/parser.go:42.73,44.3 1 0
subsnotifpro-go/internal/playstore/rtdn/parser/parser.go:45.2,45.79 1 0
subsnotifpro-go/internal/playstore/rtdn/parser/parser.go:45.79,47.3 1 0
subsnotifpro-go/internal/playstore/rtdn/parser/parser.go:48.2,48.78 1 0
subsnotifpro-go/internal/playstore/rtdn/parser/parser.go:48.78,50.3 1 0
subsnotifpro-go/internal/playstore/rtdn/parser/parser.go:51.2,51.66 1 0
subsnotifpro-go/internal/playstore/rtdn/parser/parser.go:51.66,53.3 1 0
subsnotifpro-go/internal/playstore/rtdn/parser/parser.go:55.2,55.19 1 0
subsnotifpro-go/internal/playstore/rtdn/parser/parser.go:59.48,60.17 1 0
subsnotifpro-go/internal/playstore/rtdn/parser/parser.go:60.17,62.3 1 0
subsnotifpro-go/internal/playstore/rtdn/parser/parser.go:63.2,64.16 2 0
subsnotifpro-go/internal/playstore/rtdn/parser/parser.go:64.16,66.3 1 0
subsnotifpro-go/internal/playstore/rtdn/parser/parser.go:67.2,68.58 2 0
subsnotifpro-go/internal/playstore/rtdn/parser/parser.go:68.58,70.3 1 0
subsnotifpro-go/internal/playstore/rtdn/parser/parser.go:71.2,71.16 1 0
subsnotifpro-go/internal/playstore/rtdn/parser/parser.go:75.43,76.35 1 0
subsnotifpro-go/internal/playstore/rtdn/parser/parser.go:76.35,78.3 1 0
subsnotifpro-go/internal/playstore/rtdn/parser/parser.go:79.2,79.11 1 0
subsnotifpro-go/internal/playstore/rtdn/parser/parser.go:83.61,84.27 1 0
subsnotifpro-go/internal/playstore/rtdn/parser/parser.go:85.14,87.17 2 0
subsnotifpro-go/internal/playstore/rtdn/parser/parser.go:87.17,89.4 1 0
subsnotifpro-go/internal/playstore/rtdn/parser/parser.go:90.3,90.24 1 0
subsnotifpro-go/internal/playstore/rtdn/parser/parser.go:91.15,92.23 1 0
subsnotifpro-go/internal/playstore/rtdn/parser/parser.go:93.11,94.23 1 0
subsnotifpro-go/internal/playstore/rtdn/parser/parser.go:95.13,96.23 1 0
subsnotifpro-go/internal/playstore/rtdn/parser/parser.go:97.13,98.16 1 0
subsnotifpro-go/internal/playstore/rtdn/parser/parser.go:99.10,100.65 1 0
subsnotifpro-go/internal/playstore/rtdn/service/consumer_service.go:14.107,20.9 3 0
subsnotifpro-go/internal/playstore/rtdn/service/consumer_service.go:21.41,22.49 1 0
subsnotifpro-go/internal/playstore/rtdn/service/consumer_service.go:23.43,24.51 1 0
subsnotifpro-go/internal/playstore/rtdn/service/consumer_service.go:25.43,26.51 1 0
subsnotifpro-go/internal/playstore/rtdn/service/consumer_service.go:27.33,28.49 1 0
subsnotifpro-go/internal/playstore/rtdn/service/consumer_service.go:29.10,31.13 2 0
subsnotifpro-go/internal/playstore/rtdn/service/consumer_service.go:34.2,36.16 2 0
subsnotifpro-go/internal/playstore/rtdn/service/consumer_service.go:36.16,39.3 2 0
subsnotifpro-go/internal/playstore/rtdn/service/consumer_service.go:41.2,42.12 2 0
subsnotifpro-go/internal/playstore/rtdn/service/consumer_service.go:46.112,51.37 3 0
subsnotifpro-go/internal/playstore/rtdn/service/consumer_service.go:51.37,53.3 1 0
subsnotifpro-go/internal/playstore/rtdn/service/consumer_service.go:56.2,60.70 4 0
subsnotifpro-go/internal/playstore/rtdn/service/consumer_service.go:60.70,62.3 1 0
subsnotifpro-go/internal/playstore/rtdn/service/consumer_service.go:64.2,67.16 3 0
subsnotifpro-go/internal/playstore/rtdn/service/consumer_service.go:67.16,69.3 1 0
subsnotifpro-go/internal/playstore/rtdn/service/consumer_service.go:71.2,72.16 2 0
subsnotifpro-go/internal/playstore/rtdn/service/consumer_service.go:72.16,74.3 1 0
subsnotifpro-go/internal/playstore/rtdn/service/consumer_service.go:80.2,82.12 2 0
subsnotifpro-go/internal/playstore/rtdn/service/consumer_service.go:87.114,90.2 1 0
subsnotifpro-go/internal/playstore/rtdn/service/consumer_service.go:93.114,96.2 1 0
subsnotifpro-go/internal/playstore/rtdn/service/consumer_service.go:99.112,104.2 2 0
subsnotifpro-go/internal/playstore/rtdn/service/dlq_service.go:13.68,15.73 2 0
subsnotifpro-go/internal/playstore/rtdn/service/dlq_service.go:15.73,17.17 2 0
subsnotifpro-go/internal/playstore/rtdn/service/dlq_service.go:17.17,19.4 1 0
subsnotifpro-go/internal/playstore/rtdn/service/dlq_service.go:20.3,21.13 2 0
subsnotifpro-go/internal/playstore/rtdn/service/dlq_service.go:23.2,23.18 1 0
subsnotifpro-go/internal/playstore/rtdn/service/dlq_service.go:26.64,27.73 1 0
subsnotifpro-go/internal/playstore/rtdn/service/dlq_service.go:27.73,37.17 2 0
subsnotifpro-go/internal/playstore/rtdn/service/dlq_service.go:37.17,39.4 1 0
subsnotifpro-go/internal/playstore/rtdn/service/dlq_service.go:41.3,42.13 2 0
subsnotifpro-go/internal/playstore/rtdn/service/dlq_service.go:46.108,47.15 1 0
subsnotifpro-go/internal/playstore/rtdn/service/dlq_service.go:47.15,48.31 1 0
subsnotifpro-go/internal/playstore/rtdn/service/dlq_service.go:48.31,50.4 1 0
subsnotifpro-go/internal/playstore/rtdn/service/dlq_service.go:53.2,53.6 1 0
subsnotifpro-go/internal/playstore/rtdn/service/dlq_service.go:53.6,54.10 1 0
subsnotifpro-go/internal/playstore/rtdn/service/dlq_service.go:55.21,56.10 1 0
subsnotifpro-go/internal/playstore/rtdn/service/dlq_service.go:57.26,58.11 1 0
subsnotifpro-go/internal/playstore/rtdn/service/dlq_service.go:58.11,60.5 1 0
subsnotifpro-go/internal/playstore/rtdn/service/dlq_service.go:62.4,62.40 1 0
subsnotifpro-go/internal/playstore/rtdn/service/dlq_service.go:67.102,69.21 2 0
subsnotifpro-go/internal/playstore/rtdn/service/dlq_service.go:69.21,71.3 1 0
subsnotifpro-go/internal/playstore/rtdn/service/dlq_service.go:73.2,79.35 3 0
subsnotifpro-go/internal/playstore/rtdn/service/dlq_service.go:79.35,81.40 2 0
subsnotifpro-go/internal/playstore/rtdn/service/dlq_service.go:81.40,83.4 1 0
subsnotifpro-go/internal/playstore/rtdn/service/dlq_service.go:84.3,84.9 1 0
subsnotifpro-go/internal/playstore/rtdn/service/dlq_service.go:87.2,101.16 3 0
subsnotifpro-go/internal/playstore/rtdn/service/dlq_service.go:101.16,104.47 3 0
subsnotifpro-go/internal/playstore/rtdn/service/dlq_service.go:104.47,106.4 1 0
subsnotifpro-go/internal/playstore/rtdn/service/dlq_service.go:107.3,107.9 1 0
subsnotifpro-go/internal/playstore/rtdn/service/dlq_service.go:110.2,110.39 1 0
subsnotifpro-go/internal/playstore/rtdn/service/dlq_service.go:110.39,112.3 1 0
subsnotifpro-go/internal/playstore/rtdn/service/dlq_service.go:115.44,116.45 1 0
subsnotifpro-go/internal/playstore/rtdn/service/dlq_service.go:116.45,117.69 1 0
subsnotifpro-go/internal/playstore/rtdn/service/dlq_service.go:117.69,119.4 1 0
subsnotifpro-go/internal/playstore/rtdn/service/dlq_service.go:121.2,121.10 1 0
subsnotifpro-go/internal/playstore/rtdn/service/dlq_service.go:124.54,125.20 1 0
subsnotifpro-go/internal/playstore/rtdn/service/dlq_service.go:125.20,127.3 1 0
subsnotifpro-go/internal/playstore/rtdn/service/dlq_service.go:128.2,129.16 2 0
subsnotifpro-go/internal/playstore/rtdn/service/publisher_service.go:15.118,18.54 2 0
subsnotifpro-go/internal/playstore/rtdn/service/publisher_service.go:18.54,20.3 1 0
subsnotifpro-go/internal/playstore/rtdn/service/publisher_service.go:22.2,25.71 2 0
subsnotifpro-go/internal/playstore/rtdn/service/publisher_service.go:25.71,27.59 1 0
subsnotifpro-go/internal/playstore/rtdn/service/publisher_service.go:27.59,29.4 1 0
subsnotifpro-go/internal/playstore/rtdn/service/publisher_service.go:32.3,34.17 3 0
subsnotifpro-go/internal/playstore/rtdn/service/publisher_service.go:34.17,36.4 1 0
subsnotifpro-go/internal/playstore/rtdn/service/publisher_service.go:39.3,39.80 1 0
subsnotifpro-go/internal/playstore/rtdn/service/publisher_service.go:42.2,42.16 1 0
subsnotifpro-go/internal/playstore/rtdn/service/publisher_service.go:42.16,45.3 2 0
subsnotifpro-go/internal/playstore/rtdn/service/publisher_service.go:48.2,48.53 1 0
subsnotifpro-go/internal/playstore/rtdn/service/publisher_service.go:48.53,50.78 1 0
subsnotifpro-go/internal/playstore/rtdn/service/publisher_service.go:50.78,52.4 1 0
subsnotifpro-go/internal/playstore/rtdn/service/publisher_service.go:53.3,53.23 1 0
subsnotifpro-go/internal/playstore/rtdn/service/publisher_service.go:53.23,55.4 1 0
subsnotifpro-go/internal/playstore/rtdn/service/publisher_service.go:56.3,56.47 1 0
subsnotifpro-go/internal/playstore/rtdn/service/publisher_service.go:60.2,60.74 1 0
subsnotifpro-go/internal/playstore/rtdn/service/publisher_service.go:60.74,62.3 1 0
subsnotifpro-go/internal/playstore/rtdn/service/publisher_service.go:62.17,64.3 1 0
subsnotifpro-go/internal/playstore/rtdn/service/publisher_service.go:66.2,66.12 1 0
subsnotifpro-go/internal/playstore/rtdn/service/publisher_service.go:69.133,77.32 3 0
subsnotifpro-go/internal/playstore/rtdn/service/publisher_service.go:78.22,79.56 1 0
subsnotifpro-go/internal/playstore/rtdn/service/publisher_service.go:80.26,81.58 1 0
subsnotifpro-go/internal/playstore/rtdn/service/publisher_service.go:82.25,83.58 1 0
subsnotifpro-go/internal/playstore/rtdn/service/publisher_service.go:84.14,85.55 1 0
subsnotifpro-go/internal/playstore/rtdn/service/publisher_service.go:86.10,88.22 2 0
subsnotifpro-go/internal/playstore/rtdn/service/publisher_service.go:92.182,93.31 1 0
subsnotifpro-go/internal/playstore/rtdn/service/publisher_service.go:93.31,95.3 1 0
subsnotifpro-go/internal/playstore/rtdn/service/publisher_service.go:97.2,97.56 1 0
subsnotifpro-go/internal/playstore/rtdn/service/publisher_service.go:97.56,103.3 1 0
subsnotifpro-go/internal/playstore/rtdn/service/publisher_service.go:105.2,105.16 1 0
subsnotifpro-go/internal/playstore/rtdn/service/publisher_service.go:105.16,107.3 1 0
subsnotifpro-go/internal/playstore/rtdn/service/publisher_service.go:109.2,110.9 2 0
subsnotifpro-go/internal/playstore/rtdn/service/publisher_service.go:110.9,112.3 1 0
subsnotifpro-go/internal/playstore/rtdn/service/publisher_service.go:114.2,115.21 2 0
subsnotifpro-go/internal/playstore/rtdn/service/publisher_service.go:118.184,121.2 1 0
subsnotifpro-go/internal/playstore/rtdn/service/publisher_service.go:123.184,126.2 1 0
subsnotifpro-go/internal/playstore/rtdn/service/publisher_service.go:128.181,131.2 1 0
subsnotifpro-go/internal/playstore/rtdn/service/publisher_service.go:133.101,137.74 3 0
subsnotifpro-go/internal/playstore/rtdn/service/publisher_service.go:137.74,141.3 2 0
subsnotifpro-go/internal/playstore/rtdn/service/publisher_service.go:142.2,142.12 1 0
subsnotifpro-go/internal/playstore/rtdn/service/publisher_service.go:145.135,147.46 2 0
subsnotifpro-go/internal/playstore/rtdn/service/publisher_service.go:147.46,148.72 1 0
subsnotifpro-go/internal/playstore/rtdn/service/publisher_service.go:148.72,150.4 1 0
subsnotifpro-go/internal/playstore/rtdn/service/publisher_service.go:152.3,152.17 1 0
subsnotifpro-go/internal/playstore/rtdn/service/publisher_service.go:152.17,154.4 1 0
subsnotifpro-go/internal/playstore/rtdn/service/publisher_service.go:156.3,157.47 2 0
subsnotifpro-go/internal/playstore/rtdn/service/publisher_service.go:160.2,161.39 1 0
subsnotifpro-go/internal/playstore/rtdn/service/service.go:61.15,73.52 1 0
subsnotifpro-go/internal/playstore/rtdn/service/service.go:73.52,75.5 1 0
subsnotifpro-go/internal/playstore/rtdn/service/service.go:82.2,82.16 1 0
subsnotifpro-go/internal/playstore/rtdn/repository/repository.go:29.52,31.2 1 0
subsnotifpro-go/internal/playstore/rtdn/repository/repository.go:33.101,35.21 2 0
subsnotifpro-go/internal/playstore/rtdn/repository/repository.go:35.21,37.3 1 0
subsnotifpro-go/internal/playstore/rtdn/repository/repository.go:39.2,41.15 2 0
subsnotifpro-go/internal/playstore/rtdn/repository/repository.go:41.15,42.31 1 0
subsnotifpro-go/internal/playstore/rtdn/repository/repository.go:42.31,45.12 3 0
subsnotifpro-go/internal/playstore/rtdn/repository/repository.go:49.2,49.34 1 0
subsnotifpro-go/internal/playstore/rtdn/repository/repository.go:49.34,50.61 1 0
subsnotifpro-go/internal/playstore/rtdn/repository/repository.go:50.61,52.4 1 0
subsnotifpro-go/internal/playstore/rtdn/repository/repository.go:53.3,53.51 1 0
subsnotifpro-go/internal/playstore/rtdn/repository/repository.go:56.2,56.42 1 0
subsnotifpro-go/internal/playstore/rtdn/repository/repository.go:56.42,58.3 1 0
subsnotifpro-go/internal/playstore/rtdn/repository/repository.go:60.2,60.12 1 0
subsnotifpro-go/internal/playstore/rtdn/repository/repository.go:63.98,67.9 3 0
subsnotifpro-go/internal/playstore/rtdn/repository/repository.go:67.9,69.3 1 0
subsnotifpro-go/internal/playstore/rtdn/repository/repository.go:71.2,71.47 1 0
subsnotifpro-go/internal/playstore/rtdn/repository/repository.go:71.47,74.3 2 0
subsnotifpro-go/internal/playstore/rtdn/repository/repository.go:76.2,77.12 2 0
subsnotifpro-go/internal/playstore/rtdn/repository/repository.go:80.131,84.9 3 0
subsnotifpro-go/internal/playstore/rtdn/repository/repository.go:84.9,86.3 1 0
subsnotifpro-go/internal/playstore/rtdn/repository/repository.go:88.2,95.25 2 0
subsnotifpro-go/internal/playstore/rtdn/repository/repository.go:95.25,98.3 2 0
subsnotifpro-go/internal/playstore/rtdn/repository/repository.go:100.2,100.30 1 0
subsnotifpro-go/internal/playstore/rtdn/repository/repository.go:100.30,103.3 2 0
subsnotifpro-go/internal/playstore/rtdn/repository/repository.go:105.2,106.12 2 0
subsnotifpro-go/internal/playstore/rtdn/repository/repository.go:109.92,111.9 2 0
subsnotifpro-go/internal/playstore/rtdn/repository/repository.go:111.9,113.3 1 0
subsnotifpro-go/internal/playstore/rtdn/repository/repository.go:115.2,119.25 2 0
subsnotifpro-go/internal/playstore/rtdn/repository/repository.go:119.25,121.3 1 0
subsnotifpro-go/internal/playstore/rtdn/repository/repository.go:122.2,122.30 1 0
subsnotifpro-go/internal/playstore/rtdn/repository/repository.go:122.30,124.3 1 0
subsnotifpro-go/internal/playstore/rtdn/repository/repository.go:125.2,125.12 1 0
subsnotifpro-go/internal/playstore/rtdn/repository/repository.go:129.82,131.9 2 0
subsnotifpro-go/internal/playstore/rtdn/repository/repository.go:131.9,133.3 1 0
subsnotifpro-go/internal/playstore/rtdn/repository/repository.go:135.2,138.35 2 0
subsnotifpro-go/internal/playstore/rtdn/repository/repository.go:138.35,140.3 1 0
subsnotifpro-go/internal/playstore/rtdn/repository/repository.go:142.2,142.23 1 0
subsnotifpro-go/internal/playstore/rtdn/validator/ip_validator.go:38.55,42.52 3 0
subsnotifpro-go/internal/playstore/rtdn/validator/ip_validator.go:42.52,43.37 1 0
subsnotifpro-go/internal/playstore/rtdn/validator/ip_validator.go:43.37,46.4 2 0
subsnotifpro-go/internal/playstore/rtdn/validator/ip_validator.go:49.2,50.14 2 0
subsnotifpro-go/internal/playstore/rtdn/validator/ip_validator.go:54.51,58.48 3 0
subsnotifpro-go/internal/playstore/rtdn/validator/ip_validator.go:58.48,59.37 1 0
subsnotifpro-go/internal/playstore/rtdn/validator/ip_validator.go:59.37,62.4 2 0
subsnotifpro-go/internal/playstore/rtdn/validator/ip_validator.go:65.2,66.14 2 0
subsnotifpro-go/internal/playstore/rtdn/validator/ip_validator.go:70.41,73.21 2 0
subsnotifpro-go/internal/playstore/rtdn/validator/ip_validator.go:73.21,76.19 2 0
subsnotifpro-go/internal/playstore/rtdn/validator/ip_validator.go:76.19,78.4 1 0
subsnotifpro-go/internal/playstore/rtdn/validator/ip_validator.go:82.2,83.18 2 0
subsnotifpro-go/internal/playstore/rtdn/validator/ip_validator.go:83.18,85.3 1 0
subsnotifpro-go/internal/playstore/rtdn/validator/ip_validator.go:88.2,88.21 1 0
subsnotifpro-go/internal/playstore/rtdn/validator/ip_validator.go:92.48,94.15 2 0
subsnotifpro-go/internal/playstore/rtdn/validator/ip_validator.go:94.15,96.3 1 0
subsnotifpro-go/internal/playstore/rtdn/validator/ip_validator.go:98.2,99.16 2 0
subsnotifpro-go/internal/playstore/rtdn/validator/ip_validator.go:99.16,102.3 2 0
subsnotifpro-go/internal/playstore/rtdn/validator/ip_validator.go:104.2,104.29 1 0
subsnotifpro-go/internal/playstore/rtdn/validator/ip_validator.go:108.61,110.33 1 0
subsnotifpro-go/internal/playstore/rtdn/validator/ip_validator.go:110.33,113.3 2 0
subsnotifpro-go/internal/playstore/rtdn/validator/ip_validator.go:116.2,116.37 1 0
subsnotifpro-go/internal/playstore/rtdn/validator/ip_validator.go:116.37,118.3 1 0
subsnotifpro-go/internal/playstore/rtdn/validator/ip_validator.go:120.2,120.32 1 0
subsnotifpro-go/internal/playstore/rtdn/validator/ip_validator.go:124.57,126.33 1 0
subsnotifpro-go/internal/playstore/rtdn/validator/ip_validator.go:126.33,129.3 2 0
subsnotifpro-go/internal/playstore/rtdn/validator/ip_validator.go:132.2,132.33 1 0
subsnotifpro-go/internal/playstore/rtdn/validator/ip_validator.go:132.33,134.3 1 0
subsnotifpro-go/internal/playstore/rtdn/validator/ip_validator.go:136.2,136.32 1 0
subsnotifpro-go/internal/playstore/rtdn/validator/ip_validator.go:140.49,142.41 1 0
subsnotifpro-go/internal/playstore/rtdn/validator/ip_validator.go:142.41,144.3 1 0
subsnotifpro-go/internal/playstore/rtdn/validator/ip_validator.go:147.2,148.39 2 0
subsnotifpro-go/internal/playstore/rtdn/validator/ip_validator.go:148.39,150.3 1 0
subsnotifpro-go/internal/playstore/rtdn/validator/ip_validator.go:152.2,152.12 1 0
subsnotifpro-go/internal/playstore/rtdn/validator/jwt_validator.go:20.82,21.22 1 0
subsnotifpro-go/internal/playstore/rtdn/validator/jwt_validator.go:21.22,23.3 1 0
subsnotifpro-go/internal/playstore/rtdn/validator/jwt_validator.go:26.2,27.45 2 0
subsnotifpro-go/internal/playstore/rtdn/validator/jwt_validator.go:27.45,29.3 1 0
subsnotifpro-go/internal/playstore/rtdn/validator/jwt_validator.go:30.2,33.23 2 0
subsnotifpro-go/internal/playstore/rtdn/validator/jwt_validator.go:33.23,35.3 1 0
subsnotifpro-go/internal/playstore/rtdn/validator/jwt_validator.go:38.2,39.16 2 0
subsnotifpro-go/internal/playstore/rtdn/validator/jwt_validator.go:39.16,42.3 2 0
subsnotifpro-go/internal/playstore/rtdn/validator/jwt_validator.go:45.2,48.17 3 0
subsnotifpro-go/internal/playstore/rtdn/validator/validator.go:10.70,11.29 1 0
subsnotifpro-go/internal/playstore/rtdn/validator/validator.go:11.29,13.3 1 0
subsnotifpro-go/internal/playstore/rtdn/validator/validator.go:14.2,14.32 1 0
subsnotifpro-go/internal/playstore/rtdn/validator/validator.go:14.32,16.3 1 0
subsnotifpro-go/internal/playstore/rtdn/validator/validator.go:19.2,20.31 2 0
subsnotifpro-go/internal/playstore/rtdn/validator/validator.go:20.31,22.3 1 0
subsnotifpro-go/internal/playstore/rtdn/validator/validator.go:23.2,23.33 1 0
subsnotifpro-go/internal/playstore/rtdn/validator/validator.go:23.33,25.3 1 0
subsnotifpro-go/internal/playstore/rtdn/validator/validator.go:26.2,26.33 1 0
subsnotifpro-go/internal/playstore/rtdn/validator/validator.go:26.33,28.3 1 0
subsnotifpro-go/internal/playstore/rtdn/validator/validator.go:29.2,29.23 1 0
subsnotifpro-go/internal/playstore/rtdn/validator/validator.go:29.23,31.3 1 0
subsnotifpro-go/internal/playstore/rtdn/validator/validator.go:33.2,33.28 1 0
subsnotifpro-go/internal/playstore/rtdn/validator/validator.go:33.28,35.3 1 0
subsnotifpro-go/internal/playstore/rtdn/validator/validator.go:35.8,35.34 1 0
subsnotifpro-go/internal/playstore/rtdn/validator/validator.go:35.34,37.3 1 0
subsnotifpro-go/internal/playstore/rtdn/validator/validator.go:40.2,40.31 1 0
subsnotifpro-go/internal/playstore/rtdn/validator/validator.go:40.31,41.47 1 0
subsnotifpro-go/internal/playstore/rtdn/validator/validator.go:41.47,43.4 1 0
subsnotifpro-go/internal/playstore/rtdn/validator/validator.go:43.9,44.46 1 0
subsnotifpro-go/internal/playstore/rtdn/validator/validator.go:44.46,46.5 1 0
subsnotifpro-go/internal/playstore/rtdn/validator/validator.go:47.4,47.47 1 0
subsnotifpro-go/internal/playstore/rtdn/validator/validator.go:47.47,49.5 1 0
subsnotifpro-go/internal/playstore/rtdn/validator/validator.go:54.2,54.33 1 0
subsnotifpro-go/internal/playstore/rtdn/validator/validator.go:54.33,55.49 1 0
subsnotifpro-go/internal/playstore/rtdn/validator/validator.go:55.49,57.4 1 0
subsnotifpro-go/internal/playstore/rtdn/validator/validator.go:57.9,58.48 1 0
subsnotifpro-go/internal/playstore/rtdn/validator/validator.go:58.48,60.5 1 0
subsnotifpro-go/internal/playstore/rtdn/validator/validator.go:61.4,61.38 1 0
subsnotifpro-go/internal/playstore/rtdn/validator/validator.go:61.38,63.5 1 0
subsnotifpro-go/internal/playstore/rtdn/validator/validator.go:68.2,68.33 1 0
subsnotifpro-go/internal/playstore/rtdn/validator/validator.go:68.33,69.47 1 0
subsnotifpro-go/internal/playstore/rtdn/validator/validator.go:69.47,71.4 1 0
subsnotifpro-go/internal/playstore/rtdn/validator/validator.go:72.3,72.41 1 0
subsnotifpro-go/internal/playstore/rtdn/validator/validator.go:72.41,74.4 1 0
subsnotifpro-go/internal/playstore/rtdn/validator/validator.go:75.3,75.44 1 0
subsnotifpro-go/internal/playstore/rtdn/validator/validator.go:75.44,77.4 1 0
subsnotifpro-go/internal/playstore/rtdn/validator/validator.go:81.2,81.23 1 0
subsnotifpro-go/internal/playstore/rtdn/validator/validator.go:81.23,82.31 1 0
subsnotifpro-go/internal/playstore/rtdn/validator/validator.go:82.31,84.4 1 0
subsnotifpro-go/internal/playstore/rtdn/validator/validator.go:88.2,91.21 1 0
subsnotifpro-go/internal/playstore/rtdn/validator/validator.go:91.21,93.3 1 0
subsnotifpro-go/internal/playstore/rtdn/validator/validator.go:95.2,95.12 1 0
subsnotifpro-go/internal/playstore/settings/handler/handler.go:17.98,19.2 1 0
subsnotifpro-go/internal/playstore/settings/handler/handler.go:21.72,26.52 4 0
subsnotifpro-go/internal/playstore/settings/handler/handler.go:26.52,29.3 2 0
subsnotifpro-go/internal/playstore/settings/handler/handler.go:31.2,32.16 2 0
subsnotifpro-go/internal/playstore/settings/handler/handler.go:32.16,35.3 2 0
subsnotifpro-go/internal/playstore/settings/handler/handler.go:36.2,38.109 2 0
subsnotifpro-go/internal/playstore/settings/handler/handler.go:38.109,45.3 3 0
subsnotifpro-go/internal/playstore/settings/handler/handler.go:47.2,47.89 1 0
subsnotifpro-go/internal/playstore/settings/handler/handler.go:50.71,53.23 3 0
subsnotifpro-go/internal/playstore/settings/handler/handler.go:53.23,56.3 2 0
subsnotifpro-go/internal/playstore/settings/handler/handler.go:58.2,59.16 2 0
subsnotifpro-go/internal/playstore/settings/handler/handler.go:59.16,63.3 3 0
subsnotifpro-go/internal/playstore/settings/handler/handler.go:65.2,65.61 1 0
subsnotifpro-go/internal/playstore/settings/handler/handler.go:68.74,71.23 3 0
subsnotifpro-go/internal/playstore/settings/handler/handler.go:71.23,74.3 2 0
subsnotifpro-go/internal/playstore/settings/handler/handler.go:76.2,76.67 1 0
subsnotifpro-go/internal/playstore/settings/handler/handler.go:76.67,80.3 3 0
subsnotifpro-go/internal/playstore/settings/handler/handler.go:82.2,82.91 1 0
subsnotifpro-go/internal/playstore/settings/repository/repository.go:45.78,47.2 1 0
subsnotifpro-go/internal/playstore/settings/repository/repository.go:52.136,57.40 1 0
subsnotifpro-go/internal/playstore/settings/repository/repository.go:57.40,59.3 1 0
subsnotifpro-go/internal/playstore/settings/repository/repository.go:60.2,60.12 1 0
subsnotifpro-go/internal/playstore/settings/repository/repository.go:66.149,74.16 3 0
subsnotifpro-go/internal/playstore/settings/repository/repository.go:74.16,76.83 1 0
subsnotifpro-go/internal/playstore/settings/repository/repository.go:76.83,78.4 1 0
subsnotifpro-go/internal/playstore/settings/repository/repository.go:81.3,81.69 1 0
subsnotifpro-go/internal/playstore/settings/repository/repository.go:81.69,82.92 1 0
subsnotifpro-go/internal/playstore/settings/repository/repository.go:82.92,84.5 1 0
subsnotifpro-go/internal/playstore/settings/repository/repository.go:86.8,86.52 1 0
subsnotifpro-go/internal/playstore/settings/repository/repository.go:86.52,88.3 1 0
subsnotifpro-go/internal/playstore/settings/repository/repository.go:91.2,91.73 1 0
subsnotifpro-go/internal/playstore/settings/repository/repository.go:91.73,93.3 1 0
subsnotifpro-go/internal/playstore/settings/repository/repository.go:96.2,101.31 2 0
subsnotifpro-go/internal/playstore/settings/repository/repository.go:101.31,103.3 1 0
subsnotifpro-go/internal/playstore/settings/repository/repository.go:107.2,107.36 1 0
subsnotifpro-go/internal/playstore/settings/repository/repository.go:107.36,114.17 3 0
subsnotifpro-go/internal/playstore/settings/repository/repository.go:114.17,119.49 1 0
subsnotifpro-go/internal/playstore/settings/repository/repository.go:119.49,121.5 1 0
subsnotifpro-go/internal/playstore/settings/repository/repository.go:124.4,126.78 1 0
subsnotifpro-go/internal/playstore/settings/repository/repository.go:126.78,128.5 1 0
subsnotifpro-go/internal/playstore/settings/repository/repository.go:129.9,129.52 1 0
subsnotifpro-go/internal/playstore/settings/repository/repository.go:129.52,135.72 2 0
subsnotifpro-go/internal/playstore/settings/repository/repository.go:135.72,137.5 1 0
subsnotifpro-go/internal/playstore/settings/repository/repository.go:138.9,140.4 1 0
subsnotifpro-go/internal/playstore/settings/repository/repository.go:143.2,143.12 1 0
subsnotifpro-go/internal/playstore/settings/repository/repository.go:149.154,152.44 3 0
subsnotifpro-go/internal/playstore/settings/repository/repository.go:152.44,154.3 1 0
subsnotifpro-go/internal/playstore/settings/repository/repository.go:155.2,155.23 1 0
subsnotifpro-go/internal/playstore/settings/repository/repository.go:161.153,164.44 3 0
subsnotifpro-go/internal/playstore/settings/repository/repository.go:164.44,166.3 1 0
subsnotifpro-go/internal/playstore/settings/repository/repository.go:167.2,167.29 1 0
subsnotifpro-go/internal/playstore/settings/repository/repository.go:173.155,178.25 2 0
subsnotifpro-go/internal/playstore/settings/repository/repository.go:178.25,180.3 1 0
subsnotifpro-go/internal/playstore/settings/repository/repository.go:181.2,181.30 1 0
subsnotifpro-go/internal/playstore/settings/repository/repository.go:181.30,183.3 1 0
subsnotifpro-go/internal/playstore/settings/repository/repository.go:184.2,184.12 1 0
subsnotifpro-go/internal/playstore/settings/repository/repository.go:190.121,193.25 2 0
subsnotifpro-go/internal/playstore/settings/repository/repository.go:193.25,195.3 1 0
subsnotifpro-go/internal/playstore/settings/repository/repository.go:196.2,196.30 1 0
subsnotifpro-go/internal/playstore/settings/repository/repository.go:196.30,198.3 1 0
subsnotifpro-go/internal/playstore/settings/repository/repository.go:201.2,201.132 1 0
subsnotifpro-go/internal/playstore/settings/repository/repository.go:201.132,203.3 1 0
subsnotifpro-go/internal/playstore/settings/repository/repository.go:205.2,205.12 1 0
subsnotifpro-go/internal/playstore/settings/service/service.go:33.153,35.2 1 0
subsnotifpro-go/internal/playstore/settings/service/service.go:37.152,38.62 1 0
subsnotifpro-go/internal/playstore/settings/service/service.go:38.62,40.3 1 0
subsnotifpro-go/internal/playstore/settings/service/service.go:43.2,44.16 2 0
subsnotifpro-go/internal/playstore/settings/service/service.go:44.16,46.3 1 0
subsnotifpro-go/internal/playstore/settings/service/service.go:48.2,48.50 1 0
subsnotifpro-go/internal/playstore/settings/service/service.go:48.50,52.79 2 0
subsnotifpro-go/internal/playstore/settings/service/service.go:52.79,54.4 1 0
subsnotifpro-go/internal/playstore/settings/service/service.go:57.3,63.65 5 0
subsnotifpro-go/internal/playstore/settings/service/service.go:63.65,65.4 1 0
subsnotifpro-go/internal/playstore/settings/service/service.go:68.3,68.51 1 0
subsnotifpro-go/internal/playstore/settings/service/service.go:68.51,70.4 1 0
subsnotifpro-go/internal/playstore/settings/service/service.go:73.3,74.71 2 0
subsnotifpro-go/internal/playstore/settings/service/service.go:74.71,76.4 1 0
subsnotifpro-go/internal/playstore/settings/service/service.go:78.3,85.71 2 0
subsnotifpro-go/internal/playstore/settings/service/service.go:85.71,87.4 1 0
subsnotifpro-go/internal/playstore/settings/service/service.go:88.3,88.13 1 0
subsnotifpro-go/internal/playstore/settings/service/service.go:92.124,94.16 2 0
subsnotifpro-go/internal/playstore/settings/service/service.go:94.16,96.3 1 0
subsnotifpro-go/internal/playstore/settings/service/service.go:97.2,99.48 2 0
subsnotifpro-go/internal/playstore/settings/service/service.go:99.48,102.3 2 0
subsnotifpro-go/internal/playstore/settings/service/service.go:103.2,105.82 2 0
subsnotifpro-go/internal/playstore/settings/service/service.go:105.82,107.3 1 0
subsnotifpro-go/internal/playstore/settings/service/service.go:109.2,110.16 2 0
subsnotifpro-go/internal/playstore/settings/service/service.go:110.16,112.3 1 0
subsnotifpro-go/internal/playstore/settings/service/service.go:113.2,113.9 1 0
subsnotifpro-go/internal/playstore/settings/service/service.go:113.9,115.3 1 0
subsnotifpro-go/internal/playstore/settings/service/service.go:116.2,116.12 1 0
subsnotifpro-go/internal/playstore/settings/service/service.go:119.121,121.16 2 0
subsnotifpro-go/internal/playstore/settings/service/service.go:121.16,123.3 1 0
subsnotifpro-go/internal/playstore/settings/service/service.go:124.2,125.16 2 0
subsnotifpro-go/internal/playstore/settings/service/service.go:125.16,127.3 1 0
subsnotifpro-go/internal/playstore/settings/service/service.go:129.2,134.8 1 0
subsnotifpro-go/internal/playstore/settings/service/service.go:137.98,138.50 1 0
subsnotifpro-go/internal/playstore/settings/service/service.go:138.50,140.17 2 0
subsnotifpro-go/internal/playstore/settings/service/service.go:140.17,142.4 1 0
subsnotifpro-go/internal/playstore/settings/service/service.go:143.3,143.76 1 0
subsnotifpro-go/internal/playstore/settings/service/service.go:143.76,145.4 1 0
subsnotifpro-go/internal/playstore/settings/service/service.go:146.3,146.76 1 0
subsnotifpro-go/internal/playstore/settings/service/service.go:146.76,148.4 1 0
subsnotifpro-go/internal/playstore/settings/service/service.go:149.3,149.13 1 0
subsnotifpro-go/internal/playstore/settings/service/service.go:153.115,155.16 2 0
subsnotifpro-go/internal/playstore/settings/service/service.go:155.16,157.3 1 0
subsnotifpro-go/internal/playstore/settings/service/service.go:158.2,158.30 1 0
subsnotifpro-go/internal/playstore/settings/service/service.go:161.121,163.16 2 0
subsnotifpro-go/internal/playstore/settings/service/service.go:163.16,164.45 1 0
subsnotifpro-go/internal/playstore/settings/service/service.go:164.45,166.4 1 0
subsnotifpro-go/internal/playstore/settings/service/service.go:167.3,167.17 1 0
subsnotifpro-go/internal/playstore/settings/service/service.go:169.2,169.30 1 0
subsnotifpro-go/internal/playstore/settings/service/service.go:172.38,174.2 1 0
subsnotifpro-go/internal/playstore/settings/utils/utils.go:15.56,17.2 1 0
subsnotifpro-go/internal/playstore/settings/utils/utils.go:20.72,22.71 1 0
subsnotifpro-go/internal/playstore/settings/utils/utils.go:22.71,24.3 1 0
subsnotifpro-go/internal/playstore/settings/utils/utils.go:27.2,30.57 2 0
subsnotifpro-go/internal/playstore/settings/utils/utils.go:30.57,32.3 1 0
subsnotifpro-go/internal/playstore/settings/utils/utils.go:34.2,34.25 1 0
subsnotifpro-go/internal/playstore/settings/utils/utils.go:38.54,40.67 2 0
subsnotifpro-go/internal/playstore/settings/utils/utils.go:40.67,42.3 1 0
subsnotifpro-go/internal/playstore/settings/utils/utils.go:43.2,43.12 1 0
subsnotifpro-go/internal/playstore/subscription/models/acknowledgement_states.go:19.46,20.11 1 0
subsnotifpro-go/internal/playstore/subscription/models/acknowledgement_states.go:22.98,23.14 1 0
subsnotifpro-go/internal/playstore/subscription/models/acknowledgement_states.go:24.10,25.15 1 0
subsnotifpro-go/internal/playstore/subscription/models/acknowledgement_states.go:30.47,32.2 1 0
subsnotifpro-go/internal/playstore/subscription/models/acknowledgement_states.go:74.88,75.70 1 0
subsnotifpro-go/internal/playstore/subscription/models/acknowledgement_states.go:75.70,77.3 1 0
subsnotifpro-go/internal/playstore/subscription/models/acknowledgement_states.go:79.2,83.3 1 0
subsnotifpro-go/internal/playstore/subscription/models/money.go:20.46,22.2 1 0
subsnotifpro-go/internal/playstore/subscription/models/money.go:25.47,27.9 2 0
subsnotifpro-go/internal/playstore/subscription/models/money.go:27.9,29.3 1 0
subsnotifpro-go/internal/playstore/subscription/models/money.go:30.2,30.33 1 0
subsnotifpro-go/internal/playstore/subscription/models/price_change.go:22.57,23.33 1 0
subsnotifpro-go/internal/playstore/subscription/models/price_change.go:23.33,26.3 2 0
subsnotifpro-go/internal/playstore/subscription/models/price_change.go:27.2,27.53 1 0
subsnotifpro-go/internal/playstore/subscription/models/price_change.go:31.56,33.2 1 0
subsnotifpro-go/internal/playstore/subscription/models/price_change.go:46.58,47.33 1 0
subsnotifpro-go/internal/playstore/subscription/models/price_change.go:47.33,50.3 2 0
subsnotifpro-go/internal/playstore/subscription/models/price_change.go:51.2,51.54 1 0
subsnotifpro-go/internal/playstore/subscription/models/price_change.go:55.57,57.2 1 0
subsnotifpro-go/internal/playstore/subscription/models/subscription_states.go:25.43,26.11 1 0
subsnotifpro-go/internal/playstore/subscription/models/subscription_states.go:36.44,37.14 1 0
subsnotifpro-go/internal/playstore/subscription/models/subscription_states.go:38.10,39.15 1 0
subsnotifpro-go/internal/playstore/subscription/models/subscription_states.go:44.44,46.2 1 0
subsnotifpro-go/internal/playstore/subscription/models/subscription_states.go:138.79,139.67 1 0
subsnotifpro-go/internal/playstore/subscription/models/subscription_states.go:139.67,141.3 1 0
subsnotifpro-go/internal/playstore/subscription/models/subscription_states.go:143.2,149.3 1 0
subsnotifpro-go/internal/playstore/subscription/repository/repository.go:62.86,64.2 1 0
subsnotifpro-go/internal/playstore/subscription/repository/repository.go:70.43,71.17 1 0
subsnotifpro-go/internal/playstore/subscription/repository/repository.go:71.17,73.3 1 0
subsnotifpro-go/internal/playstore/subscription/repository/repository.go:75.2,86.44 3 0
subsnotifpro-go/internal/playstore/subscription/repository/repository.go:86.44,88.3 1 0
subsnotifpro-go/internal/playstore/subscription/repository/repository.go:89.2,89.16 1 0
subsnotifpro-go/internal/playstore/subscription/repository/repository.go:89.16,91.3 1 0
subsnotifpro-go/internal/playstore/subscription/repository/repository.go:93.2,93.18 1 0
subsnotifpro-go/internal/playstore/subscription/repository/repository.go:100.9,101.16 1 0
subsnotifpro-go/internal/playstore/subscription/repository/repository.go:101.16,103.3 1 0
subsnotifpro-go/internal/playstore/subscription/repository/repository.go:105.2,105.46 1 0
subsnotifpro-go/internal/playstore/subscription/repository/repository.go:113.9,115.28 1 0
subsnotifpro-go/internal/playstore/subscription/repository/repository.go:115.28,117.3 1 0
subsnotifpro-go/internal/playstore/subscription/repository/repository.go:119.2,124.16 2 0
subsnotifpro-go/internal/playstore/subscription/repository/repository.go:124.16,126.3 1 0
subsnotifpro-go/internal/playstore/subscription/repository/repository.go:128.2,128.12 1 0
subsnotifpro-go/internal/playstore/subscription/repository/repository.go:135.9,137.2 1 0
subsnotifpro-go/internal/playstore/subscription/repository/repository.go:143.9,144.20 1 0
subsnotifpro-go/internal/playstore/subscription/repository/repository.go:144.20,146.3 1 0
subsnotifpro-go/internal/playstore/subscription/repository/repository.go:148.2,148.66 1 0
subsnotifpro-go/internal/playstore/subscription/repository/repository.go:148.66,150.3 1 0
subsnotifpro-go/internal/playstore/subscription/repository/repository.go:152.2,152.12 1 0
subsnotifpro-go/internal/playstore/subscription/repository/repository.go:159.9,160.66 1 0
subsnotifpro-go/internal/playstore/subscription/repository/repository.go:160.66,162.3 1 0
subsnotifpro-go/internal/playstore/subscription/repository/repository.go:163.2,163.12 1 0
subsnotifpro-go/internal/playstore/subscription/repository/repository.go:170.9,172.2 1 0
subsnotifpro-go/internal/playstore/subscription/repository/repository.go:178.9,180.2 1 0
subsnotifpro-go/internal/playstore/subscription/repository/repository.go:186.9,188.2 1 0
subsnotifpro-go/internal/playstore/subscription/repository/repository.go:194.9,196.2 1 0
subsnotifpro-go/internal/playstore/subscription/repository/repository.go:202.9,204.2 1 0
subsnotifpro-go/internal/playstore/subscription/repository/repository.go:210.9,212.2 1 0
subsnotifpro-go/internal/playstore/subscription/repository/repository.go:216.9,218.2 1 0
subsnotifpro-go/internal/playstore/subscription/repository/repository.go:222.9,224.2 1 0
subsnotifpro-go/internal/playstore/subscription/repository/repository.go:230.9,238.2 1 0
subsnotifpro-go/internal/playstore/subscription/repository/repository.go:240.137,242.2 1 0
subsnotifpro-go/internal/playstore/subscription/repository/repository.go:245.139,250.2 1 0
subsnotifpro-go/internal/playstore/subscription/repository/repository.go:252.154,254.2 1 0
subsnotifpro-go/internal/playstore/subscription/repository/repository.go:257.127,259.2 1 0
subsnotifpro-go/internal/playstore/subscription/repository/repository.go:262.127,264.2 1 0
subsnotifpro-go/internal/playstore/subscription/repository/repository.go:267.144,269.2 1 0
subsnotifpro-go/internal/playstore/subscription/repository/repository.go:271.140,273.2 1 0
subsnotifpro-go/internal/playstore/subscription/repository/repository.go:275.140,277.2 1 0
subsnotifpro-go/internal/playstore/subscription/repository/repository.go:278.152,280.2 1 0
subsnotifpro-go/internal/playstore/subscription/repository/repository.go:282.154,284.2 1 0
subsnotifpro-go/internal/playstore/subscription/repository/repository.go:286.154,288.2 1 0
subsnotifpro-go/internal/playstore/subscription/repository/repository.go:290.164,292.2 1 0
subsnotifpro-go/internal/playstore/subscription/repository/repository.go:294.167,295.23 1 0
subsnotifpro-go/internal/playstore/subscription/repository/repository.go:295.23,297.3 1 0
subsnotifpro-go/internal/playstore/subscription/repository/repository.go:298.2,298.51 1 0
subsnotifpro-go/internal/playstore/subscription/repository/repository.go:301.140,302.18 1 0
subsnotifpro-go/internal/playstore/subscription/repository/repository.go:302.18,304.3 1 0
subsnotifpro-go/internal/playstore/subscription/repository/repository.go:307.2,307.38 1 0
subsnotifpro-go/internal/playstore/subscription/repository/repository.go:307.38,309.3 1 0
subsnotifpro-go/internal/playstore/subscription/repository/repository.go:310.2,310.31 1 0
subsnotifpro-go/internal/playstore/subscription/repository/repository.go:310.31,312.3 1 0
subsnotifpro-go/internal/playstore/subscription/repository/repository.go:313.2,313.27 1 0
subsnotifpro-go/internal/playstore/subscription/repository/repository.go:313.27,315.3 1 0
subsnotifpro-go/internal/playstore/subscription/repository/repository.go:318.2,319.25 2 0
subsnotifpro-go/internal/playstore/subscription/repository/repository.go:319.25,321.3 1 0
subsnotifpro-go/internal/playstore/subscription/repository/repository.go:323.2,323.30 1 0
subsnotifpro-go/internal/playstore/subscription/repository/repository.go:323.30,325.3 1 0
subsnotifpro-go/internal/playstore/subscription/repository/repository.go:327.2,327.12 1 0
subsnotifpro-go/internal/playstore/subscription/mapper/mapper.go:29.98,33.20 3 0
subsnotifpro-go/internal/playstore/subscription/mapper/mapper.go:33.20,36.3 2 0
subsnotifpro-go/internal/playstore/subscription/mapper/mapper.go:38.2,38.68 1 0
subsnotifpro-go/internal/playstore/subscription/mapper/mapper.go:38.68,40.3 1 0
subsnotifpro-go/internal/playstore/subscription/mapper/mapper.go:42.2,49.26 2 0
subsnotifpro-go/internal/playstore/subscription/mapper/mapper.go:49.26,55.3 5 0
subsnotifpro-go/internal/playstore/subscription/mapper/mapper.go:57.2,57.16 1 0
subsnotifpro-go/internal/playstore/settings/validator/validator.go:10.65,12.16 2 0
subsnotifpro-go/internal/playstore/settings/validator/validator.go:12.16,14.3 1 0
subsnotifpro-go/internal/playstore/settings/validator/validator.go:16.2,17.52 2 0
subsnotifpro-go/internal/playstore/settings/validator/validator.go:17.52,19.3 1 0
subsnotifpro-go/internal/playstore/settings/validator/validator.go:21.2,21.12 1 0
subsnotifpro-go/internal/playstore/rtdn/handler/handler.go:25.63,27.2 1 1
subsnotifpro-go/internal/playstore/rtdn/handler/handler.go:30.54,39.70 5 1
subsnotifpro-go/internal/playstore/rtdn/handler/handler.go:39.70,43.3 3 0
subsnotifpro-go/internal/playstore/rtdn/handler/handler.go:46.2,47.16 2 1
subsnotifpro-go/internal/playstore/rtdn/handler/handler.go:47.16,51.3 3 0
subsnotifpro-go/internal/playstore/rtdn/handler/handler.go:54.2,55.16 2 1
subsnotifpro-go/internal/playstore/rtdn/handler/handler.go:55.16,59.3 3 1
subsnotifpro-go/internal/playstore/rtdn/handler/handler.go:62.2,69.64 4 1
subsnotifpro-go/internal/playstore/rtdn/handler/handler.go:69.64,73.3 3 0
subsnotifpro-go/internal/playstore/rtdn/handler/handler.go:76.2,76.92 1 1
subsnotifpro-go/internal/playstore/rtdn/handler/handler.go:76.92,80.3 3 0
subsnotifpro-go/internal/playstore/rtdn/handler/handler.go:83.2,87.4 1 1
subsnotifpro-go/internal/playstore/rtdn/handler/handler.go:90.86,105.86 2 1
subsnotifpro-go/internal/playstore/rtdn/handler/handler.go:105.86,108.3 2 1
subsnotifpro-go/internal/playstore/rtdn/handler/handler.go:111.2,112.43 2 1
subsnotifpro-go/internal/playstore/rtdn/handler/handler.go:115.50,117.16 2 0
subsnotifpro-go/internal/playstore/rtdn/handler/handler.go:117.16,121.3 3 0
subsnotifpro-go/internal/playstore/rtdn/handler/handler.go:123.2,123.71 1 0
subsnotifpro-go/internal/playstore/rtdn/handler/handler.go:126.55,127.69 1 0
subsnotifpro-go/internal/playstore/rtdn/handler/handler.go:127.69,131.3 3 0
subsnotifpro-go/internal/playstore/rtdn/handler/handler.go:133.2,136.4 1 0
subsnotifpro-go/internal/subscription/dto/dashboard.go:57.77,59.2 1 0
subsnotifpro-go/internal/project/handler/handler.go:15.45,17.2 1 0
subsnotifpro-go/internal/project/handler/handler.go:19.49,24.49 2 0
subsnotifpro-go/internal/project/handler/handler.go:24.49,27.3 2 0
subsnotifpro-go/internal/project/handler/handler.go:29.2,32.16 3 0
subsnotifpro-go/internal/project/handler/handler.go:32.16,35.3 2 0
subsnotifpro-go/internal/project/handler/handler.go:37.2,37.37 1 0
subsnotifpro-go/internal/project/handler/handler.go:40.48,44.16 3 0
subsnotifpro-go/internal/project/handler/handler.go:44.16,47.3 2 0
subsnotifpro-go/internal/project/handler/handler.go:49.2,49.33 1 0
subsnotifpro-go/internal/project/repository/repository.go:19.44,21.2 1 0
subsnotifpro-go/internal/project/repository/repository.go:23.79,25.2 1 0
subsnotifpro-go/internal/project/repository/repository.go:27.93,31.2 3 0
subsnotifpro-go/internal/playstore/user/repository/playstore_user_repo.go:35.59,37.2 1 0
subsnotifpro-go/internal/playstore/user/repository/playstore_user_repo.go:39.140,45.16 3 0
subsnotifpro-go/internal/playstore/user/repository/playstore_user_repo.go:45.16,46.45 1 0
subsnotifpro-go/internal/playstore/user/repository/playstore_user_repo.go:46.45,48.4 1 0
subsnotifpro-go/internal/playstore/user/repository/playstore_user_repo.go:49.3,49.18 1 0
subsnotifpro-go/internal/playstore/user/repository/playstore_user_repo.go:51.2,51.22 1 0
subsnotifpro-go/internal/playstore/user/repository/playstore_user_repo.go:58.34,59.53 1 0
subsnotifpro-go/internal/playstore/user/repository/playstore_user_repo.go:59.53,61.3 1 0
subsnotifpro-go/internal/playstore/user/repository/playstore_user_repo.go:63.2,68.59 3 0
subsnotifpro-go/internal/playstore/user/repository/playstore_user_repo.go:68.59,70.3 1 0
subsnotifpro-go/internal/playstore/user/repository/playstore_user_repo.go:72.2,72.44 1 0
subsnotifpro-go/internal/playstore/user/repository/playstore_user_repo.go:72.44,74.73 1 0
subsnotifpro-go/internal/playstore/user/repository/playstore_user_repo.go:74.73,76.4 1 0
subsnotifpro-go/internal/playstore/user/repository/playstore_user_repo.go:77.3,77.28 1 0
subsnotifpro-go/internal/playstore/user/repository/playstore_user_repo.go:81.2,83.84 2 0
subsnotifpro-go/internal/playstore/user/repository/playstore_user_repo.go:83.84,85.3 1 0
subsnotifpro-go/internal/playstore/user/repository/playstore_user_repo.go:86.2,86.150 1 0
subsnotifpro-go/internal/playstore/user/repository/playstore_user_repo.go:86.150,88.3 1 0
subsnotifpro-go/internal/playstore/user/repository/playstore_user_repo.go:89.2,89.190 1 0
subsnotifpro-go/internal/playstore/user/repository/playstore_user_repo.go:89.190,91.3 1 0
subsnotifpro-go/internal/playstore/user/repository/playstore_user_repo.go:92.2,92.118 1 0
subsnotifpro-go/internal/playstore/user/repository/playstore_user_repo.go:92.118,94.3 1 0
subsnotifpro-go/internal/playstore/user/repository/playstore_user_repo.go:95.2,95.126 1 0
subsnotifpro-go/internal/playstore/user/repository/playstore_user_repo.go:95.126,97.3 1 0
subsnotifpro-go/internal/playstore/user/repository/playstore_user_repo.go:98.2,98.130 1 0
subsnotifpro-go/internal/playstore/user/repository/playstore_user_repo.go:98.130,100.3 1 0
subsnotifpro-go/internal/playstore/user/repository/playstore_user_repo.go:101.2,101.118 1 0
subsnotifpro-go/internal/playstore/user/repository/playstore_user_repo.go:101.118,103.3 1 0
subsnotifpro-go/internal/playstore/user/repository/playstore_user_repo.go:104.2,104.122 1 0
subsnotifpro-go/internal/playstore/user/repository/playstore_user_repo.go:104.122,106.3 1 0
subsnotifpro-go/internal/playstore/user/repository/playstore_user_repo.go:108.2,108.22 1 0
subsnotifpro-go/internal/playstore/user/repository/playstore_user_repo.go:108.22,109.85 1 0
subsnotifpro-go/internal/playstore/user/repository/playstore_user_repo.go:109.85,111.4 1 0
subsnotifpro-go/internal/playstore/user/repository/playstore_user_repo.go:113.3,113.81 1 0
subsnotifpro-go/internal/playstore/user/repository/playstore_user_repo.go:113.81,115.4 1 0
subsnotifpro-go/internal/playstore/user/repository/playstore_user_repo.go:118.2,118.23 1 0
subsnotifpro-go/internal/playstore/user/repository/playstore_user_repo.go:126.17,134.2 3 0
subsnotifpro-go/internal/subscription/consumer/consumer.go:33.80,47.51 2 0
subsnotifpro-go/internal/subscription/consumer/consumer.go:47.51,49.11 2 0
subsnotifpro-go/internal/subscription/consumer/consumer.go:49.11,51.5 1 0
subsnotifpro-go/internal/subscription/consumer/consumer.go:52.4,52.70 1 0
subsnotifpro-go/internal/subscription/consumer/consumer.go:57.2,57.17 1 0
subsnotifpro-go/internal/subscription/consumer/consumer.go:64.9,66.56 2 0
subsnotifpro-go/internal/subscription/consumer/consumer.go:66.56,70.3 3 0
subsnotifpro-go/internal/subscription/consumer/consumer.go:72.2,72.79 1 0
subsnotifpro-go/internal/subscription/consumer/consumer.go:72.79,75.3 2 0
subsnotifpro-go/internal/subscription/consumer/consumer.go:77.2,83.12 2 0
subsnotifpro-go/internal/subscription/consumer/consumer.go:87.67,89.2 1 0
subsnotifpro-go/internal/project/service/service.go:21.53,23.2 1 0
subsnotifpro-go/internal/project/service/service.go:25.103,33.2 3 0
subsnotifpro-go/internal/project/service/service.go:35.102,37.2 1 0
subsnotifpro-go/internal/playstore/user/service/playstore_user_service.go:24.146,29.2 1 0
subsnotifpro-go/internal/playstore/user/service/playstore_user_service.go:37.22,38.26 1 0
subsnotifpro-go/internal/playstore/user/service/playstore_user_service.go:38.26,40.3 1 0
subsnotifpro-go/internal/playstore/user/service/playstore_user_service.go:43.2,43.34 1 0
subsnotifpro-go/internal/playstore/user/service/playstore_user_service.go:43.34,45.3 1 0
subsnotifpro-go/internal/playstore/user/service/playstore_user_service.go:48.2,49.16 2 0
subsnotifpro-go/internal/playstore/user/service/playstore_user_service.go:49.16,51.3 1 0
subsnotifpro-go/internal/playstore/user/service/playstore_user_service.go:54.2,58.16 3 0
subsnotifpro-go/internal/playstore/user/service/playstore_user_service.go:58.16,60.3 1 0
subsnotifpro-go/internal/playstore/user/service/playstore_user_service.go:63.2,64.16 2 0
subsnotifpro-go/internal/playstore/user/service/playstore_user_service.go:64.16,66.3 1 0
subsnotifpro-go/internal/playstore/user/service/playstore_user_service.go:67.2,67.13 1 0
subsnotifpro-go/internal/playstore/user/service/playstore_user_service.go:67.13,69.3 1 0
subsnotifpro-go/internal/playstore/user/service/playstore_user_service.go:72.2,72.97 1 0
subsnotifpro-go/internal/playstore/user/service/playstore_user_service.go:72.97,74.3 1 0
subsnotifpro-go/internal/playstore/user/service/playstore_user_service.go:76.2,76.23 1 0
subsnotifpro-go/internal/subscription/handler/dashboard.go:19.78,21.2 1 0
subsnotifpro-go/internal/subscription/handler/dashboard.go:41.57,45.48 2 0
subsnotifpro-go/internal/subscription/handler/dashboard.go:45.48,48.3 2 0
subsnotifpro-go/internal/subscription/handler/dashboard.go:51.2,51.52 1 0
subsnotifpro-go/internal/subscription/handler/dashboard.go:51.52,53.3 1 0
subsnotifpro-go/internal/subscription/handler/dashboard.go:54.2,54.53 1 0
subsnotifpro-go/internal/subscription/handler/dashboard.go:54.53,56.3 1 0
subsnotifpro-go/internal/subscription/handler/dashboard.go:57.2,57.56 1 0
subsnotifpro-go/internal/subscription/handler/dashboard.go:57.56,59.3 1 0
subsnotifpro-go/internal/subscription/handler/dashboard.go:60.2,60.57 1 0
subsnotifpro-go/internal/subscription/handler/dashboard.go:60.57,62.3 1 0
subsnotifpro-go/internal/subscription/handler/dashboard.go:65.2,69.16 3 0
subsnotifpro-go/internal/subscription/handler/dashboard.go:69.16,73.3 3 0
subsnotifpro-go/internal/subscription/handler/dashboard.go:76.2,84.30 2 0
subsnotifpro-go/internal/subscription/handler/dashboard.go:84.30,103.3 1 0
subsnotifpro-go/internal/subscription/handler/dashboard.go:105.2,105.33 1 0
subsnotifpro-go/internal/subscription/handler/dashboard.go:108.57,109.19 1 0
subsnotifpro-go/internal/subscription/handler/dashboard.go:109.19,111.3 1 0
subsnotifpro-go/internal/subscription/handler/dashboard.go:112.2,113.30 2 0
subsnotifpro-go/internal/subscription/handler/dashboard.go:113.30,115.3 1 0
subsnotifpro-go/internal/subscription/handler/dashboard.go:116.2,116.19 1 0
subsnotifpro-go/internal/subscription/handler/subscription.go:20.109,24.2 1 0
subsnotifpro-go/internal/subscription/handler/subscription.go:39.76,42.26 2 0
subsnotifpro-go/internal/subscription/handler/subscription.go:42.26,45.3 2 0
subsnotifpro-go/internal/subscription/handler/subscription.go:47.2,51.16 4 0
subsnotifpro-go/internal/subscription/handler/subscription.go:51.16,54.3 2 0
subsnotifpro-go/internal/subscription/handler/subscription.go:56.2,56.89 1 0
subsnotifpro-go/internal/subscription/handler/subscription.go:73.77,81.26 3 0
subsnotifpro-go/internal/subscription/handler/subscription.go:81.26,85.3 3 0
subsnotifpro-go/internal/subscription/handler/subscription.go:88.2,89.28 2 0
subsnotifpro-go/internal/subscription/handler/subscription.go:89.28,93.3 3 0
subsnotifpro-go/internal/subscription/handler/subscription.go:95.2,96.50 2 0
subsnotifpro-go/internal/subscription/handler/subscription.go:96.50,100.3 3 0
subsnotifpro-go/internal/subscription/handler/subscription.go:103.2,104.16 2 0
subsnotifpro-go/internal/subscription/handler/subscription.go:104.16,109.54 2 0
subsnotifpro-go/internal/subscription/handler/subscription.go:109.54,111.4 1 0
subsnotifpro-go/internal/subscription/handler/subscription.go:111.9,111.60 1 0
subsnotifpro-go/internal/subscription/handler/subscription.go:111.60,113.4 1 0
subsnotifpro-go/internal/subscription/handler/subscription.go:113.9,115.4 1 0
subsnotifpro-go/internal/subscription/handler/subscription.go:116.3,116.9 1 0
subsnotifpro-go/internal/subscription/handler/subscription.go:119.2,125.89 2 0
subsnotifpro-go/internal/playstore/subscription/service/ack_state_resolver.go:21.9,29.87 2 0
subsnotifpro-go/internal/playstore/subscription/service/ack_state_resolver.go:29.87,31.3 1 0
subsnotifpro-go/internal/playstore/subscription/service/ack_state_resolver.go:33.2,33.12 1 0
subsnotifpro-go/internal/playstore/subscription/service/ack_state_resolver.go:46.9,57.87 2 0
subsnotifpro-go/internal/playstore/subscription/service/ack_state_resolver.go:57.87,59.3 1 0
subsnotifpro-go/internal/playstore/subscription/service/ack_state_resolver.go:61.2,61.12 1 0
subsnotifpro-go/internal/playstore/subscription/service/ack_state_resolver.go:73.41,76.58 1 0
subsnotifpro-go/internal/playstore/subscription/service/ack_state_resolver.go:76.58,78.3 1 0
subsnotifpro-go/internal/playstore/subscription/service/ack_state_resolver.go:81.2,86.16 1 0
subsnotifpro-go/internal/playstore/subscription/service/ack_state_resolver.go:86.16,88.3 1 0
subsnotifpro-go/internal/playstore/subscription/service/ack_state_resolver.go:91.2,96.16 2 0
subsnotifpro-go/internal/playstore/subscription/service/ack_state_resolver.go:96.16,98.3 1 0
subsnotifpro-go/internal/playstore/subscription/service/ack_state_resolver.go:101.2,102.31 2 0
subsnotifpro-go/internal/playstore/subscription/service/ack_state_resolver.go:102.31,104.3 1 0
subsnotifpro-go/internal/playstore/subscription/service/ack_state_resolver.go:107.2,117.16 1 0
subsnotifpro-go/internal/playstore/subscription/service/ack_state_resolver.go:117.16,119.3 1 0
subsnotifpro-go/internal/playstore/subscription/service/ack_state_resolver.go:121.2,121.29 1 0
subsnotifpro-go/internal/playstore/subscription/service/auto_renew_plan_resolver.go:22.23,23.45 1 0
subsnotifpro-go/internal/playstore/subscription/service/auto_renew_plan_resolver.go:23.45,25.3 1 0
subsnotifpro-go/internal/playstore/subscription/service/auto_renew_plan_resolver.go:27.2,45.64 4 0
subsnotifpro-go/internal/playstore/subscription/service/auto_renew_plan_resolver.go:45.64,49.17 2 0
subsnotifpro-go/internal/playstore/subscription/service/auto_renew_plan_resolver.go:49.17,51.4 1 0
subsnotifpro-go/internal/playstore/subscription/service/auto_renew_plan_resolver.go:52.3,52.57 1 0
subsnotifpro-go/internal/playstore/subscription/service/auto_renew_plan_resolver.go:56.2,56.64 1 0
subsnotifpro-go/internal/playstore/subscription/service/auto_renew_plan_resolver.go:56.64,60.17 2 0
subsnotifpro-go/internal/playstore/subscription/service/auto_renew_plan_resolver.go:60.17,62.4 1 0
subsnotifpro-go/internal/playstore/subscription/service/auto_renew_plan_resolver.go:63.3,63.51 1 0
subsnotifpro-go/internal/playstore/subscription/service/auto_renew_plan_resolver.go:66.2,66.50 1 0
subsnotifpro-go/internal/playstore/subscription/service/auto_renew_plan_resolver.go:66.50,68.3 1 0
subsnotifpro-go/internal/playstore/subscription/service/auto_renew_plan_resolver.go:71.2,85.50 2 0
subsnotifpro-go/internal/playstore/subscription/service/auto_renew_plan_resolver.go:85.50,87.3 1 0
subsnotifpro-go/internal/playstore/subscription/service/auto_renew_plan_resolver.go:89.2,89.26 1 0
subsnotifpro-go/internal/playstore/subscription/service/auto_renew_plan_resolver.go:99.23,100.45 1 0
subsnotifpro-go/internal/playstore/subscription/service/auto_renew_plan_resolver.go:100.45,102.3 1 0
subsnotifpro-go/internal/playstore/subscription/service/auto_renew_plan_resolver.go:105.2,105.51 1 0
subsnotifpro-go/internal/playstore/subscription/service/auto_renew_plan_resolver.go:105.51,107.3 1 0
subsnotifpro-go/internal/playstore/subscription/service/auto_renew_plan_resolver.go:108.2,127.51 9 0
subsnotifpro-go/internal/playstore/subscription/service/auto_renew_plan_resolver.go:127.51,131.3 2 0
subsnotifpro-go/internal/playstore/subscription/service/auto_renew_plan_resolver.go:133.2,133.88 1 0
subsnotifpro-go/internal/playstore/subscription/service/auto_renew_plan_resolver.go:133.88,136.3 1 0
subsnotifpro-go/internal/playstore/subscription/service/auto_renew_plan_resolver.go:138.2,138.51 1 0
subsnotifpro-go/internal/playstore/subscription/service/auto_renew_plan_resolver.go:138.51,142.3 2 0
subsnotifpro-go/internal/playstore/subscription/service/auto_renew_plan_resolver.go:145.2,145.64 1 0
subsnotifpro-go/internal/playstore/subscription/service/auto_renew_plan_resolver.go:145.64,149.47 3 0
subsnotifpro-go/internal/playstore/subscription/service/auto_renew_plan_resolver.go:149.47,153.4 1 0
subsnotifpro-go/internal/playstore/subscription/service/auto_renew_plan_resolver.go:153.9,157.4 1 0
subsnotifpro-go/internal/playstore/subscription/service/auto_renew_plan_resolver.go:159.3,159.17 1 0
subsnotifpro-go/internal/playstore/subscription/service/auto_renew_plan_resolver.go:159.17,161.4 1 0
subsnotifpro-go/internal/playstore/subscription/service/auto_renew_plan_resolver.go:163.3,164.65 1 0
subsnotifpro-go/internal/playstore/subscription/service/auto_renew_plan_resolver.go:164.65,166.4 1 0
subsnotifpro-go/internal/playstore/subscription/service/auto_renew_plan_resolver.go:170.2,170.64 1 0
subsnotifpro-go/internal/playstore/subscription/service/auto_renew_plan_resolver.go:170.64,174.44 3 0
subsnotifpro-go/internal/playstore/subscription/service/auto_renew_plan_resolver.go:174.44,179.4 1 0
subsnotifpro-go/internal/playstore/subscription/service/auto_renew_plan_resolver.go:179.9,183.4 1 0
subsnotifpro-go/internal/playstore/subscription/service/auto_renew_plan_resolver.go:185.3,185.17 1 0
subsnotifpro-go/internal/playstore/subscription/service/auto_renew_plan_resolver.go:185.17,187.4 1 0
subsnotifpro-go/internal/playstore/subscription/service/auto_renew_plan_resolver.go:189.3,190.59 1 0
subsnotifpro-go/internal/playstore/subscription/service/auto_renew_plan_resolver.go:190.59,192.4 1 0
subsnotifpro-go/internal/playstore/subscription/service/auto_renew_plan_resolver.go:196.2,196.23 1 0
subsnotifpro-go/internal/playstore/subscription/service/auto_renew_plan_resolver.go:196.23,198.3 1 0
subsnotifpro-go/internal/playstore/subscription/service/auto_renew_plan_resolver.go:201.2,201.71 1 0
subsnotifpro-go/internal/playstore/subscription/service/auto_renew_plan_resolver.go:201.71,203.3 1 0
subsnotifpro-go/internal/playstore/subscription/service/auto_renew_plan_resolver.go:206.2,223.50 2 0
subsnotifpro-go/internal/playstore/subscription/service/auto_renew_plan_resolver.go:223.50,225.3 1 0
subsnotifpro-go/internal/playstore/subscription/service/auto_renew_plan_resolver.go:227.2,227.30 1 0
subsnotifpro-go/internal/playstore/subscription/service/auto_renew_plan_resolver.go:235.9,238.45 1 0
subsnotifpro-go/internal/playstore/subscription/service/auto_renew_plan_resolver.go:238.45,240.3 1 0
subsnotifpro-go/internal/playstore/subscription/service/auto_renew_plan_resolver.go:242.2,259.50 3 0
subsnotifpro-go/internal/playstore/subscription/service/auto_renew_plan_resolver.go:259.50,261.3 1 0
subsnotifpro-go/internal/playstore/subscription/service/auto_renew_plan_resolver.go:264.2,264.38 1 0
subsnotifpro-go/internal/playstore/subscription/service/auto_renew_plan_resolver.go:264.38,265.93 1 0
subsnotifpro-go/internal/playstore/subscription/service/auto_renew_plan_resolver.go:265.93,267.4 1 0
subsnotifpro-go/internal/playstore/subscription/service/auto_renew_plan_resolver.go:270.2,270.35 1 0
subsnotifpro-go/internal/playstore/subscription/service/auto_renew_plan_resolver.go:270.35,271.90 1 0
subsnotifpro-go/internal/playstore/subscription/service/auto_renew_plan_resolver.go:271.90,273.4 1 0
subsnotifpro-go/internal/playstore/subscription/service/auto_renew_plan_resolver.go:277.2,277.47 1 0
subsnotifpro-go/internal/playstore/subscription/service/auto_renew_plan_resolver.go:277.47,279.3 1 0
subsnotifpro-go/internal/playstore/subscription/service/auto_renew_plan_resolver.go:281.2,281.12 1 0
subsnotifpro-go/internal/playstore/subscription/service/cancel_resolver.go:23.23,27.26 2 0
subsnotifpro-go/internal/playstore/subscription/service/cancel_resolver.go:28.36,29.89 1 0
subsnotifpro-go/internal/playstore/subscription/service/cancel_resolver.go:31.37,32.83 1 0
subsnotifpro-go/internal/playstore/subscription/service/cancel_resolver.go:34.64,36.18 1 0
subsnotifpro-go/internal/playstore/subscription/service/cancel_resolver.go:38.10,39.18 1 0
subsnotifpro-go/internal/playstore/subscription/service/cancel_resolver.go:50.23,96.2 1 0
subsnotifpro-go/internal/playstore/subscription/service/cancel_resolver.go:104.23,105.21 1 0
subsnotifpro-go/internal/playstore/subscription/service/cancel_resolver.go:105.21,107.3 1 0
subsnotifpro-go/internal/playstore/subscription/service/cancel_resolver.go:108.2,110.76 3 0
subsnotifpro-go/internal/playstore/subscription/service/cancel_resolver.go:110.76,112.3 1 0
subsnotifpro-go/internal/playstore/subscription/service/cancel_resolver.go:113.2,114.73 2 0
subsnotifpro-go/internal/playstore/subscription/service/cancel_resolver.go:121.50,134.2 1 0
subsnotifpro-go/internal/playstore/subscription/service/deferred_item_replace_resolver.go:22.23,23.52 1 0
subsnotifpro-go/internal/playstore/subscription/service/deferred_item_replace_resolver.go:23.52,25.3 1 0
subsnotifpro-go/internal/playstore/subscription/service/deferred_item_replace_resolver.go:27.2,34.54 2 0
subsnotifpro-go/internal/playstore/subscription/service/deferred_item_replace_resolver.go:34.54,36.3 1 0
subsnotifpro-go/internal/playstore/subscription/service/deferred_item_replace_resolver.go:38.2,47.50 2 0
subsnotifpro-go/internal/playstore/subscription/service/deferred_item_replace_resolver.go:47.50,49.3 1 0
subsnotifpro-go/internal/playstore/subscription/service/deferred_item_replace_resolver.go:51.2,51.30 1 0
subsnotifpro-go/internal/playstore/subscription/service/deferred_item_replace_resolver.go:61.23,62.52 1 0
subsnotifpro-go/internal/playstore/subscription/service/deferred_item_replace_resolver.go:62.52,65.3 1 0
subsnotifpro-go/internal/playstore/subscription/service/deferred_item_replace_resolver.go:68.2,70.38 2 0
subsnotifpro-go/internal/playstore/subscription/service/deferred_item_replace_resolver.go:70.38,71.45 1 0
subsnotifpro-go/internal/playstore/subscription/service/deferred_item_replace_resolver.go:71.45,74.4 1 0
subsnotifpro-go/internal/playstore/subscription/service/deferred_item_replace_resolver.go:75.3,75.87 1 0
subsnotifpro-go/internal/playstore/subscription/service/deferred_item_replace_resolver.go:79.2,80.59 1 0
subsnotifpro-go/internal/playstore/subscription/service/deferred_item_replace_resolver.go:80.59,83.3 1 0
subsnotifpro-go/internal/playstore/subscription/service/deferred_item_replace_resolver.go:86.2,102.67 3 0
subsnotifpro-go/internal/playstore/subscription/service/deferred_item_replace_resolver.go:102.67,104.3 1 0
subsnotifpro-go/internal/playstore/subscription/service/deferred_item_replace_resolver.go:107.2,107.50 1 0
subsnotifpro-go/internal/playstore/subscription/service/deferred_item_replace_resolver.go:107.50,109.3 1 0
subsnotifpro-go/internal/playstore/subscription/service/deferred_item_replace_resolver.go:111.2,111.26 1 0
subsnotifpro-go/internal/playstore/subscription/service/deferred_item_replace_resolver.go:120.9,122.52 1 0
subsnotifpro-go/internal/playstore/subscription/service/deferred_item_replace_resolver.go:122.52,124.3 1 0
subsnotifpro-go/internal/playstore/subscription/service/deferred_item_replace_resolver.go:126.2,138.50 3 0
subsnotifpro-go/internal/playstore/subscription/service/deferred_item_replace_resolver.go:138.50,140.3 1 0
subsnotifpro-go/internal/playstore/subscription/service/deferred_item_replace_resolver.go:143.2,143.53 1 0
subsnotifpro-go/internal/playstore/subscription/service/deferred_item_replace_resolver.go:143.53,145.3 1 0
subsnotifpro-go/internal/playstore/subscription/service/deferred_item_replace_resolver.go:147.2,147.12 1 0
subsnotifpro-go/internal/playstore/subscription/service/installment_plan_resolver.go:22.36,23.93 1 0
subsnotifpro-go/internal/playstore/subscription/service/installment_plan_resolver.go:23.93,25.3 1 0
subsnotifpro-go/internal/playstore/subscription/service/installment_plan_resolver.go:27.2,38.50 3 0
subsnotifpro-go/internal/playstore/subscription/service/installment_plan_resolver.go:38.50,41.3 2 0
subsnotifpro-go/internal/playstore/subscription/service/installment_plan_resolver.go:43.2,43.57 1 0
subsnotifpro-go/internal/playstore/subscription/service/installment_plan_resolver.go:43.57,45.3 1 0
subsnotifpro-go/internal/playstore/subscription/service/installment_plan_resolver.go:48.2,61.50 2 0
subsnotifpro-go/internal/playstore/subscription/service/installment_plan_resolver.go:61.50,63.3 1 0
subsnotifpro-go/internal/playstore/subscription/service/installment_plan_resolver.go:65.2,65.29 1 0
subsnotifpro-go/internal/playstore/subscription/service/installment_plan_resolver.go:75.36,76.93 1 0
subsnotifpro-go/internal/playstore/subscription/service/installment_plan_resolver.go:76.93,78.3 1 0
subsnotifpro-go/internal/playstore/subscription/service/installment_plan_resolver.go:80.2,80.106 1 0
subsnotifpro-go/internal/playstore/subscription/service/installment_plan_resolver.go:80.106,82.3 1 0
subsnotifpro-go/internal/playstore/subscription/service/installment_plan_resolver.go:84.2,87.28 4 0
subsnotifpro-go/internal/playstore/subscription/service/installment_plan_resolver.go:87.28,89.3 1 0
subsnotifpro-go/internal/playstore/subscription/service/installment_plan_resolver.go:91.2,119.67 4 0
subsnotifpro-go/internal/playstore/subscription/service/installment_plan_resolver.go:119.67,121.3 1 0
subsnotifpro-go/internal/playstore/subscription/service/installment_plan_resolver.go:124.2,124.50 1 0
subsnotifpro-go/internal/playstore/subscription/service/installment_plan_resolver.go:124.50,126.3 1 0
subsnotifpro-go/internal/playstore/subscription/service/installment_plan_resolver.go:128.2,128.22 1 0
subsnotifpro-go/internal/playstore/subscription/service/installment_plan_resolver.go:136.9,138.106 1 0
subsnotifpro-go/internal/playstore/subscription/service/installment_plan_resolver.go:138.106,140.3 1 0
subsnotifpro-go/internal/playstore/subscription/service/installment_plan_resolver.go:143.2,144.109 2 0
subsnotifpro-go/internal/playstore/subscription/service/installment_plan_resolver.go:144.109,145.45 1 0
subsnotifpro-go/internal/playstore/subscription/service/installment_plan_resolver.go:145.45,147.4 1 0
subsnotifpro-go/internal/playstore/subscription/service/installment_plan_resolver.go:148.3,148.64 1 0
subsnotifpro-go/internal/playstore/subscription/service/installment_plan_resolver.go:152.2,165.50 2 0
subsnotifpro-go/internal/playstore/subscription/service/installment_plan_resolver.go:165.50,167.3 1 0
subsnotifpro-go/internal/playstore/subscription/service/installment_plan_resolver.go:170.2,170.47 1 0
subsnotifpro-go/internal/playstore/subscription/service/installment_plan_resolver.go:170.47,172.3 1 0
subsnotifpro-go/internal/playstore/subscription/service/installment_plan_resolver.go:174.2,174.12 1 0
subsnotifpro-go/internal/playstore/subscription/service/line_items_resolver.go:23.42,26.33 1 0
subsnotifpro-go/internal/playstore/subscription/service/line_items_resolver.go:26.33,28.3 1 0
subsnotifpro-go/internal/playstore/subscription/service/line_items_resolver.go:30.2,35.40 4 0
subsnotifpro-go/internal/playstore/subscription/service/line_items_resolver.go:35.40,37.3 1 0
subsnotifpro-go/internal/playstore/subscription/service/line_items_resolver.go:40.2,40.44 1 0
subsnotifpro-go/internal/playstore/subscription/service/line_items_resolver.go:40.44,47.13 3 0
subsnotifpro-go/internal/playstore/subscription/service/line_items_resolver.go:47.13,53.18 2 0
subsnotifpro-go/internal/playstore/subscription/service/line_items_resolver.go:53.18,55.5 1 0
subsnotifpro-go/internal/playstore/subscription/service/line_items_resolver.go:56.4,57.26 2 0
subsnotifpro-go/internal/playstore/subscription/service/line_items_resolver.go:57.26,59.5 1 0
subsnotifpro-go/internal/playstore/subscription/service/line_items_resolver.go:60.4,60.45 1 0
subsnotifpro-go/internal/playstore/subscription/service/line_items_resolver.go:61.9,66.18 2 0
subsnotifpro-go/internal/playstore/subscription/service/line_items_resolver.go:66.18,68.5 1 0
subsnotifpro-go/internal/playstore/subscription/service/line_items_resolver.go:69.4,70.63 2 0
subsnotifpro-go/internal/playstore/subscription/service/line_items_resolver.go:75.2,75.53 1 0
subsnotifpro-go/internal/playstore/subscription/service/line_items_resolver.go:75.53,76.86 1 0
subsnotifpro-go/internal/playstore/subscription/service/line_items_resolver.go:76.86,78.4 1 0
subsnotifpro-go/internal/playstore/subscription/service/line_items_resolver.go:82.2,82.32 1 0
subsnotifpro-go/internal/playstore/subscription/service/line_items_resolver.go:82.32,83.98 1 0
subsnotifpro-go/internal/playstore/subscription/service/line_items_resolver.go:83.98,85.4 1 0
subsnotifpro-go/internal/playstore/subscription/service/line_items_resolver.go:88.2,88.27 1 0
subsnotifpro-go/internal/playstore/subscription/service/line_items_resolver.go:101.78,115.16 5 0
subsnotifpro-go/internal/playstore/subscription/service/line_items_resolver.go:115.16,117.3 1 0
subsnotifpro-go/internal/playstore/subscription/service/line_items_resolver.go:120.2,120.56 1 0
subsnotifpro-go/internal/playstore/subscription/service/line_items_resolver.go:120.56,122.3 1 0
subsnotifpro-go/internal/playstore/subscription/service/line_items_resolver.go:125.2,135.39 2 0
subsnotifpro-go/internal/playstore/subscription/service/line_items_resolver.go:145.78,161.16 4 0
subsnotifpro-go/internal/playstore/subscription/service/line_items_resolver.go:161.16,163.3 1 0
subsnotifpro-go/internal/playstore/subscription/service/line_items_resolver.go:166.2,166.58 1 0
subsnotifpro-go/internal/playstore/subscription/service/line_items_resolver.go:166.58,168.3 1 0
subsnotifpro-go/internal/playstore/subscription/service/line_items_resolver.go:171.2,182.39 2 0
subsnotifpro-go/internal/playstore/subscription/service/line_items_resolver.go:190.9,194.16 1 0
subsnotifpro-go/internal/playstore/subscription/service/line_items_resolver.go:194.16,196.3 1 0
subsnotifpro-go/internal/playstore/subscription/service/line_items_resolver.go:199.2,199.51 1 0
subsnotifpro-go/internal/playstore/subscription/service/line_items_resolver.go:199.51,201.3 1 0
subsnotifpro-go/internal/playstore/subscription/service/line_items_resolver.go:204.2,213.50 2 0
subsnotifpro-go/internal/playstore/subscription/service/line_items_resolver.go:213.50,215.3 1 0
subsnotifpro-go/internal/playstore/subscription/service/line_items_resolver.go:217.2,217.12 1 0
subsnotifpro-go/internal/playstore/subscription/service/line_items_resolver.go:228.9,230.45 1 0
subsnotifpro-go/internal/playstore/subscription/service/line_items_resolver.go:230.45,232.54 1 0
subsnotifpro-go/internal/playstore/subscription/service/line_items_resolver.go:232.54,237.18 1 0
subsnotifpro-go/internal/playstore/subscription/service/line_items_resolver.go:237.18,239.5 1 0
subsnotifpro-go/internal/playstore/subscription/service/line_items_resolver.go:240.9,247.18 2 0
subsnotifpro-go/internal/playstore/subscription/service/line_items_resolver.go:247.18,249.5 1 0
subsnotifpro-go/internal/playstore/subscription/service/line_items_resolver.go:250.4,250.57 1 0
subsnotifpro-go/internal/playstore/subscription/service/line_items_resolver.go:252.3,252.63 1 0
subsnotifpro-go/internal/playstore/subscription/service/line_items_resolver.go:256.2,256.40 1 0
subsnotifpro-go/internal/playstore/subscription/service/line_items_resolver.go:256.40,257.49 1 0
subsnotifpro-go/internal/playstore/subscription/service/line_items_resolver.go:257.49,262.18 1 0
subsnotifpro-go/internal/playstore/subscription/service/line_items_resolver.go:262.18,264.5 1 0
subsnotifpro-go/internal/playstore/subscription/service/line_items_resolver.go:265.9,271.18 2 0
subsnotifpro-go/internal/playstore/subscription/service/line_items_resolver.go:271.18,273.5 1 0
subsnotifpro-go/internal/playstore/subscription/service/line_items_resolver.go:274.4,274.55 1 0
subsnotifpro-go/internal/playstore/subscription/service/line_items_resolver.go:276.3,276.58 1 0
subsnotifpro-go/internal/playstore/subscription/service/line_items_resolver.go:280.2,280.41 1 0
subsnotifpro-go/internal/playstore/subscription/service/line_items_resolver.go:280.41,281.50 1 0
subsnotifpro-go/internal/playstore/subscription/service/line_items_resolver.go:281.50,285.18 1 0
subsnotifpro-go/internal/playstore/subscription/service/line_items_resolver.go:285.18,287.5 1 0
subsnotifpro-go/internal/playstore/subscription/service/line_items_resolver.go:288.9,293.18 2 0
subsnotifpro-go/internal/playstore/subscription/service/line_items_resolver.go:293.18,295.5 1 0
subsnotifpro-go/internal/playstore/subscription/service/line_items_resolver.go:296.4,296.57 1 0
subsnotifpro-go/internal/playstore/subscription/service/line_items_resolver.go:301.2,301.44 1 0
subsnotifpro-go/internal/playstore/subscription/service/line_items_resolver.go:301.44,302.53 1 0
subsnotifpro-go/internal/playstore/subscription/service/line_items_resolver.go:302.53,305.18 1 0
subsnotifpro-go/internal/playstore/subscription/service/line_items_resolver.go:305.18,307.5 1 0
subsnotifpro-go/internal/playstore/subscription/service/line_items_resolver.go:308.9,313.18 2 0
subsnotifpro-go/internal/playstore/subscription/service/line_items_resolver.go:313.18,315.5 1 0
subsnotifpro-go/internal/playstore/subscription/service/line_items_resolver.go:316.4,316.59 1 0
subsnotifpro-go/internal/playstore/subscription/service/line_items_resolver.go:321.2,321.52 1 0
subsnotifpro-go/internal/playstore/subscription/service/line_items_resolver.go:321.52,322.61 1 0
subsnotifpro-go/internal/playstore/subscription/service/line_items_resolver.go:322.61,326.18 1 0
subsnotifpro-go/internal/playstore/subscription/service/line_items_resolver.go:326.18,328.5 1 0
subsnotifpro-go/internal/playstore/subscription/service/line_items_resolver.go:329.9,334.18 2 0
subsnotifpro-go/internal/playstore/subscription/service/line_items_resolver.go:334.18,336.5 1 0
subsnotifpro-go/internal/playstore/subscription/service/line_items_resolver.go:337.4,337.68 1 0
subsnotifpro-go/internal/playstore/subscription/service/line_items_resolver.go:341.2,341.12 1 0
subsnotifpro-go/internal/playstore/subscription/service/line_items_resolver.go:352.9,354.45 1 0
subsnotifpro-go/internal/playstore/subscription/service/line_items_resolver.go:354.45,360.17 2 0
subsnotifpro-go/internal/playstore/subscription/service/line_items_resolver.go:360.17,362.4 1 0
subsnotifpro-go/internal/playstore/subscription/service/line_items_resolver.go:363.3,364.58 2 0
subsnotifpro-go/internal/playstore/subscription/service/line_items_resolver.go:368.2,368.40 1 0
subsnotifpro-go/internal/playstore/subscription/service/line_items_resolver.go:368.40,373.17 2 0
subsnotifpro-go/internal/playstore/subscription/service/line_items_resolver.go:373.17,375.4 1 0
subsnotifpro-go/internal/playstore/subscription/service/line_items_resolver.go:376.3,377.53 2 0
subsnotifpro-go/internal/playstore/subscription/service/line_items_resolver.go:381.2,381.41 1 0
subsnotifpro-go/internal/playstore/subscription/service/line_items_resolver.go:381.41,386.17 2 0
subsnotifpro-go/internal/playstore/subscription/service/line_items_resolver.go:386.17,388.4 1 0
subsnotifpro-go/internal/playstore/subscription/service/line_items_resolver.go:389.3,389.51 1 0
subsnotifpro-go/internal/playstore/subscription/service/line_items_resolver.go:393.2,393.44 1 0
subsnotifpro-go/internal/playstore/subscription/service/line_items_resolver.go:393.44,398.17 2 0
subsnotifpro-go/internal/playstore/subscription/service/line_items_resolver.go:398.17,400.4 1 0
subsnotifpro-go/internal/playstore/subscription/service/line_items_resolver.go:401.3,401.53 1 0
subsnotifpro-go/internal/playstore/subscription/service/line_items_resolver.go:405.2,405.52 1 0
subsnotifpro-go/internal/playstore/subscription/service/line_items_resolver.go:405.52,410.17 2 0
subsnotifpro-go/internal/playstore/subscription/service/line_items_resolver.go:410.17,412.4 1 0
subsnotifpro-go/internal/playstore/subscription/service/line_items_resolver.go:413.3,413.62 1 0
subsnotifpro-go/internal/playstore/subscription/service/line_items_resolver.go:416.2,416.12 1 0
subsnotifpro-go/internal/playstore/subscription/service/line_items_resolver.go:424.9,426.47 1 0
subsnotifpro-go/internal/playstore/subscription/service/line_items_resolver.go:426.47,429.17 1 0
subsnotifpro-go/internal/playstore/subscription/service/line_items_resolver.go:429.17,431.4 1 0
subsnotifpro-go/internal/playstore/subscription/service/line_items_resolver.go:435.2,435.42 1 0
subsnotifpro-go/internal/playstore/subscription/service/line_items_resolver.go:435.42,438.17 1 0
subsnotifpro-go/internal/playstore/subscription/service/line_items_resolver.go:438.17,440.4 1 0
subsnotifpro-go/internal/playstore/subscription/service/line_items_resolver.go:444.2,444.43 1 0
subsnotifpro-go/internal/playstore/subscription/service/line_items_resolver.go:444.43,447.17 1 0
subsnotifpro-go/internal/playstore/subscription/service/line_items_resolver.go:447.17,449.4 1 0
subsnotifpro-go/internal/playstore/subscription/service/line_items_resolver.go:453.2,453.46 1 0
subsnotifpro-go/internal/playstore/subscription/service/line_items_resolver.go:453.46,456.17 1 0
subsnotifpro-go/internal/playstore/subscription/service/line_items_resolver.go:456.17,458.4 1 0
subsnotifpro-go/internal/playstore/subscription/service/line_items_resolver.go:462.2,462.54 1 0
subsnotifpro-go/internal/playstore/subscription/service/line_items_resolver.go:462.54,465.17 1 0
subsnotifpro-go/internal/playstore/subscription/service/line_items_resolver.go:465.17,467.4 1 0
subsnotifpro-go/internal/playstore/subscription/service/line_items_resolver.go:470.2,470.12 1 0
subsnotifpro-go/internal/playstore/subscription/service/linked_purchase_resolver.go:20.23,21.43 1 0
subsnotifpro-go/internal/playstore/subscription/service/linked_purchase_resolver.go:21.43,23.3 1 0
subsnotifpro-go/internal/playstore/subscription/service/linked_purchase_resolver.go:25.2,26.23 2 0
subsnotifpro-go/internal/playstore/subscription/service/linked_purchase_resolver.go:26.23,28.3 1 0
subsnotifpro-go/internal/playstore/subscription/service/linked_purchase_resolver.go:31.2,32.16 2 0
subsnotifpro-go/internal/playstore/subscription/service/linked_purchase_resolver.go:32.16,33.45 1 0
subsnotifpro-go/internal/playstore/subscription/service/linked_purchase_resolver.go:33.45,36.4 1 0
subsnotifpro-go/internal/playstore/subscription/service/linked_purchase_resolver.go:37.3,37.72 1 0
subsnotifpro-go/internal/playstore/subscription/service/linked_purchase_resolver.go:40.2,40.24 1 0
subsnotifpro-go/internal/playstore/subscription/service/offer_resolver.go:24.23,25.41 1 0
subsnotifpro-go/internal/playstore/subscription/service/offer_resolver.go:25.41,27.3 1 0
subsnotifpro-go/internal/playstore/subscription/service/offer_resolver.go:29.2,44.16 8 0
subsnotifpro-go/internal/playstore/subscription/service/offer_resolver.go:44.16,46.3 1 0
subsnotifpro-go/internal/playstore/subscription/service/offer_resolver.go:49.2,57.26 3 0
subsnotifpro-go/internal/playstore/subscription/service/offer_resolver.go:57.26,59.3 1 0
subsnotifpro-go/internal/playstore/subscription/service/offer_resolver.go:62.2,62.25 1 0
subsnotifpro-go/internal/playstore/subscription/service/offer_resolver.go:62.25,75.17 3 0
subsnotifpro-go/internal/playstore/subscription/service/offer_resolver.go:75.17,77.4 1 0
subsnotifpro-go/internal/playstore/subscription/service/offer_resolver.go:78.3,80.24 2 0
subsnotifpro-go/internal/playstore/subscription/service/offer_resolver.go:80.24,91.18 2 0
subsnotifpro-go/internal/playstore/subscription/service/offer_resolver.go:91.18,93.5 1 0
subsnotifpro-go/internal/playstore/subscription/service/offer_resolver.go:94.4,94.30 1 0
subsnotifpro-go/internal/playstore/subscription/service/offer_resolver.go:95.9,97.4 1 0
subsnotifpro-go/internal/playstore/subscription/service/offer_resolver.go:98.8,101.3 1 0
subsnotifpro-go/internal/playstore/subscription/service/offer_resolver.go:104.2,117.54 2 0
subsnotifpro-go/internal/playstore/subscription/service/offer_resolver.go:117.54,119.3 1 0
subsnotifpro-go/internal/playstore/subscription/service/offer_resolver.go:122.2,138.50 2 0
subsnotifpro-go/internal/playstore/subscription/service/offer_resolver.go:138.50,140.3 1 0
subsnotifpro-go/internal/playstore/subscription/service/offer_resolver.go:142.2,142.30 1 0
subsnotifpro-go/internal/playstore/subscription/service/offer_resolver.go:153.23,154.41 1 0
subsnotifpro-go/internal/playstore/subscription/service/offer_resolver.go:154.41,156.3 1 0
subsnotifpro-go/internal/playstore/subscription/service/offer_resolver.go:158.2,158.47 1 0
subsnotifpro-go/internal/playstore/subscription/service/offer_resolver.go:158.47,160.3 1 0
subsnotifpro-go/internal/playstore/subscription/service/offer_resolver.go:162.2,179.16 8 0
subsnotifpro-go/internal/playstore/subscription/service/offer_resolver.go:179.16,181.3 1 0
subsnotifpro-go/internal/playstore/subscription/service/offer_resolver.go:184.2,192.26 3 0
subsnotifpro-go/internal/playstore/subscription/service/offer_resolver.go:192.26,194.3 1 0
subsnotifpro-go/internal/playstore/subscription/service/offer_resolver.go:197.2,197.25 1 0
subsnotifpro-go/internal/playstore/subscription/service/offer_resolver.go:197.25,210.17 3 0
subsnotifpro-go/internal/playstore/subscription/service/offer_resolver.go:210.17,212.4 1 0
subsnotifpro-go/internal/playstore/subscription/service/offer_resolver.go:213.3,215.24 2 0
subsnotifpro-go/internal/playstore/subscription/service/offer_resolver.go:215.24,226.18 2 0
subsnotifpro-go/internal/playstore/subscription/service/offer_resolver.go:226.18,228.5 1 0
subsnotifpro-go/internal/playstore/subscription/service/offer_resolver.go:229.4,229.30 1 0
subsnotifpro-go/internal/playstore/subscription/service/offer_resolver.go:230.9,232.4 1 0
subsnotifpro-go/internal/playstore/subscription/service/offer_resolver.go:234.8,237.3 1 0
subsnotifpro-go/internal/playstore/subscription/service/offer_resolver.go:240.2,273.67 3 0
subsnotifpro-go/internal/playstore/subscription/service/offer_resolver.go:273.67,275.3 1 0
subsnotifpro-go/internal/playstore/subscription/service/offer_resolver.go:278.2,278.50 1 0
subsnotifpro-go/internal/playstore/subscription/service/offer_resolver.go:278.50,280.3 1 0
subsnotifpro-go/internal/playstore/subscription/service/offer_resolver.go:282.2,282.26 1 0
subsnotifpro-go/internal/playstore/subscription/service/offer_resolver.go:291.9,293.41 1 0
subsnotifpro-go/internal/playstore/subscription/service/offer_resolver.go:293.41,295.3 1 0
subsnotifpro-go/internal/playstore/subscription/service/offer_resolver.go:297.2,317.50 3 0
subsnotifpro-go/internal/playstore/subscription/service/offer_resolver.go:317.50,319.3 1 0
subsnotifpro-go/internal/playstore/subscription/service/offer_resolver.go:322.2,322.47 1 0
subsnotifpro-go/internal/playstore/subscription/service/offer_resolver.go:322.47,324.3 1 0
subsnotifpro-go/internal/playstore/subscription/service/offer_resolver.go:326.2,326.12 1 0
subsnotifpro-go/internal/playstore/subscription/service/offer_resolver.go:333.26,336.16 2 0
subsnotifpro-go/internal/playstore/subscription/service/offer_resolver.go:336.16,338.3 1 0
subsnotifpro-go/internal/playstore/subscription/service/offer_resolver.go:341.2,345.8 1 0
subsnotifpro-go/internal/playstore/subscription/service/offer_resolver.go:352.17,355.16 2 0
subsnotifpro-go/internal/playstore/subscription/service/offer_resolver.go:355.16,358.3 1 0
subsnotifpro-go/internal/playstore/subscription/service/offer_resolver.go:361.2,361.31 1 0
subsnotifpro-go/internal/playstore/subscription/service/offer_resolver.go:373.26,375.62 1 0
subsnotifpro-go/internal/playstore/subscription/service/offer_resolver.go:375.62,377.3 1 0
subsnotifpro-go/internal/playstore/subscription/service/offer_resolver.go:380.2,388.16 2 0
subsnotifpro-go/internal/playstore/subscription/service/offer_resolver.go:388.16,390.3 1 0
subsnotifpro-go/internal/playstore/subscription/service/offer_resolver.go:393.2,397.8 1 0
subsnotifpro-go/internal/playstore/subscription/service/order_resolver.go:19.19,21.21 1 0
subsnotifpro-go/internal/playstore/subscription/service/order_resolver.go:21.21,23.3 1 0
subsnotifpro-go/internal/playstore/subscription/service/order_resolver.go:26.2,26.42 1 0
subsnotifpro-go/internal/playstore/subscription/service/order_resolver.go:26.42,28.3 1 0
subsnotifpro-go/internal/playstore/subscription/service/order_resolver.go:31.2,38.74 2 0
subsnotifpro-go/internal/playstore/subscription/service/order_resolver.go:38.74,40.3 1 0
subsnotifpro-go/internal/playstore/subscription/service/order_resolver.go:42.2,42.24 1 0
subsnotifpro-go/internal/playstore/subscription/service/paused_resolver.go:24.23,28.26 2 0
subsnotifpro-go/internal/playstore/subscription/service/paused_resolver.go:29.48,30.102 1 0
subsnotifpro-go/internal/playstore/subscription/service/paused_resolver.go:32.34,33.88 1 0
subsnotifpro-go/internal/playstore/subscription/service/paused_resolver.go:35.35,36.80 1 0
subsnotifpro-go/internal/playstore/subscription/service/paused_resolver.go:38.64,39.80 1 0
subsnotifpro-go/internal/playstore/subscription/service/paused_resolver.go:42.2,42.17 1 0
subsnotifpro-go/internal/playstore/subscription/service/paused_resolver.go:53.23,59.21 3 0
subsnotifpro-go/internal/playstore/subscription/service/paused_resolver.go:59.21,66.71 6 0
subsnotifpro-go/internal/playstore/subscription/service/paused_resolver.go:66.71,68.4 1 0
subsnotifpro-go/internal/playstore/subscription/service/paused_resolver.go:69.3,71.17 3 0
subsnotifpro-go/internal/playstore/subscription/service/paused_resolver.go:71.17,74.4 2 0
subsnotifpro-go/internal/playstore/subscription/service/paused_resolver.go:75.3,75.27 1 0
subsnotifpro-go/internal/playstore/subscription/service/paused_resolver.go:78.2,87.68 2 0
subsnotifpro-go/internal/playstore/subscription/service/paused_resolver.go:87.68,89.3 1 0
subsnotifpro-go/internal/playstore/subscription/service/paused_resolver.go:90.2,92.72 2 0
subsnotifpro-go/internal/playstore/subscription/service/paused_resolver.go:103.23,106.21 2 0
subsnotifpro-go/internal/playstore/subscription/service/paused_resolver.go:106.21,121.69 3 0
subsnotifpro-go/internal/playstore/subscription/service/paused_resolver.go:121.69,123.4 1 0
subsnotifpro-go/internal/playstore/subscription/service/paused_resolver.go:124.3,125.73 2 0
subsnotifpro-go/internal/playstore/subscription/service/paused_resolver.go:129.2,133.70 4 0
subsnotifpro-go/internal/playstore/subscription/service/paused_resolver.go:133.70,135.3 1 0
subsnotifpro-go/internal/playstore/subscription/service/paused_resolver.go:136.2,137.74 2 0
subsnotifpro-go/internal/playstore/subscription/service/paused_resolver.go:147.23,148.21 1 0
subsnotifpro-go/internal/playstore/subscription/service/paused_resolver.go:148.21,150.3 1 0
subsnotifpro-go/internal/playstore/subscription/service/paused_resolver.go:151.2,155.70 5 0
subsnotifpro-go/internal/playstore/subscription/service/paused_resolver.go:155.70,157.3 1 0
subsnotifpro-go/internal/playstore/subscription/service/paused_resolver.go:158.2,159.74 2 0
subsnotifpro-go/internal/playstore/subscription/service/paused_resolver.go:168.23,169.21 1 0
subsnotifpro-go/internal/playstore/subscription/service/paused_resolver.go:169.21,171.3 1 0
subsnotifpro-go/internal/playstore/subscription/service/paused_resolver.go:172.2,175.70 4 0
subsnotifpro-go/internal/playstore/subscription/service/paused_resolver.go:175.70,177.3 1 0
subsnotifpro-go/internal/playstore/subscription/service/paused_resolver.go:178.2,179.74 2 0
subsnotifpro-go/internal/playstore/subscription/service/paused_resolver.go:187.44,206.2 1 0
subsnotifpro-go/internal/playstore/subscription/service/paused_resolver.go:208.25,210.2 1 0
subsnotifpro-go/internal/playstore/subscription/service/prepaid_plan_resolver.go:23.23,24.40 1 0
subsnotifpro-go/internal/playstore/subscription/service/prepaid_plan_resolver.go:24.40,26.3 1 0
subsnotifpro-go/internal/playstore/subscription/service/prepaid_plan_resolver.go:29.2,41.53 4 0
subsnotifpro-go/internal/playstore/subscription/service/prepaid_plan_resolver.go:41.53,43.3 1 0
subsnotifpro-go/internal/playstore/subscription/service/prepaid_plan_resolver.go:46.2,56.50 2 0
subsnotifpro-go/internal/playstore/subscription/service/prepaid_plan_resolver.go:56.50,58.3 1 0
subsnotifpro-go/internal/playstore/subscription/service/prepaid_plan_resolver.go:60.2,60.29 1 0
subsnotifpro-go/internal/playstore/subscription/service/prepaid_plan_resolver.go:70.23,71.40 1 0
subsnotifpro-go/internal/playstore/subscription/service/prepaid_plan_resolver.go:71.40,73.3 1 0
subsnotifpro-go/internal/playstore/subscription/service/prepaid_plan_resolver.go:75.2,75.46 1 0
subsnotifpro-go/internal/playstore/subscription/service/prepaid_plan_resolver.go:75.46,77.3 1 0
subsnotifpro-go/internal/playstore/subscription/service/prepaid_plan_resolver.go:79.2,99.36 6 0
subsnotifpro-go/internal/playstore/subscription/service/prepaid_plan_resolver.go:99.36,101.71 1 0
subsnotifpro-go/internal/playstore/subscription/service/prepaid_plan_resolver.go:101.71,104.4 2 0
subsnotifpro-go/internal/playstore/subscription/service/prepaid_plan_resolver.go:105.8,105.53 1 0
subsnotifpro-go/internal/playstore/subscription/service/prepaid_plan_resolver.go:105.53,109.3 2 0
subsnotifpro-go/internal/playstore/subscription/service/prepaid_plan_resolver.go:112.2,112.51 1 0
subsnotifpro-go/internal/playstore/subscription/service/prepaid_plan_resolver.go:112.51,115.3 2 0
subsnotifpro-go/internal/playstore/subscription/service/prepaid_plan_resolver.go:118.2,118.23 1 0
subsnotifpro-go/internal/playstore/subscription/service/prepaid_plan_resolver.go:118.23,120.3 1 0
subsnotifpro-go/internal/playstore/subscription/service/prepaid_plan_resolver.go:123.2,123.71 1 0
subsnotifpro-go/internal/playstore/subscription/service/prepaid_plan_resolver.go:123.71,125.3 1 0
subsnotifpro-go/internal/playstore/subscription/service/prepaid_plan_resolver.go:128.2,128.50 1 0
subsnotifpro-go/internal/playstore/subscription/service/prepaid_plan_resolver.go:128.50,130.3 1 0
subsnotifpro-go/internal/playstore/subscription/service/prepaid_plan_resolver.go:132.2,132.30 1 0
subsnotifpro-go/internal/playstore/subscription/service/prepaid_plan_resolver.go:140.9,143.40 1 0
subsnotifpro-go/internal/playstore/subscription/service/prepaid_plan_resolver.go:143.40,145.3 1 0
subsnotifpro-go/internal/playstore/subscription/service/prepaid_plan_resolver.go:147.2,161.50 3 0
subsnotifpro-go/internal/playstore/subscription/service/prepaid_plan_resolver.go:161.50,163.3 1 0
subsnotifpro-go/internal/playstore/subscription/service/prepaid_plan_resolver.go:166.2,166.47 1 0
subsnotifpro-go/internal/playstore/subscription/service/prepaid_plan_resolver.go:166.47,168.3 1 0
subsnotifpro-go/internal/playstore/subscription/service/prepaid_plan_resolver.go:170.2,170.12 1 0
subsnotifpro-go/internal/playstore/subscription/service/price_change_resolver.go:20.55,21.93 1 0
subsnotifpro-go/internal/playstore/subscription/service/price_change_resolver.go:21.93,23.3 1 0
subsnotifpro-go/internal/playstore/subscription/service/price_change_resolver.go:25.2,48.53 7 0
subsnotifpro-go/internal/playstore/subscription/service/price_change_resolver.go:48.53,50.3 1 0
subsnotifpro-go/internal/playstore/subscription/service/price_change_resolver.go:53.2,66.50 2 0
subsnotifpro-go/internal/playstore/subscription/service/price_change_resolver.go:66.50,68.3 1 0
subsnotifpro-go/internal/playstore/subscription/service/price_change_resolver.go:70.2,70.25 1 0
subsnotifpro-go/internal/playstore/subscription/service/price_change_resolver.go:79.55,80.93 1 0
subsnotifpro-go/internal/playstore/subscription/service/price_change_resolver.go:80.93,82.3 1 0
subsnotifpro-go/internal/playstore/subscription/service/price_change_resolver.go:84.2,84.109 1 0
subsnotifpro-go/internal/playstore/subscription/service/price_change_resolver.go:84.109,86.3 1 0
subsnotifpro-go/internal/playstore/subscription/service/price_change_resolver.go:88.2,111.67 8 0
subsnotifpro-go/internal/playstore/subscription/service/price_change_resolver.go:111.67,113.3 1 0
subsnotifpro-go/internal/playstore/subscription/service/price_change_resolver.go:116.2,133.50 2 0
subsnotifpro-go/internal/playstore/subscription/service/price_change_resolver.go:133.50,135.3 1 0
subsnotifpro-go/internal/playstore/subscription/service/price_change_resolver.go:137.2,137.22 1 0
subsnotifpro-go/internal/playstore/subscription/service/price_change_resolver.go:145.9,147.109 1 0
subsnotifpro-go/internal/playstore/subscription/service/price_change_resolver.go:147.109,149.3 1 0
subsnotifpro-go/internal/playstore/subscription/service/price_change_resolver.go:152.2,153.115 2 0
subsnotifpro-go/internal/playstore/subscription/service/price_change_resolver.go:153.115,154.45 1 0
subsnotifpro-go/internal/playstore/subscription/service/price_change_resolver.go:154.45,156.4 1 0
subsnotifpro-go/internal/playstore/subscription/service/price_change_resolver.go:157.3,157.68 1 0
subsnotifpro-go/internal/playstore/subscription/service/price_change_resolver.go:161.2,174.50 2 0
subsnotifpro-go/internal/playstore/subscription/service/price_change_resolver.go:174.50,176.3 1 0
subsnotifpro-go/internal/playstore/subscription/service/price_change_resolver.go:179.2,179.50 1 0
subsnotifpro-go/internal/playstore/subscription/service/price_change_resolver.go:179.50,181.3 1 0
subsnotifpro-go/internal/playstore/subscription/service/price_change_resolver.go:183.2,183.12 1 0
subsnotifpro-go/internal/playstore/subscription/service/service.go:52.32,61.2 1 0
subsnotifpro-go/internal/playstore/subscription/service/service.go:67.9,73.9 3 0
subsnotifpro-go/internal/playstore/subscription/service/service.go:73.9,75.3 1 0
subsnotifpro-go/internal/playstore/subscription/service/service.go:78.2,83.77 5 0
subsnotifpro-go/internal/playstore/subscription/service/service.go:83.77,85.3 1 0
subsnotifpro-go/internal/playstore/subscription/service/service.go:88.2,88.75 1 0
subsnotifpro-go/internal/playstore/subscription/service/service.go:88.75,90.3 1 0
subsnotifpro-go/internal/playstore/subscription/service/service.go:92.2,93.24 2 0
subsnotifpro-go/internal/playstore/subscription/service/service.go:93.24,95.3 1 0
subsnotifpro-go/internal/playstore/subscription/service/service.go:98.2,101.16 2 0
subsnotifpro-go/internal/playstore/subscription/service/service.go:101.16,103.3 1 0
subsnotifpro-go/internal/playstore/subscription/service/service.go:106.2,107.59 2 0
subsnotifpro-go/internal/playstore/subscription/service/service.go:107.59,109.3 1 0
subsnotifpro-go/internal/playstore/subscription/service/service.go:112.2,112.21 1 0
subsnotifpro-go/internal/playstore/subscription/service/service.go:112.21,116.17 2 0
subsnotifpro-go/internal/playstore/subscription/service/service.go:116.17,118.4 1 0
subsnotifpro-go/internal/playstore/subscription/service/service.go:120.3,120.25 1 0
subsnotifpro-go/internal/playstore/subscription/service/service.go:120.25,122.4 1 0
subsnotifpro-go/internal/playstore/subscription/service/service.go:123.3,123.39 1 0
subsnotifpro-go/internal/playstore/subscription/service/service.go:123.39,125.4 1 0
subsnotifpro-go/internal/playstore/subscription/service/service.go:126.3,126.66 1 0
subsnotifpro-go/internal/playstore/subscription/service/service.go:126.66,128.4 1 0
subsnotifpro-go/internal/playstore/subscription/service/service.go:130.3,145.128 3 0
subsnotifpro-go/internal/playstore/subscription/service/service.go:145.128,148.4 2 0
subsnotifpro-go/internal/playstore/subscription/service/service.go:150.3,150.13 1 0
subsnotifpro-go/internal/playstore/subscription/service/service.go:152.8,155.17 2 0
subsnotifpro-go/internal/playstore/subscription/service/service.go:155.17,157.4 1 0
subsnotifpro-go/internal/playstore/subscription/service/service.go:159.3,163.134 3 0
subsnotifpro-go/internal/playstore/subscription/service/service.go:163.134,165.4 1 0
subsnotifpro-go/internal/playstore/subscription/service/service.go:167.3,167.13 1 0
subsnotifpro-go/internal/playstore/subscription/service/service.go:182.43,184.58 1 0
subsnotifpro-go/internal/playstore/subscription/service/service.go:184.58,186.3 1 0
subsnotifpro-go/internal/playstore/subscription/service/service.go:188.2,195.82 5 0
subsnotifpro-go/internal/playstore/subscription/service/service.go:195.82,197.3 1 0
subsnotifpro-go/internal/playstore/subscription/service/service.go:200.2,216.68 4 0
subsnotifpro-go/internal/playstore/subscription/service/service.go:216.68,218.3 1 0
subsnotifpro-go/internal/playstore/subscription/service/service.go:221.2,226.16 2 0
subsnotifpro-go/internal/playstore/subscription/service/service.go:226.16,228.3 1 0
subsnotifpro-go/internal/playstore/subscription/service/service.go:231.2,234.16 1 0
subsnotifpro-go/internal/playstore/subscription/service/service.go:234.16,236.3 1 0
subsnotifpro-go/internal/playstore/subscription/service/service.go:239.2,240.40 2 0
subsnotifpro-go/internal/playstore/subscription/service/service.go:240.40,244.17 1 0
subsnotifpro-go/internal/playstore/subscription/service/service.go:244.17,246.4 1 0
subsnotifpro-go/internal/playstore/subscription/service/service.go:250.2,253.16 2 0
subsnotifpro-go/internal/playstore/subscription/service/service.go:253.16,255.3 1 0
subsnotifpro-go/internal/playstore/subscription/service/service.go:258.2,264.16 2 0
subsnotifpro-go/internal/playstore/subscription/service/service.go:264.16,266.3 1 0
subsnotifpro-go/internal/playstore/subscription/service/service.go:269.2,269.27 1 0
subsnotifpro-go/internal/playstore/subscription/service/service.go:269.27,270.96 1 0
subsnotifpro-go/internal/playstore/subscription/service/service.go:270.96,272.4 1 0
subsnotifpro-go/internal/playstore/subscription/service/service.go:275.2,275.21 1 0
subsnotifpro-go/internal/playstore/subscription/service/service.go:280.77,281.30 1 0
subsnotifpro-go/internal/playstore/subscription/service/service.go:281.30,283.3 1 0
subsnotifpro-go/internal/playstore/subscription/service/service.go:284.2,284.37 1 0
subsnotifpro-go/internal/playstore/subscription/service/service.go:284.37,286.3 1 0
subsnotifpro-go/internal/playstore/subscription/service/service.go:287.2,287.12 1 0
subsnotifpro-go/internal/playstore/subscription/service/service.go:300.9,303.16 1 0
subsnotifpro-go/internal/playstore/subscription/service/service.go:303.16,305.3 1 0
subsnotifpro-go/internal/playstore/subscription/service/service.go:307.2,310.16 1 0
subsnotifpro-go/internal/playstore/subscription/service/service.go:310.16,312.3 1 0
subsnotifpro-go/internal/playstore/subscription/service/service.go:313.2,313.12 1 0
subsnotifpro-go/internal/playstore/subscription/service/service.go:324.9,329.16 2 0
subsnotifpro-go/internal/playstore/subscription/service/service.go:329.16,331.3 1 0
subsnotifpro-go/internal/playstore/subscription/service/service.go:332.2,334.12 3 0
subsnotifpro-go/internal/playstore/subscription/service/service.go:347.9,352.16 2 0
subsnotifpro-go/internal/playstore/subscription/service/service.go:352.16,354.3 1 0
subsnotifpro-go/internal/playstore/subscription/service/service.go:356.2,356.27 1 0
subsnotifpro-go/internal/playstore/subscription/service/service.go:356.27,358.3 1 0
subsnotifpro-go/internal/playstore/subscription/service/service.go:360.2,360.12 1 0
subsnotifpro-go/internal/playstore/subscription/service/service.go:370.43,377.16 2 0
subsnotifpro-go/internal/playstore/subscription/service/service.go:377.16,379.3 1 0
subsnotifpro-go/internal/playstore/subscription/service/service.go:382.2,390.16 4 0
subsnotifpro-go/internal/playstore/subscription/service/service.go:390.16,392.3 1 0
subsnotifpro-go/internal/playstore/subscription/service/service.go:395.2,397.16 1 0
subsnotifpro-go/internal/playstore/subscription/service/service.go:397.16,399.3 1 0
subsnotifpro-go/internal/playstore/subscription/service/service.go:402.2,404.16 1 0
subsnotifpro-go/internal/playstore/subscription/service/service.go:404.16,406.3 1 0
subsnotifpro-go/internal/playstore/subscription/service/service.go:409.2,411.16 1 0
subsnotifpro-go/internal/playstore/subscription/service/service.go:411.16,413.3 1 0
subsnotifpro-go/internal/playstore/subscription/service/service.go:416.2,416.27 1 0
subsnotifpro-go/internal/playstore/subscription/service/service.go:416.27,417.93 1 0
subsnotifpro-go/internal/playstore/subscription/service/service.go:417.93,419.4 1 0
subsnotifpro-go/internal/playstore/subscription/service/service.go:422.2,422.22 1 0
subsnotifpro-go/internal/playstore/subscription/service/service.go:434.9,437.16 1 0
subsnotifpro-go/internal/playstore/subscription/service/service.go:437.16,439.3 1 0
subsnotifpro-go/internal/playstore/subscription/service/service.go:442.2,445.16 2 0
subsnotifpro-go/internal/playstore/subscription/service/service.go:445.16,447.3 1 0
subsnotifpro-go/internal/playstore/subscription/service/service.go:450.2,450.42 1 0
subsnotifpro-go/internal/playstore/subscription/service/service.go:450.42,452.3 1 0
subsnotifpro-go/internal/playstore/subscription/service/service.go:454.2,454.12 1 0
subsnotifpro-go/internal/playstore/subscription/service/service.go:465.9,471.16 2 0
subsnotifpro-go/internal/playstore/subscription/service/service.go:471.16,473.3 1 0
subsnotifpro-go/internal/playstore/subscription/service/service.go:474.2,481.16 3 0
subsnotifpro-go/internal/playstore/subscription/service/service.go:481.16,483.3 1 0
subsnotifpro-go/internal/playstore/subscription/service/service.go:484.2,486.12 2 0
subsnotifpro-go/internal/playstore/subscription/service/service.go:496.9,497.40 1 0
subsnotifpro-go/internal/playstore/subscription/service/service.go:497.40,499.3 1 0
subsnotifpro-go/internal/playstore/subscription/service/service.go:502.2,505.16 2 0
subsnotifpro-go/internal/playstore/subscription/service/service.go:505.16,507.3 1 0
subsnotifpro-go/internal/playstore/subscription/service/service.go:509.2,511.12 3 0
subsnotifpro-go/internal/playstore/subscription/service/signup_promotion_resolver.go:21.23,22.44 1 0
subsnotifpro-go/internal/playstore/subscription/service/signup_promotion_resolver.go:22.44,24.3 1 0
subsnotifpro-go/internal/playstore/subscription/service/signup_promotion_resolver.go:27.2,30.69 3 0
subsnotifpro-go/internal/playstore/subscription/service/signup_promotion_resolver.go:30.69,33.3 2 0
subsnotifpro-go/internal/playstore/subscription/service/signup_promotion_resolver.go:33.8,33.77 1 0
subsnotifpro-go/internal/playstore/subscription/service/signup_promotion_resolver.go:33.77,36.3 2 0
subsnotifpro-go/internal/playstore/subscription/service/signup_promotion_resolver.go:36.8,38.3 1 0
subsnotifpro-go/internal/playstore/subscription/service/signup_promotion_resolver.go:41.2,48.53 2 0
subsnotifpro-go/internal/playstore/subscription/service/signup_promotion_resolver.go:48.53,50.3 1 0
subsnotifpro-go/internal/playstore/subscription/service/signup_promotion_resolver.go:53.2,62.50 2 0
subsnotifpro-go/internal/playstore/subscription/service/signup_promotion_resolver.go:62.50,64.3 1 0
subsnotifpro-go/internal/playstore/subscription/service/signup_promotion_resolver.go:66.2,66.29 1 0
subsnotifpro-go/internal/playstore/subscription/service/signup_promotion_resolver.go:76.23,77.44 1 0
subsnotifpro-go/internal/playstore/subscription/service/signup_promotion_resolver.go:77.44,80.3 1 0
subsnotifpro-go/internal/playstore/subscription/service/signup_promotion_resolver.go:83.2,85.43 2 0
subsnotifpro-go/internal/playstore/subscription/service/signup_promotion_resolver.go:85.43,86.45 1 0
subsnotifpro-go/internal/playstore/subscription/service/signup_promotion_resolver.go:86.45,89.4 1 0
subsnotifpro-go/internal/playstore/subscription/service/signup_promotion_resolver.go:90.3,90.78 1 0
subsnotifpro-go/internal/playstore/subscription/service/signup_promotion_resolver.go:94.2,97.69 3 0
subsnotifpro-go/internal/playstore/subscription/service/signup_promotion_resolver.go:97.69,100.3 2 0
subsnotifpro-go/internal/playstore/subscription/service/signup_promotion_resolver.go:100.8,100.77 1 0
subsnotifpro-go/internal/playstore/subscription/service/signup_promotion_resolver.go:100.77,103.3 2 0
subsnotifpro-go/internal/playstore/subscription/service/signup_promotion_resolver.go:103.8,105.3 1 0
subsnotifpro-go/internal/playstore/subscription/service/signup_promotion_resolver.go:108.2,108.49 1 0
subsnotifpro-go/internal/playstore/subscription/service/signup_promotion_resolver.go:108.49,112.50 1 0
subsnotifpro-go/internal/playstore/subscription/service/signup_promotion_resolver.go:112.50,115.4 1 0
subsnotifpro-go/internal/playstore/subscription/service/signup_promotion_resolver.go:116.3,116.56 1 0
subsnotifpro-go/internal/playstore/subscription/service/signup_promotion_resolver.go:116.56,119.4 1 0
subsnotifpro-go/internal/playstore/subscription/service/signup_promotion_resolver.go:123.2,141.72 3 0
subsnotifpro-go/internal/playstore/subscription/service/signup_promotion_resolver.go:141.72,143.3 1 0
subsnotifpro-go/internal/playstore/subscription/service/signup_promotion_resolver.go:146.2,146.50 1 0
subsnotifpro-go/internal/playstore/subscription/service/signup_promotion_resolver.go:146.50,148.3 1 0
subsnotifpro-go/internal/playstore/subscription/service/signup_promotion_resolver.go:150.2,150.31 1 0
subsnotifpro-go/internal/playstore/subscription/service/signup_promotion_resolver.go:159.9,161.44 1 0
subsnotifpro-go/internal/playstore/subscription/service/signup_promotion_resolver.go:161.44,163.3 1 0
subsnotifpro-go/internal/playstore/subscription/service/signup_promotion_resolver.go:165.2,177.50 3 0
subsnotifpro-go/internal/playstore/subscription/service/signup_promotion_resolver.go:177.50,179.3 1 0
subsnotifpro-go/internal/playstore/subscription/service/signup_promotion_resolver.go:182.2,182.47 1 0
subsnotifpro-go/internal/playstore/subscription/service/signup_promotion_resolver.go:182.47,184.3 1 0
subsnotifpro-go/internal/playstore/subscription/service/signup_promotion_resolver.go:186.2,186.12 1 0
subsnotifpro-go/internal/playstore/subscription/service/subs_state_resolver.go:19.9,21.25 1 0
subsnotifpro-go/internal/playstore/subscription/service/subs_state_resolver.go:21.25,23.3 1 0
subsnotifpro-go/internal/playstore/subscription/service/subs_state_resolver.go:25.2,31.21 2 0
subsnotifpro-go/internal/playstore/subscription/service/subs_state_resolver.go:31.21,35.3 1 0
subsnotifpro-go/internal/playstore/subscription/service/subs_state_resolver.go:35.8,38.31 2 0
subsnotifpro-go/internal/playstore/subscription/service/subs_state_resolver.go:38.31,41.4 1 0
subsnotifpro-go/internal/playstore/subscription/service/subs_state_resolver.go:42.3,43.40 2 0
subsnotifpro-go/internal/playstore/subscription/service/subs_state_resolver.go:47.2,55.84 2 0
subsnotifpro-go/internal/playstore/subscription/service/subs_state_resolver.go:55.84,57.3 1 0
subsnotifpro-go/internal/playstore/subscription/service/subs_state_resolver.go:59.2,59.12 1 0
subsnotifpro-go/internal/subscription/repository/appstore_event_repo.go:24.70,26.2 1 0
subsnotifpro-go/internal/subscription/repository/appstore_event_repo.go:32.54,59.16 5 0
subsnotifpro-go/internal/subscription/repository/appstore_event_repo.go:59.16,61.3 1 0
subsnotifpro-go/internal/subscription/repository/appstore_event_repo.go:64.2,69.27 2 0
subsnotifpro-go/internal/subscription/repository/dashboard_repo.go:51.62,53.2 1 0
subsnotifpro-go/internal/subscription/repository/dashboard_repo.go:55.70,59.2 1 0
subsnotifpro-go/internal/subscription/repository/dashboard_repo.go:64.37,70.37 4 0
subsnotifpro-go/internal/subscription/repository/dashboard_repo.go:70.37,72.3 1 0
subsnotifpro-go/internal/subscription/repository/dashboard_repo.go:74.2,74.30 1 0
subsnotifpro-go/internal/subscription/repository/dashboard_repo.go:74.30,76.3 1 0
subsnotifpro-go/internal/subscription/repository/dashboard_repo.go:78.2,78.31 1 0
subsnotifpro-go/internal/subscription/repository/dashboard_repo.go:78.31,80.3 1 0
subsnotifpro-go/internal/subscription/repository/dashboard_repo.go:82.2,82.31 1 0
subsnotifpro-go/internal/subscription/repository/dashboard_repo.go:82.31,84.3 1 0
subsnotifpro-go/internal/subscription/repository/dashboard_repo.go:86.2,86.31 1 0
subsnotifpro-go/internal/subscription/repository/dashboard_repo.go:86.31,88.3 1 0
subsnotifpro-go/internal/subscription/repository/dashboard_repo.go:90.2,90.29 1 0
subsnotifpro-go/internal/subscription/repository/dashboard_repo.go:90.29,92.3 1 0
subsnotifpro-go/internal/subscription/repository/dashboard_repo.go:95.2,95.50 1 0
subsnotifpro-go/internal/subscription/repository/dashboard_repo.go:95.50,97.3 1 0
subsnotifpro-go/internal/subscription/repository/dashboard_repo.go:100.2,100.44 1 0
subsnotifpro-go/internal/subscription/repository/dashboard_repo.go:100.44,103.3 2 0
subsnotifpro-go/internal/subscription/repository/dashboard_repo.go:106.2,110.16 2 0
subsnotifpro-go/internal/subscription/repository/dashboard_repo.go:110.16,112.3 1 0
subsnotifpro-go/internal/subscription/repository/dashboard_repo.go:114.2,114.28 1 0
subsnotifpro-go/internal/subscription/repository/playstore_events_repo.go:25.72,27.2 1 0
subsnotifpro-go/internal/subscription/repository/playstore_events_repo.go:33.46,47.16 5 0
subsnotifpro-go/internal/subscription/repository/playstore_events_repo.go:47.16,49.3 1 0
subsnotifpro-go/internal/subscription/repository/playstore_events_repo.go:52.2,57.16 2 0
subsnotifpro-go/internal/subscription/repository/playstore_events_repo.go:57.16,59.3 1 0
subsnotifpro-go/internal/subscription/repository/playstore_events_repo.go:61.2,61.27 1 0
subsnotifpro-go/internal/subscription/repository/playstore_events_repo.go:67.49,70.24 2 0
subsnotifpro-go/internal/subscription/repository/playstore_events_repo.go:70.24,72.3 1 0
subsnotifpro-go/internal/subscription/repository/playstore_events_repo.go:74.2,79.16 2 0
subsnotifpro-go/internal/subscription/repository/playstore_events_repo.go:79.16,81.3 1 0
subsnotifpro-go/internal/subscription/repository/playstore_events_repo.go:83.2,83.23 1 0
subsnotifpro-go/internal/subscription/repository/playstore_events_repo.go:89.45,92.24 2 0
subsnotifpro-go/internal/subscription/repository/playstore_events_repo.go:92.24,94.3 1 0
subsnotifpro-go/internal/subscription/repository/playstore_events_repo.go:96.2,101.16 2 0
subsnotifpro-go/internal/subscription/repository/playstore_events_repo.go:101.16,103.3 1 0
subsnotifpro-go/internal/subscription/repository/playstore_events_repo.go:105.2,105.23 1 0
subsnotifpro-go/internal/subscription/repository/playstore_events_repo.go:111.41,114.24 2 0
subsnotifpro-go/internal/subscription/repository/playstore_events_repo.go:114.24,116.3 1 0
subsnotifpro-go/internal/subscription/repository/playstore_events_repo.go:119.2,137.16 2 0
subsnotifpro-go/internal/subscription/repository/playstore_events_repo.go:137.16,139.3 1 0
subsnotifpro-go/internal/subscription/repository/playstore_events_repo.go:141.2,141.23 1 0
subsnotifpro-go/internal/subscription/repository/repository.go:29.68,31.2 1 0
subsnotifpro-go/internal/subscription/repository/repository.go:36.9,38.21 2 0
subsnotifpro-go/internal/subscription/repository/repository.go:38.21,40.3 1 0
subsnotifpro-go/internal/subscription/repository/repository.go:42.2,44.15 2 0
subsnotifpro-go/internal/subscription/repository/repository.go:44.15,45.31 1 0
subsnotifpro-go/internal/subscription/repository/repository.go:45.31,48.12 3 0
subsnotifpro-go/internal/subscription/repository/repository.go:52.2,52.34 1 0
subsnotifpro-go/internal/subscription/repository/repository.go:52.34,53.61 1 0
subsnotifpro-go/internal/subscription/repository/repository.go:53.61,55.4 1 0
subsnotifpro-go/internal/subscription/repository/repository.go:56.3,56.51 1 0
subsnotifpro-go/internal/subscription/repository/repository.go:59.2,59.42 1 0
subsnotifpro-go/internal/subscription/repository/repository.go:59.42,61.3 1 0
subsnotifpro-go/internal/subscription/repository/repository.go:63.2,63.12 1 0
subsnotifpro-go/internal/subscription/repository/repository.go:66.113,68.9 2 0
subsnotifpro-go/internal/subscription/repository/repository.go:68.9,70.3 1 0
subsnotifpro-go/internal/subscription/repository/repository.go:73.2,96.22 1 0
subsnotifpro-go/internal/subscription/repository/repository.go:99.168,112.16 5 0
subsnotifpro-go/internal/subscription/repository/repository.go:112.16,114.3 1 0
subsnotifpro-go/internal/subscription/repository/repository.go:117.2,122.34 2 0
subsnotifpro-go/internal/subscription/repository/repository.go:125.135,132.16 3 0
subsnotifpro-go/internal/subscription/repository/repository.go:132.16,133.45 1 0
subsnotifpro-go/internal/subscription/repository/repository.go:133.45,135.4 1 0
subsnotifpro-go/internal/subscription/repository/repository.go:136.3,136.64 1 0
subsnotifpro-go/internal/subscription/repository/repository.go:139.2,139.27 1 0
subsnotifpro-go/internal/subscription/repository/repository.go:142.135,153.16 3 0
subsnotifpro-go/internal/subscription/repository/repository.go:153.16,154.45 1 0
subsnotifpro-go/internal/subscription/repository/repository.go:154.45,156.4 1 0
subsnotifpro-go/internal/subscription/repository/repository.go:157.3,157.59 1 0
subsnotifpro-go/internal/subscription/repository/repository.go:160.2,160.37 1 0
subsnotifpro-go/internal/subscription/publisher/publisher.go:28.81,29.26 1 0
subsnotifpro-go/internal/subscription/publisher/publisher.go:29.26,31.3 1 0
subsnotifpro-go/internal/subscription/publisher/publisher.go:32.2,32.26 1 0
subsnotifpro-go/internal/subscription/publisher/publisher.go:32.26,34.3 1 0
subsnotifpro-go/internal/subscription/publisher/publisher.go:36.2,42.3 1 0
subsnotifpro-go/internal/subscription/publisher/publisher.go:49.95,53.6 3 0
subsnotifpro-go/internal/subscription/publisher/publisher.go:53.6,61.17 2 0
subsnotifpro-go/internal/subscription/publisher/publisher.go:61.17,65.4 2 0
subsnotifpro-go/internal/subscription/publisher/publisher.go:67.3,68.30 2 0
subsnotifpro-go/internal/subscription/publisher/publisher.go:68.30,71.4 2 0
subsnotifpro-go/internal/subscription/publisher/publisher.go:73.3,76.10 2 0
subsnotifpro-go/internal/subscription/publisher/publisher.go:77.35,78.21 1 0
subsnotifpro-go/internal/subscription/publisher/publisher.go:79.21,80.20 1 0
subsnotifpro-go/internal/users/repository/repository.go:22.41,24.2 1 0
subsnotifpro-go/internal/users/repository/repository.go:27.135,34.16 3 0
subsnotifpro-go/internal/users/repository/repository.go:34.16,35.38 1 0
subsnotifpro-go/internal/users/repository/repository.go:35.38,38.18 2 0
subsnotifpro-go/internal/users/repository/repository.go:38.18,40.5 1 0
subsnotifpro-go/internal/users/repository/repository.go:42.4,43.59 1 0
subsnotifpro-go/internal/users/repository/repository.go:43.59,45.5 1 0
subsnotifpro-go/internal/users/repository/repository.go:47.3,47.22 1 0
subsnotifpro-go/internal/users/repository/repository.go:50.2,50.45 1 0
subsnotifpro-go/internal/users/repository/repository.go:50.45,52.3 1 0
subsnotifpro-go/internal/users/repository/repository.go:55.2,59.67 2 0
subsnotifpro-go/internal/users/repository/repository.go:59.67,61.3 1 0
subsnotifpro-go/internal/users/repository/repository.go:62.2,62.24 1 0
subsnotifpro-go/internal/users/repository/repository.go:66.135,73.2 2 0
subsnotifpro-go/internal/users/repository/repository.go:81.9,87.2 1 0
subsnotifpro-go/internal/users/service/service.go:27.65,29.2 1 0
subsnotifpro-go/internal/users/service/service.go:32.132,34.2 1 0
subsnotifpro-go/internal/users/service/service.go:42.9,43.55 1 0
subsnotifpro-go/internal/users/service/service.go:43.55,45.3 1 0
subsnotifpro-go/internal/users/service/service.go:46.2,46.67 1 0
subsnotifpro-go/internal/tracing/tracing.go:37.71,38.21 1 0
subsnotifpro-go/internal/tracing/tracing.go:38.21,44.42 2 0
subsnotifpro-go/internal/tracing/tracing.go:44.42,44.56 1 0
subsnotifpro-go/internal/tracing/tracing.go:49.2,58.16 2 0
subsnotifpro-go/internal/tracing/tracing.go:58.16,60.3 1 0
subsnotifpro-go/internal/tracing/tracing.go:63.2,67.16 4 0
subsnotifpro-go/internal/tracing/tracing.go:67.16,70.42 3 0
subsnotifpro-go/internal/tracing/tracing.go:70.42,70.56 1 0
subsnotifpro-go/internal/tracing/tracing.go:74.2,89.8 5 0
subsnotifpro-go/internal/tracing/tracing.go:93.137,99.16 2 0
subsnotifpro-go/internal/tracing/tracing.go:99.16,101.3 1 0
subsnotifpro-go/internal/tracing/tracing.go:103.2,109.29 2 0
subsnotifpro-go/internal/tracing/tracing.go:113.53,115.2 1 0
subsnotifpro-go/internal/tracing/tracing.go:118.140,120.2 1 0
subsnotifpro-go/internal/tracing/tracing.go:123.149,125.26 2 0
subsnotifpro-go/internal/tracing/tracing.go:125.26,126.26 1 0
subsnotifpro-go/internal/tracing/tracing.go:127.15,128.61 1 0
subsnotifpro-go/internal/tracing/tracing.go:129.12,130.58 1 0
subsnotifpro-go/internal/tracing/tracing.go:131.14,132.60 1 0
subsnotifpro-go/internal/tracing/tracing.go:133.16,134.62 1 0
subsnotifpro-go/internal/tracing/tracing.go:135.13,136.59 1 0
subsnotifpro-go/internal/tracing/tracing.go:137.11,138.67 1 0
subsnotifpro-go/internal/tracing/tracing.go:142.2,142.76 1 0
subsnotifpro-go/internal/tracing/tracing.go:146.91,148.17 2 0
subsnotifpro-go/internal/tracing/tracing.go:148.17,153.3 2 0
subsnotifpro-go/internal/tracing/tracing.go:157.100,159.17 2 0
subsnotifpro-go/internal/tracing/tracing.go:159.17,161.27 2 0
subsnotifpro-go/internal/tracing/tracing.go:161.27,162.27 1 0
subsnotifpro-go/internal/tracing/tracing.go:163.16,164.62 1 0
subsnotifpro-go/internal/tracing/tracing.go:165.13,166.59 1 0
subsnotifpro-go/internal/tracing/tracing.go:167.15,168.61 1 0
subsnotifpro-go/internal/tracing/tracing.go:169.17,170.63 1 0
subsnotifpro-go/internal/tracing/tracing.go:171.14,172.60 1 0
subsnotifpro-go/internal/tracing/tracing.go:175.3,175.63 1 0
subsnotifpro-go/internal/tracing/tracing.go:180.92,182.17 2 0
subsnotifpro-go/internal/tracing/tracing.go:182.17,183.27 1 0
subsnotifpro-go/internal/tracing/tracing.go:183.27,184.27 1 0
subsnotifpro-go/internal/tracing/tracing.go:185.16,186.49 1 0
subsnotifpro-go/internal/tracing/tracing.go:187.13,188.46 1 0
subsnotifpro-go/internal/tracing/tracing.go:189.15,190.48 1 0
subsnotifpro-go/internal/tracing/tracing.go:191.17,192.50 1 0
subsnotifpro-go/internal/tracing/tracing.go:193.14,194.47 1 0
subsnotifpro-go/internal/tracing/tracing.go:201.63,202.24 1 0
subsnotifpro-go/internal/tracing/tracing.go:202.24,204.3 1 0
subsnotifpro-go/internal/tracing/tracing.go:205.2,205.12 1 0
subsnotifpro-go/internal/tracing/tracing.go:209.119,215.2 1 0
subsnotifpro-go/internal/tracing/tracing.go:218.120,224.2 1 0
subsnotifpro-go/internal/tracing/tracing.go:227.136,233.2 1 0
subsnotifpro-go/internal/tracing/tracing.go:236.153,237.18 1 0
subsnotifpro-go/internal/tracing/tracing.go:237.18,239.3 1 0
subsnotifpro-go/internal/tracing/tracing.go:240.2,243.58 3 0
subsnotifpro-go/internal/tracing/tracing.go:247.66,249.17 2 0
subsnotifpro-go/internal/tracing/tracing.go:249.17,251.3 1 0
subsnotifpro-go/internal/tracing/tracing.go:252.2,252.11 1 0
subsnotifpro-go/internal/tracing/tracing.go:256.65,258.17 2 0
subsnotifpro-go/internal/tracing/tracing.go:258.17,260.3 1 0
subsnotifpro-go/internal/tracing/tracing.go:261.2,261.11 1 0
subsnotifpro-go/internal/utils/batch.go:4.56,6.45 2 0
subsnotifpro-go/internal/utils/batch.go:6.45,8.23 2 0
subsnotifpro-go/internal/utils/batch.go:8.23,10.4 1 0
subsnotifpro-go/internal/utils/batch.go:11.3,11.40 1 0
subsnotifpro-go/internal/utils/batch.go:13.2,13.15 1 0
subsnotifpro-go/internal/utils/json_response.go:24.80,28.59 3 0
subsnotifpro-go/internal/utils/json_response.go:28.59,31.3 2 0
subsnotifpro-go/internal/utils/json_response.go:35.76,37.2 1 0
subsnotifpro-go/internal/utils/json_response.go:39.76,41.2 1 0
subsnotifpro-go/internal/utils/json_response.go:43.77,45.2 1 0
subsnotifpro-go/internal/utils/json_response.go:48.115,50.18 2 0
subsnotifpro-go/internal/utils/json_response.go:50.18,52.3 1 0
subsnotifpro-go/internal/utils/json_response.go:54.2,60.4 1 0
subsnotifpro-go/internal/utils/json_response.go:64.115,66.18 2 0
subsnotifpro-go/internal/utils/json_response.go:66.18,68.3 1 0
subsnotifpro-go/internal/utils/json_response.go:70.2,76.4 1 0
subsnotifpro-go/internal/utils/retry_with_backoff.go:21.132,25.53 3 0
subsnotifpro-go/internal/utils/retry_with_backoff.go:25.53,28.10 2 0
subsnotifpro-go/internal/utils/retry_with_backoff.go:29.21,32.102 2 0
subsnotifpro-go/internal/utils/retry_with_backoff.go:33.11,33.11 0 0
subsnotifpro-go/internal/utils/retry_with_backoff.go:37.3,39.17 3 0
subsnotifpro-go/internal/utils/retry_with_backoff.go:39.17,41.4 1 0
subsnotifpro-go/internal/utils/retry_with_backoff.go:43.3,47.27 3 0
subsnotifpro-go/internal/utils/retry_with_backoff.go:47.27,51.11 3 0
subsnotifpro-go/internal/utils/retry_with_backoff.go:52.32,52.32 0 0
subsnotifpro-go/internal/utils/retry_with_backoff.go:54.22,57.91 2 0
subsnotifpro-go/internal/utils/retry_with_backoff.go:62.2,63.98 2 0
subsnotifpro-go/internal/utils/retry_with_backoff.go:67.78,79.27 5 0
subsnotifpro-go/internal/utils/retry_with_backoff.go:79.27,81.3 1 0
subsnotifpro-go/internal/utils/retry_with_backoff.go:82.2,82.19 1 0
subsnotifpro-go/routes/app_routes.go:9.72,13.2 3 0
subsnotifpro-go/routes/app_routes.go:15.103,20.2 4 0
subsnotifpro-go/routes/appstore_routes.go:5.74,9.47 2 0
subsnotifpro-go/routes/appstore_routes.go:9.47,11.3 1 0
subsnotifpro-go/routes/appstore_routes.go:14.2,15.2 2 0
subsnotifpro-go/routes/appstore_routes.go:15.2,24.3 7 0
subsnotifpro-go/routes/auth_routes.go:9.65,11.59 1 0
subsnotifpro-go/routes/auth_routes.go:11.59,13.3 1 0
subsnotifpro-go/routes/auth_routes.go:16.2,17.2 2 0
subsnotifpro-go/routes/auth_routes.go:17.2,21.3 3 0
subsnotifpro-go/routes/auth_routes.go:24.2,26.2 3 0
subsnotifpro-go/routes/auth_routes.go:26.2,29.3 2 0
subsnotifpro-go/routes/auth_routes.go:32.2,35.2 4 0
subsnotifpro-go/routes/auth_routes.go:35.2,39.3 3 0
subsnotifpro-go/routes/middleware.go:14.45,26.29 4 0
subsnotifpro-go/routes/middleware.go:26.29,27.92 1 0
subsnotifpro-go/routes/middleware.go:27.92,29.47 1 0
subsnotifpro-go/routes/middleware.go:29.47,30.34 1 0
subsnotifpro-go/routes/middleware.go:30.34,32.6 1 0
subsnotifpro-go/routes/middleware.go:34.4,34.12 1 0
subsnotifpro-go/routes/middleware.go:39.2,40.29 2 0
subsnotifpro-go/routes/middleware.go:40.29,41.91 1 0
subsnotifpro-go/routes/middleware.go:41.91,43.4 1 0
subsnotifpro-go/routes/middleware.go:48.67,49.30 1 0
subsnotifpro-go/routes/middleware.go:49.30,52.23 2 0
subsnotifpro-go/routes/middleware.go:52.23,58.4 2 0
subsnotifpro-go/routes/middleware.go:61.3,62.46 2 0
subsnotifpro-go/routes/middleware.go:62.46,68.4 2 0
subsnotifpro-go/routes/middleware.go:70.3,74.17 3 0
subsnotifpro-go/routes/middleware.go:74.17,80.4 2 0
subsnotifpro-go/routes/middleware.go:83.3,86.11 4 0
subsnotifpro-go/routes/middleware.go:91.44,94.30 2 0
subsnotifpro-go/routes/middleware.go:94.30,97.31 2 0
subsnotifpro-go/routes/middleware.go:97.31,103.4 2 0
subsnotifpro-go/routes/middleware.go:105.3,105.11 1 0
subsnotifpro-go/routes/middleware.go:110.44,111.30 1 0
subsnotifpro-go/routes/middleware.go:111.30,113.22 2 0
subsnotifpro-go/routes/middleware.go:113.22,115.4 1 0
subsnotifpro-go/routes/middleware.go:117.3,119.11 3 0
subsnotifpro-go/routes/middleware.go:124.33,128.2 1 0
subsnotifpro-go/routes/middleware.go:131.42,132.75 1 0
subsnotifpro-go/routes/middleware.go:132.75,134.3 1 0
subsnotifpro-go/routes/middleware.go:138.43,139.95 1 0
subsnotifpro-go/routes/middleware.go:139.95,144.3 1 0
subsnotifpro-go/routes/playstore_routes.go:9.76,13.52 2 0
subsnotifpro-go/routes/playstore_routes.go:13.52,15.3 1 0
subsnotifpro-go/routes/playstore_routes.go:16.2,26.36 7 0
subsnotifpro-go/routes/playstore_routes.go:26.36,38.3 10 0
subsnotifpro-go/routes/playstore_routes.go:41.2,67.122 21 0
subsnotifpro-go/routes/project_routes.go:9.69,14.2 3 0
subsnotifpro-go/routes/router.go:8.55,17.41 5 0
subsnotifpro-go/routes/router.go:17.41,20.3 2 0
subsnotifpro-go/routes/router.go:23.2,23.31 1 0
subsnotifpro-go/routes/router.go:23.31,27.3 3 0
subsnotifpro-go/routes/router.go:30.2,30.49 1 0
subsnotifpro-go/routes/router.go:30.49,32.3 1 0
subsnotifpro-go/routes/router.go:36.2,42.15 6 0
subsnotifpro-go/routes/unified_subscription_routes.go:7.75,12.2 2 0
subsnotifpro-go/routes/unified_subscription_routes.go:14.85,20.2 3 0
subsnotifpro-go/queue/admin.go:11.105,14.16 2 0
subsnotifpro-go/queue/admin.go:14.16,16.3 1 0
subsnotifpro-go/queue/admin.go:17.2,19.15 2 0
subsnotifpro-go/queue/rabbitmq.go:38.90,41.17 2 0
subsnotifpro-go/queue/rabbitmq.go:41.17,43.3 1 0
subsnotifpro-go/queue/rabbitmq.go:43.8,45.3 1 0
subsnotifpro-go/queue/rabbitmq.go:47.2,65.16 5 0
subsnotifpro-go/queue/rabbitmq.go:68.64,73.49 4 0
subsnotifpro-go/queue/rabbitmq.go:73.49,75.3 1 0
subsnotifpro-go/queue/rabbitmq.go:77.2,77.23 1 0
subsnotifpro-go/queue/rabbitmq.go:80.63,85.37 3 0
subsnotifpro-go/queue/rabbitmq.go:85.37,87.3 1 0
subsnotifpro-go/queue/rabbitmq.go:90.2,90.12 1 0
subsnotifpro-go/queue/rabbitmq.go:90.12,94.24 3 0
subsnotifpro-go/queue/rabbitmq.go:94.24,95.11 1 0
subsnotifpro-go/queue/rabbitmq.go:96.29,97.11 1 0
subsnotifpro-go/queue/rabbitmq.go:98.12,99.27 1 0
subsnotifpro-go/queue/rabbitmq.go:102.3,102.21 1 0
subsnotifpro-go/queue/rabbitmq.go:102.21,103.11 1 0
subsnotifpro-go/queue/rabbitmq.go:104.29,105.11 1 0
subsnotifpro-go/queue/rabbitmq.go:106.12,107.24 1 0
subsnotifpro-go/queue/rabbitmq.go:113.2,120.16 4 0
subsnotifpro-go/queue/rabbitmq.go:120.16,122.3 1 0
subsnotifpro-go/queue/rabbitmq.go:125.2,126.16 2 0
subsnotifpro-go/queue/rabbitmq.go:126.16,129.3 2 0
subsnotifpro-go/queue/rabbitmq.go:132.2,136.16 1 0
subsnotifpro-go/queue/rabbitmq.go:136.16,140.3 3 0
subsnotifpro-go/queue/rabbitmq.go:143.2,148.21 5 0
subsnotifpro-go/queue/rabbitmq.go:151.53,152.6 1 0
subsnotifpro-go/queue/rabbitmq.go:152.6,153.10 1 0
subsnotifpro-go/queue/rabbitmq.go:154.24,156.10 2 0
subsnotifpro-go/queue/rabbitmq.go:157.32,158.18 1 0
subsnotifpro-go/queue/rabbitmq.go:158.18,160.63 2 0
subsnotifpro-go/queue/rabbitmq.go:160.63,162.6 1 0
subsnotifpro-go/queue/rabbitmq.go:168.36,173.41 3 0
subsnotifpro-go/queue/rabbitmq.go:173.41,175.3 1 0
subsnotifpro-go/queue/rabbitmq.go:178.2,178.22 1 0
subsnotifpro-go/queue/rabbitmq.go:178.22,180.3 1 0
subsnotifpro-go/queue/rabbitmq.go:183.2,187.12 3 0
subsnotifpro-go/queue/rabbitmq.go:187.12,189.24 2 0
subsnotifpro-go/queue/rabbitmq.go:189.24,191.18 2 0
subsnotifpro-go/queue/rabbitmq.go:191.18,192.30 1 0
subsnotifpro-go/queue/rabbitmq.go:192.30,194.6 1 0
subsnotifpro-go/queue/rabbitmq.go:194.11,196.6 1 0
subsnotifpro-go/queue/rabbitmq.go:197.10,199.5 1 0
subsnotifpro-go/queue/rabbitmq.go:200.4,200.20 1 0
subsnotifpro-go/queue/rabbitmq.go:205.2,205.12 1 0
subsnotifpro-go/queue/rabbitmq.go:205.12,207.21 2 0
subsnotifpro-go/queue/rabbitmq.go:207.21,209.18 2 0
subsnotifpro-go/queue/rabbitmq.go:209.18,210.30 1 0
subsnotifpro-go/queue/rabbitmq.go:210.30,212.6 1 0
subsnotifpro-go/queue/rabbitmq.go:212.11,214.6 1 0
subsnotifpro-go/queue/rabbitmq.go:215.10,217.5 1 0
subsnotifpro-go/queue/rabbitmq.go:218.4,218.17 1 0
subsnotifpro-go/queue/rabbitmq.go:223.2,224.12 2 0
subsnotifpro-go/queue/rabbitmq.go:224.12,227.3 2 0
subsnotifpro-go/queue/rabbitmq.go:229.2,229.9 1 0
subsnotifpro-go/queue/rabbitmq.go:230.14,231.63 1 0
subsnotifpro-go/queue/rabbitmq.go:232.37,233.62 1 0
subsnotifpro-go/queue/rabbitmq.go:237.61,241.2 3 0
subsnotifpro-go/queue/rabbitmq.go:243.45,244.15 1 0
subsnotifpro-go/queue/rabbitmq.go:244.15,246.3 1 0
subsnotifpro-go/queue/rabbitmq.go:248.2,248.9 1 0
subsnotifpro-go/queue/rabbitmq.go:249.60,250.13 1 0
subsnotifpro-go/queue/rabbitmq.go:251.10,252.15 1 0
subsnotifpro-go/queue/rabbitmq.go:257.57,258.15 1 0
subsnotifpro-go/queue/rabbitmq.go:258.15,260.3 1 0
subsnotifpro-go/queue/rabbitmq.go:263.2,273.21 3 0
subsnotifpro-go/queue/rabbitmq.go:273.21,275.3 1 0
subsnotifpro-go/queue/rabbitmq.go:276.2,276.12 1 0
subsnotifpro-go/queue/setup.go:13.91,17.15 3 0
subsnotifpro-go/queue/setup.go:17.15,19.3 1 0
subsnotifpro-go/queue/setup.go:21.2,23.34 2 0
subsnotifpro-go/queue/setup.go:23.34,26.17 3 0
subsnotifpro-go/queue/setup.go:26.17,29.4 2 0
subsnotifpro-go/queue/setup.go:31.3,32.23 2 0
subsnotifpro-go/queue/setup.go:32.23,36.4 3 0
subsnotifpro-go/queue/setup.go:39.2,39.68 1 0
subsnotifpro-go/queue/setup.go:42.79,44.42 1 0
subsnotifpro-go/queue/setup.go:44.42,46.3 1 0
subsnotifpro-go/queue/setup.go:49.2,54.12 4 0
subsnotifpro-go/queue/setup.go:54.12,56.3 1 0
subsnotifpro-go/queue/setup.go:58.2,58.9 1 0
subsnotifpro-go/queue/setup.go:59.24,60.13 1 0
subsnotifpro-go/queue/setup.go:61.20,62.65 1 0
subsnotifpro-go/queue/setup.go:66.64,68.86 1 0
subsnotifpro-go/queue/setup.go:68.86,70.3 1 0
subsnotifpro-go/queue/setup.go:71.2,71.90 1 0
subsnotifpro-go/queue/setup.go:71.90,73.3 1 0
subsnotifpro-go/queue/setup.go:74.2,74.93 1 0
subsnotifpro-go/queue/setup.go:74.93,76.3 1 0
subsnotifpro-go/queue/setup.go:79.2,79.81 1 0
subsnotifpro-go/queue/setup.go:79.81,81.3 1 0
subsnotifpro-go/queue/setup.go:82.2,82.85 1 0
subsnotifpro-go/queue/setup.go:82.85,84.3 1 0
subsnotifpro-go/queue/setup.go:85.2,85.88 1 0
subsnotifpro-go/queue/setup.go:85.88,87.3 1 0
subsnotifpro-go/queue/setup.go:90.2,90.70 1 0
subsnotifpro-go/queue/setup.go:90.70,92.3 1 0
subsnotifpro-go/queue/setup.go:93.2,93.74 1 0
subsnotifpro-go/queue/setup.go:93.74,95.3 1 0
subsnotifpro-go/queue/setup.go:96.2,96.77 1 0
subsnotifpro-go/queue/setup.go:96.77,98.3 1 0
subsnotifpro-go/queue/setup.go:101.2,101.107 1 0
subsnotifpro-go/queue/setup.go:101.107,103.3 1 0
subsnotifpro-go/queue/setup.go:104.2,104.119 1 0
subsnotifpro-go/queue/setup.go:104.119,106.3 1 0
subsnotifpro-go/queue/setup.go:107.2,107.128 1 0
subsnotifpro-go/queue/setup.go:107.128,109.3 1 0
subsnotifpro-go/queue/setup.go:112.2,116.77 2 0
subsnotifpro-go/queue/setup.go:116.77,118.3 1 0
subsnotifpro-go/queue/setup.go:120.2,124.85 2 0
subsnotifpro-go/queue/setup.go:124.85,126.3 1 0
subsnotifpro-go/queue/setup.go:128.2,132.91 2 0
subsnotifpro-go/queue/setup.go:132.91,134.3 1 0
subsnotifpro-go/queue/setup.go:137.2,137.111 1 0
subsnotifpro-go/queue/setup.go:137.111,139.3 1 0
subsnotifpro-go/queue/setup.go:140.2,140.123 1 0
subsnotifpro-go/queue/setup.go:140.123,142.3 1 0
subsnotifpro-go/queue/setup.go:143.2,143.132 1 0
subsnotifpro-go/queue/setup.go:143.132,145.3 1 0
subsnotifpro-go/queue/setup.go:147.2,148.12 2 0
subsnotifpro-go/queue/setup.go:151.63,161.16 3 0
subsnotifpro-go/queue/setup.go:161.16,163.3 1 0
subsnotifpro-go/queue/setup.go:166.2,167.16 2 0
subsnotifpro-go/queue/setup.go:167.16,169.3 1 0
subsnotifpro-go/queue/setup.go:171.2,172.12 2 0
subsnotifpro-go/queue/setup.go:175.86,185.16 2 0
subsnotifpro-go/queue/setup.go:185.16,187.3 1 0
subsnotifpro-go/queue/setup.go:188.2,189.12 2 0
subsnotifpro-go/queue/setup.go:192.97,200.16 2 0
subsnotifpro-go/queue/setup.go:200.16,203.3 1 0
subsnotifpro-go/queue/setup.go:204.2,205.12 2 0
subsnotifpro-go/queue/setup.go:208.94,214.25 4 0
subsnotifpro-go/queue/setup.go:214.25,215.24 1 0
subsnotifpro-go/queue/setup.go:215.24,217.18 2 0
subsnotifpro-go/queue/setup.go:217.18,219.5 1 0
subsnotifpro-go/queue/setup.go:220.4,220.21 1 0
subsnotifpro-go/queue/setup.go:223.3,231.17 2 0
subsnotifpro-go/queue/setup.go:231.17,234.4 2 0
subsnotifpro-go/queue/setup.go:236.3,236.23 1 0
subsnotifpro-go/queue/setup.go:236.23,238.12 2 0
subsnotifpro-go/queue/setup.go:241.3,241.27 1 0
subsnotifpro-go/queue/setup.go:244.2,244.76 1 0
subsnotifpro-go/queue/setup.go:247.34,249.9 2 0
subsnotifpro-go/queue/setup.go:249.9,251.3 1 0
subsnotifpro-go/queue/setup.go:253.2,253.56 1 0
subsnotifpro-go/test_integration/test_enhanced_components.go:12.13,17.31 3 0
subsnotifpro-go/test_integration/test_enhanced_components.go:17.31,19.3 1 0
subsnotifpro-go/test_integration/test_enhanced_components.go:20.2,26.28 4 0
subsnotifpro-go/test_integration/test_enhanced_components.go:26.28,28.3 1 0
subsnotifpro-go/test_integration/test_enhanced_components.go:29.2,57.66 25 0
subsnotifpro-go/test_observability/test_observability_integration.go:17.13,25.16 4 0
subsnotifpro-go/test_observability/test_observability_integration.go:25.16,27.3 1 0
subsnotifpro-go/test_observability/test_observability_integration.go:28.2,33.46 3 0
subsnotifpro-go/test_observability/test_observability_integration.go:33.46,35.3 1 0
subsnotifpro-go/test_observability/test_observability_integration.go:35.8,37.3 1 0
subsnotifpro-go/test_observability/test_observability_integration.go:39.2,39.45 1 0
subsnotifpro-go/test_observability/test_observability_integration.go:39.45,52.3 6 0
subsnotifpro-go/test_observability/test_observability_integration.go:52.8,54.3 1 0
subsnotifpro-go/test_observability/test_observability_integration.go:56.2,56.54 1 0
subsnotifpro-go/test_observability/test_observability_integration.go:56.54,58.3 1 0
subsnotifpro-go/test_observability/test_observability_integration.go:58.8,60.3 1 0
subsnotifpro-go/test_observability/test_observability_integration.go:63.2,89.12 15 0
subsnotifpro-go/test_observability/test_observability_integration.go:89.12,93.3 3 0
subsnotifpro-go/test_observability/test_observability_integration.go:95.2,95.79 1 0
subsnotifpro-go/test_observability/test_observability_integration.go:95.79,97.3 1 0
subsnotifpro-go/test_observability/test_observability_integration.go:101.85,102.41 1 0
subsnotifpro-go/test_observability/test_observability_integration.go:102.41,105.3 2 0
subsnotifpro-go/test_observability/test_observability_integration.go:107.2,110.54 2 0
subsnotifpro-go/test_observability/test_observability_integration.go:110.54,131.3 5 0
subsnotifpro-go/test_observability/test_observability_integration.go:134.2,134.50 1 0
subsnotifpro-go/test_observability/test_observability_integration.go:134.50,147.3 4 0
subsnotifpro-go/test_observability/test_observability_integration.go:150.2,150.62 1 0
subsnotifpro-go/test_observability/test_observability_integration.go:150.62,168.3 6 0
subsnotifpro-go/test_observability/test_observability_integration.go:171.2,171.47 1 0
subsnotifpro-go/test_observability/test_observability_integration.go:171.47,188.3 5 0
subsnotifpro-go/test_observability/test_observability_integration.go:192.26,207.41 4 0
subsnotifpro-go/test_observability/test_observability_integration.go:207.41,212.17 4 0
subsnotifpro-go/test_observability/test_observability_integration.go:212.17,214.12 2 0
subsnotifpro-go/test_observability/test_observability_integration.go:217.3,221.37 3 0
subsnotifpro-go/test_observability/test_observability_integration.go:224.2,225.51 2 0
subsnotifpro-go/test_utilities/test_configuration.go:11.13,20.2 6 0
subsnotifpro-go/test_utilities/test_configuration.go:22.28,47.2 17 0
subsnotifpro-go/test_utilities/test_configuration.go:49.27,138.2 70 0
subsnotifpro-go/internal/subscription/mapper/mapper.go:14.38,16.2 1 1
subsnotifpro-go/internal/subscription/mapper/mapper.go:19.107,20.16 1 1
subsnotifpro-go/internal/subscription/mapper/mapper.go:21.47,22.29 1 1
subsnotifpro-go/internal/subscription/mapper/mapper.go:23.48,24.30 1 1
subsnotifpro-go/internal/subscription/mapper/mapper.go:25.53,26.35 1 1
subsnotifpro-go/internal/subscription/mapper/mapper.go:27.52,28.34 1 1
subsnotifpro-go/internal/subscription/mapper/mapper.go:29.48,30.30 1 1
subsnotifpro-go/internal/subscription/mapper/mapper.go:31.55,32.37 1 1
subsnotifpro-go/internal/subscription/mapper/mapper.go:33.55,34.37 1 1
subsnotifpro-go/internal/subscription/mapper/mapper.go:35.57,36.39 1 1
subsnotifpro-go/internal/subscription/mapper/mapper.go:37.10,39.68 1 1
subsnotifpro-go/internal/subscription/mapper/mapper.go:44.108,48.20 2 1
subsnotifpro-go/internal/subscription/mapper/mapper.go:49.16,50.29 1 1
subsnotifpro-go/internal/subscription/mapper/mapper.go:51.17,52.30 1 1
subsnotifpro-go/internal/subscription/mapper/mapper.go:53.25,54.34 1 1
subsnotifpro-go/internal/subscription/mapper/mapper.go:55.16,56.29 1 1
subsnotifpro-go/internal/subscription/mapper/mapper.go:57.17,58.29 1 1
subsnotifpro-go/internal/subscription/mapper/mapper.go:59.18,60.31 1 1
subsnotifpro-go/internal/subscription/mapper/mapper.go:61.17,62.37 1 1
subsnotifpro-go/internal/subscription/mapper/mapper.go:63.35,64.39 1 1
subsnotifpro-go/internal/subscription/mapper/mapper.go:65.21,67.37 1 1
subsnotifpro-go/internal/subscription/mapper/mapper.go:68.10,70.64 1 1
subsnotifpro-go/internal/subscription/mapper/mapper.go:75.111,76.18 1 0
subsnotifpro-go/internal/subscription/mapper/mapper.go:77.28,78.37 1 0
subsnotifpro-go/internal/subscription/mapper/mapper.go:79.29,80.38 1 0
subsnotifpro-go/internal/subscription/mapper/mapper.go:81.10,82.24 1 0
subsnotifpro-go/internal/subscription/mapper/mapper.go:86.110,87.16 1 0
subsnotifpro-go/internal/subscription/mapper/mapper.go:88.27,89.49 1 0
subsnotifpro-go/internal/subscription/mapper/mapper.go:90.28,91.50 1 0
subsnotifpro-go/internal/subscription/mapper/mapper.go:92.33,93.55 1 0
subsnotifpro-go/internal/subscription/mapper/mapper.go:94.32,95.54 1 0
subsnotifpro-go/internal/subscription/mapper/mapper.go:96.28,97.50 1 0
subsnotifpro-go/internal/subscription/mapper/mapper.go:98.35,99.57 1 0
subsnotifpro-go/internal/subscription/mapper/mapper.go:100.35,101.57 1 0
subsnotifpro-go/internal/subscription/mapper/mapper.go:102.37,103.59 1 0
subsnotifpro-go/internal/subscription/mapper/mapper.go:104.10,105.59 1 0
subsnotifpro-go/internal/subscription/mapper/mapper.go:109.111,110.16 1 0
subsnotifpro-go/internal/subscription/mapper/mapper.go:111.27,112.49 1 0
subsnotifpro-go/internal/subscription/mapper/mapper.go:113.28,114.50 1 0
subsnotifpro-go/internal/subscription/mapper/mapper.go:115.32,116.56 1 0
subsnotifpro-go/internal/subscription/mapper/mapper.go:117.27,118.49 1 0
subsnotifpro-go/internal/subscription/mapper/mapper.go:119.27,120.49 1 0
subsnotifpro-go/internal/subscription/mapper/mapper.go:121.29,122.51 1 0
subsnotifpro-go/internal/subscription/mapper/mapper.go:123.35,124.50 1 0
subsnotifpro-go/internal/subscription/mapper/mapper.go:125.66,126.66 1 0
subsnotifpro-go/internal/subscription/mapper/mapper.go:127.10,128.100 1 0
subsnotifpro-go/internal/subscription/models/dashboard.go:27.49,29.2 1 0
subsnotifpro-go/internal/subscription/service/appstore_subscription_event.go:17.51,27.16 3 0
subsnotifpro-go/internal/subscription/service/appstore_subscription_event.go:27.16,32.3 2 0
subsnotifpro-go/internal/subscription/service/appstore_subscription_event.go:35.2,36.16 2 0
subsnotifpro-go/internal/subscription/service/appstore_subscription_event.go:36.16,41.3 2 0
subsnotifpro-go/internal/subscription/service/appstore_subscription_event.go:43.2,51.39 3 0
subsnotifpro-go/internal/subscription/service/appstore_subscription_event.go:51.39,63.58 2 0
subsnotifpro-go/internal/subscription/service/appstore_subscription_event.go:63.58,66.4 2 0
subsnotifpro-go/internal/subscription/service/appstore_subscription_event.go:69.3,69.33 1 0
subsnotifpro-go/internal/subscription/service/appstore_subscription_event.go:69.33,71.4 1 0
subsnotifpro-go/internal/subscription/service/appstore_subscription_event.go:74.3,74.39 1 0
subsnotifpro-go/internal/subscription/service/appstore_subscription_event.go:74.39,76.4 1 0
subsnotifpro-go/internal/subscription/service/appstore_subscription_event.go:78.3,78.47 1 0
subsnotifpro-go/internal/subscription/service/appstore_subscription_event.go:81.2,86.39 2 0
subsnotifpro-go/internal/subscription/service/dashboard_service.go:30.20,35.2 1 0
subsnotifpro-go/internal/subscription/service/dashboard_service.go:37.72,48.16 5 0
subsnotifpro-go/internal/subscription/service/dashboard_service.go:48.16,51.3 2 0
subsnotifpro-go/internal/subscription/service/dashboard_service.go:53.2,55.12 3 0
subsnotifpro-go/internal/subscription/service/dashboard_service.go:58.97,62.6 3 0
subsnotifpro-go/internal/subscription/service/dashboard_service.go:62.6,63.10 1 0
subsnotifpro-go/internal/subscription/service/dashboard_service.go:64.19,65.50 1 0
subsnotifpro-go/internal/subscription/service/dashboard_service.go:65.50,67.5 1 0
subsnotifpro-go/internal/subscription/service/dashboard_service.go:68.21,69.10 1 0
subsnotifpro-go/internal/subscription/service/dashboard_service.go:77.41,91.48 2 0
subsnotifpro-go/internal/subscription/service/dashboard_service.go:91.48,93.3 1 0
subsnotifpro-go/internal/subscription/service/dashboard_service.go:95.2,98.44 2 0
subsnotifpro-go/internal/subscription/service/dashboard_service.go:98.44,99.15 1 0
subsnotifpro-go/internal/subscription/service/dashboard_service.go:99.15,101.4 1 0
subsnotifpro-go/internal/subscription/service/dashboard_service.go:102.3,102.21 1 0
subsnotifpro-go/internal/subscription/service/dashboard_service.go:104.2,104.16 1 0
subsnotifpro-go/internal/subscription/service/dashboard_service.go:104.16,106.3 1 0
subsnotifpro-go/internal/subscription/service/dashboard_service.go:109.2,110.28 2 0
subsnotifpro-go/internal/subscription/service/dashboard_service.go:110.28,129.3 1 0
subsnotifpro-go/internal/subscription/service/dashboard_service.go:131.2,131.27 1 0
subsnotifpro-go/internal/subscription/service/playstore_subscription_event.go:16.57,17.19 1 0
subsnotifpro-go/internal/subscription/service/playstore_subscription_event.go:18.32,19.20 1 0
subsnotifpro-go/internal/subscription/service/playstore_subscription_event.go:20.30,21.19 1 0
subsnotifpro-go/internal/subscription/service/playstore_subscription_event.go:22.31,23.24 1 0
subsnotifpro-go/internal/subscription/service/playstore_subscription_event.go:24.32,25.19 1 0
subsnotifpro-go/internal/subscription/service/playstore_subscription_event.go:26.10,27.19 1 0
subsnotifpro-go/internal/subscription/service/playstore_subscription_event.go:35.51,45.16 3 0
subsnotifpro-go/internal/subscription/service/playstore_subscription_event.go:45.16,50.3 2 0
subsnotifpro-go/internal/subscription/service/playstore_subscription_event.go:53.2,54.16 2 0
subsnotifpro-go/internal/subscription/service/playstore_subscription_event.go:54.16,59.3 2 0
subsnotifpro-go/internal/subscription/service/playstore_subscription_event.go:61.2,69.35 3 0
subsnotifpro-go/internal/subscription/service/playstore_subscription_event.go:69.35,71.3 1 0
subsnotifpro-go/internal/subscription/service/playstore_subscription_event.go:74.2,82.27 3 0
subsnotifpro-go/internal/subscription/service/playstore_subscription_event.go:82.27,85.17 3 0
subsnotifpro-go/internal/subscription/service/playstore_subscription_event.go:85.17,90.4 1 0
subsnotifpro-go/internal/subscription/service/playstore_subscription_event.go:91.3,91.13 1 0
subsnotifpro-go/internal/subscription/service/playstore_subscription_event.go:94.2,94.27 1 0
subsnotifpro-go/internal/subscription/service/playstore_subscription_event.go:94.27,97.17 3 0
subsnotifpro-go/internal/subscription/service/playstore_subscription_event.go:97.17,102.4 1 0
subsnotifpro-go/internal/subscription/service/playstore_subscription_event.go:103.3,103.13 1 0
subsnotifpro-go/internal/subscription/service/playstore_subscription_event.go:106.2,106.27 1 0
subsnotifpro-go/internal/subscription/service/playstore_subscription_event.go:106.27,109.17 3 0
subsnotifpro-go/internal/subscription/service/playstore_subscription_event.go:109.17,114.4 1 0
subsnotifpro-go/internal/subscription/service/playstore_subscription_event.go:115.3,115.13 1 0
subsnotifpro-go/internal/subscription/service/playstore_subscription_event.go:118.2,118.40 1 0
subsnotifpro-go/internal/subscription/service/playstore_subscription_event.go:118.40,120.3 1 0
subsnotifpro-go/internal/subscription/service/playstore_subscription_event.go:122.2,136.39 6 0
subsnotifpro-go/internal/subscription/service/playstore_subscription_event.go:136.39,148.46 2 0
subsnotifpro-go/internal/subscription/service/playstore_subscription_event.go:148.46,152.4 1 0
subsnotifpro-go/internal/subscription/service/playstore_subscription_event.go:155.3,155.47 1 0
subsnotifpro-go/internal/subscription/service/playstore_subscription_event.go:155.47,156.30 1 0
subsnotifpro-go/internal/subscription/service/playstore_subscription_event.go:156.30,159.5 2 0
subsnotifpro-go/internal/subscription/service/playstore_subscription_event.go:164.3,164.46 1 0
subsnotifpro-go/internal/subscription/service/playstore_subscription_event.go:164.46,165.88 1 0
subsnotifpro-go/internal/subscription/service/playstore_subscription_event.go:165.88,168.5 2 0
subsnotifpro-go/internal/subscription/service/playstore_subscription_event.go:170.4,171.28 2 0
subsnotifpro-go/internal/subscription/service/playstore_subscription_event.go:171.28,173.5 1 0
subsnotifpro-go/internal/subscription/service/playstore_subscription_event.go:176.3,176.47 1 0
subsnotifpro-go/internal/subscription/service/playstore_subscription_event.go:179.2,184.39 2 0
subsnotifpro-go/internal/subscription/service/playstore_subscription_event.go:188.153,190.30 2 0
subsnotifpro-go/internal/subscription/service/playstore_subscription_event.go:190.30,192.3 1 0
subsnotifpro-go/internal/subscription/service/playstore_subscription_event.go:193.2,193.10 1 0
subsnotifpro-go/internal/subscription/service/playstore_subscription_event.go:196.146,198.30 2 0
subsnotifpro-go/internal/subscription/service/playstore_subscription_event.go:198.30,200.3 1 0
subsnotifpro-go/internal/subscription/service/playstore_subscription_event.go:201.2,201.10 1 0
subsnotifpro-go/internal/subscription/service/playstore_subscription_event.go:204.134,206.30 2 0
subsnotifpro-go/internal/subscription/service/playstore_subscription_event.go:206.30,208.3 1 0
subsnotifpro-go/internal/subscription/service/playstore_subscription_event.go:209.2,209.10 1 0
subsnotifpro-go/internal/subscription/service/service.go:54.30,63.2 1 0
subsnotifpro-go/internal/subscription/service/service.go:69.9,106.56 3 0
subsnotifpro-go/internal/subscription/service/service.go:106.56,112.3 2 0
subsnotifpro-go/internal/subscription/service/service.go:114.2,121.12 2 0
subsnotifpro-go/internal/subscription/service/service.go:128.9,132.16 2 0
subsnotifpro-go/internal/subscription/service/service.go:132.16,134.3 1 0
subsnotifpro-go/internal/subscription/service/service.go:136.2,136.22 1 0
subsnotifpro-go/internal/subscription/service/service.go:136.22,138.3 1 0
subsnotifpro-go/internal/subscription/service/service.go:141.2,141.29 1 0
subsnotifpro-go/internal/subscription/service/service.go:141.29,143.3 1 0
subsnotifpro-go/internal/subscription/service/service.go:145.2,148.35 2 0
subsnotifpro-go/internal/subscription/service/service.go:148.35,150.3 1 0
subsnotifpro-go/internal/subscription/service/service.go:153.2,173.54 4 0
subsnotifpro-go/internal/subscription/service/service.go:173.54,177.3 3 0
subsnotifpro-go/internal/subscription/service/service.go:178.2,181.39 2 0
subsnotifpro-go/internal/subscription/service/service.go:181.39,185.76 3 0
subsnotifpro-go/internal/subscription/service/service.go:185.76,187.4 1 0
subsnotifpro-go/internal/subscription/service/service.go:191.2,191.43 1 0
subsnotifpro-go/internal/subscription/service/service.go:191.43,194.3 2 0
subsnotifpro-go/internal/subscription/service/service.go:195.2,207.56 3 0
subsnotifpro-go/internal/subscription/service/service.go:207.56,213.3 2 0
subsnotifpro-go/internal/subscription/service/service.go:215.2,222.12 2 0
subsnotifpro-go/internal/subscription/service/service.go:228.9,253.71 3 0
subsnotifpro-go/internal/subscription/service/service.go:253.71,254.74 1 0
subsnotifpro-go/internal/subscription/service/service.go:254.74,256.4 1 0
subsnotifpro-go/internal/subscription/service/service.go:259.3,259.48 1 0
subsnotifpro-go/internal/subscription/service/service.go:266.9,268.2 1 0
subsnotifpro-go/internal/subscription/service/service.go:270.172,272.2 1 0
subsnotifpro-go/internal/subscription/service/service.go:278.51,281.16 2 0
subsnotifpro-go/internal/subscription/service/service.go:281.16,283.3 1 0
subsnotifpro-go/internal/subscription/service/service.go:286.2,289.18 3 0
subsnotifpro-go/internal/subscription/service/service.go:290.29,292.17 2 0
subsnotifpro-go/internal/subscription/service/service.go:292.17,294.4 1 0
subsnotifpro-go/internal/subscription/service/service.go:295.3,296.20 2 0
subsnotifpro-go/internal/subscription/service/service.go:298.28,300.17 2 0
subsnotifpro-go/internal/subscription/service/service.go:300.17,302.4 1 0
subsnotifpro-go/internal/subscription/service/service.go:303.3,304.24 2 0
subsnotifpro-go/internal/subscription/service/service.go:306.10,307.40 1 0
subsnotifpro-go/internal/subscription/service/service.go:310.2,310.27 1 0
